REGION,FUEL,YEAR,VALUE
REGION1,AGRDSL,2020,14.88
REGION1,COMBIO,2020,0.12
REGION1,COMKER,2020,10.57
REGION1,COMNGS,2020,84.05
REGION1,CRPALF,2020,1.379
REGION1,CRPBRL,2020,0.062
REGION1,CRPMAI,2020,0.364
REGION1,CRPOAT,2020,0.058
REGION1,CRPOTH,2020,0.272
REGION1,CRPPEA,2020,0.031
REGION1,CRPPTW,2020,0.00011
REGION1,CRPRAP,2020,0.056
REGION1,CRPRYE,2020,0.0017
REGION1,CRPWHE,2020,0.051
REGION1,INDBIO,2020,160.04
REGION1,INDDSL,2020,108.46
REGION1,INDNGS,2020,224.86
REGION1,LND4PWR,2020,3.689
REGION1,PUBWATBC1,2020,0.85
REGION1,RESBIO,2020,12.98
REGION1,RESKER,2020,0.84
REGION1,RESNGS,2020,81.96
REGION1,TRABIO,2020,23.33
REGION1,TRADSL,2020,98.81
REGION1,TRAGSL,2020,153.58
REGION1,TRAHFO,2020,10.69
REGION1,TRAJFL,2020,39.54
REGION1,TRALPG,2020,2.66
REGION1,TRANGS,2020,1.8
REGION1,AGRDSL,2021,15.618
REGION1,COMBIO,2021,0.17
REGION1,COMKER,2021,10.8
REGION1,COMNGS,2021,84.1
REGION1,CRPALF,2021,1.435
REGION1,CRPBRL,2021,0.059
REGION1,CRPMAI,2021,0.601
REGION1,CRPOAT,2021,0.067
REGION1,CRPOTH,2021,0.309
REGION1,CRPPEA,2021,0.031
REGION1,CRPPTW,2021,0.00011
REGION1,CRPRAP,2021,0.083
REGION1,CRPRYE,2021,0.0027
REGION1,CRPWHE,2021,0.078
REGION1,INDBIO,2021,160.69
REGION1,INDDSL,2021,108.13
REGION1,INDNGS,2021,219.32
REGION1,LND4PWR,2021,3.7296
REGION1,PUBWATBC1,2021,0.86
REGION1,RESBIO,2021,13.23
REGION1,RESKER,2021,0.85
REGION1,RESNGS,2021,83.29
REGION1,TRABIO,2021,23
REGION1,TRADSL,2021,97.58
REGION1,TRAGSL,2021,150.89
REGION1,TRAHFO,2021,10.45
REGION1,TRAJFL,2021,38.89
REGION1,TRALPG,2021,2.72
REGION1,TRANGS,2021,2.04
REGION1,AGRDSL,2022,16.267
REGION1,COMBIO,2022,0.22
REGION1,COMKER,2022,11
REGION1,COMNGS,2022,84.04
REGION1,CRPALF,2022,1.436
REGION1,CRPBRL,2022,0.064
REGION1,CRPMAI,2022,0.59
REGION1,CRPOAT,2022,0.068
REGION1,CRPOTH,2022,0.312
REGION1,CRPPEA,2022,0.033
REGION1,CRPPTW,2022,0.00011
REGION1,CRPRAP,2022,0.084
REGION1,CRPRYE,2022,0.0025
REGION1,CRPWHE,2022,0.079
REGION1,INDBIO,2022,161.12
REGION1,INDDSL,2022,107.38
REGION1,INDNGS,2022,213.92
REGION1,LND4PWR,2022,3.7706
REGION1,PUBWATBC1,2022,0.86
REGION1,RESBIO,2022,13.45
REGION1,RESKER,2022,0.86
REGION1,RESNGS,2022,84.55
REGION1,TRABIO,2022,22.67
REGION1,TRADSL,2022,96.06
REGION1,TRAGSL,2022,148.2
REGION1,TRAHFO,2022,10.2
REGION1,TRAJFL,2022,38.61
REGION1,TRALPG,2022,2.79
REGION1,TRANGS,2022,2.6
REGION1,AGRDSL,2023,16.652
REGION1,COMBIO,2023,0.26
REGION1,COMKER,2023,11.17
REGION1,COMNGS,2023,84.11
REGION1,CRPALF,2023,1.438
REGION1,CRPBRL,2023,0.07
REGION1,CRPMAI,2023,0.604
REGION1,CRPOAT,2023,0.069
REGION1,CRPOTH,2023,0.315
REGION1,CRPPEA,2023,0.034
REGION1,CRPPTW,2023,0.00012
REGION1,CRPRAP,2023,0.086
REGION1,CRPRYE,2023,0.0025
REGION1,CRPWHE,2023,0.08
REGION1,INDBIO,2023,161.83
REGION1,INDDSL,2023,106.95
REGION1,INDNGS,2023,211.63
REGION1,LND4PWR,2023,3.8121
REGION1,PUBWATBC1,2023,0.87
REGION1,RESBIO,2023,13.72
REGION1,RESKER,2023,0.87
REGION1,RESNGS,2023,86.07
REGION1,TRABIO,2023,22.33
REGION1,TRADSL,2023,94.79
REGION1,TRAGSL,2023,145.36
REGION1,TRAHFO,2023,9.96
REGION1,TRAJFL,2023,38.53
REGION1,TRALPG,2023,2.86
REGION1,TRANGS,2023,2.86
REGION1,AGRDSL,2024,17.594
REGION1,COMBIO,2024,0.31
REGION1,COMKER,2024,11.33
REGION1,COMNGS,2024,84.63
REGION1,CRPALF,2024,1.44
REGION1,CRPBRL,2024,0.068
REGION1,CRPMAI,2024,0.613
REGION1,CRPOAT,2024,0.07
REGION1,CRPOTH,2024,0.32
REGION1,CRPPEA,2024,0.036
REGION1,CRPPTW,2024,0.00012
REGION1,CRPRAP,2024,0.088
REGION1,CRPRYE,2024,0.0024
REGION1,CRPWHE,2024,0.08
REGION1,INDBIO,2024,162.64
REGION1,INDDSL,2024,107.33
REGION1,INDNGS,2024,221.34
REGION1,LND4PWR,2024,3.854
REGION1,PUBWATBC1,2024,0.88
REGION1,RESBIO,2024,14
REGION1,RESKER,2024,0.87
REGION1,RESNGS,2024,87.65
REGION1,TRABIO,2024,22.04
REGION1,TRADSL,2024,93.85
REGION1,TRAGSL,2024,142.73
REGION1,TRAHFO,2024,9.75
REGION1,TRAJFL,2024,38.73
REGION1,TRALPG,2024,2.91
REGION1,TRANGS,2024,3.17
REGION1,AGRDSL,2025,18.141
REGION1,COMBIO,2025,0.35
REGION1,COMKER,2025,11.48
REGION1,COMNGS,2025,85.66
REGION1,CRPALF,2025,1.441
REGION1,CRPBRL,2025,0.07
REGION1,CRPMAI,2025,0.613
REGION1,CRPOAT,2025,0.072
REGION1,CRPOTH,2025,0.32
REGION1,CRPPEA,2025,0.037
REGION1,CRPPTW,2025,0.00013
REGION1,CRPRAP,2025,0.089
REGION1,CRPRYE,2025,0.0024
REGION1,CRPWHE,2025,0.081
REGION1,INDBIO,2025,162.14
REGION1,INDDSL,2025,108.15
REGION1,INDNGS,2025,242.83
REGION1,LND4PWR,2025,3.8964
REGION1,PUBWATBC1,2025,0.89
REGION1,RESBIO,2025,14.26
REGION1,RESKER,2025,0.87
REGION1,RESNGS,2025,89.07
REGION1,TRABIO,2025,21.82
REGION1,TRADSL,2025,93.41
REGION1,TRAGSL,2025,140.26
REGION1,TRAHFO,2025,9.59
REGION1,TRAJFL,2025,39.17
REGION1,TRALPG,2025,2.96
REGION1,TRANGS,2025,3.55
REGION1,AGRDSL,2026,18.766
REGION1,COMBIO,2026,0.4
REGION1,COMKER,2026,11.65
REGION1,COMNGS,2026,87.17
REGION1,CRPALF,2026,1.443
REGION1,CRPBRL,2026,0.073
REGION1,CRPMAI,2026,0.625
REGION1,CRPOAT,2026,0.073
REGION1,CRPOTH,2026,0.324
REGION1,CRPPEA,2026,0.038
REGION1,CRPPTW,2026,0.00013
REGION1,CRPRAP,2026,0.091
REGION1,CRPRYE,2026,0.0024
REGION1,CRPWHE,2026,0.082
REGION1,INDBIO,2026,161.92
REGION1,INDDSL,2026,109.45
REGION1,INDNGS,2026,275.13
REGION1,LND4PWR,2026,3.9393
REGION1,PUBWATBC1,2026,0.9
REGION1,RESBIO,2026,14.51
REGION1,RESKER,2026,0.88
REGION1,RESNGS,2026,90.33
REGION1,TRABIO,2026,21.65
REGION1,TRADSL,2026,93.19
REGION1,TRAGSL,2026,138.06
REGION1,TRAHFO,2026,9.45
REGION1,TRAJFL,2026,39.68
REGION1,TRALPG,2026,3.02
REGION1,TRANGS,2026,3.97
REGION1,AGRDSL,2027,19.43
REGION1,COMBIO,2027,0.45
REGION1,COMKER,2027,11.83
REGION1,COMNGS,2027,88.55
REGION1,CRPALF,2027,1.445
REGION1,CRPBRL,2027,0.076
REGION1,CRPMAI,2027,0.626
REGION1,CRPOAT,2027,0.074
REGION1,CRPOTH,2027,0.329
REGION1,CRPPEA,2027,0.04
REGION1,CRPPTW,2027,0.00013
REGION1,CRPRAP,2027,0.093
REGION1,CRPRYE,2027,0.0024
REGION1,CRPWHE,2027,0.083
REGION1,INDBIO,2027,161.82
REGION1,INDDSL,2027,110.63
REGION1,INDNGS,2027,283.17
REGION1,LND4PWR,2027,3.9826
REGION1,PUBWATBC1,2027,0.91
REGION1,RESBIO,2027,14.72
REGION1,RESKER,2027,0.88
REGION1,RESNGS,2027,91.4
REGION1,TRABIO,2027,21.51
REGION1,TRADSL,2027,93.07
REGION1,TRAGSL,2027,135.99
REGION1,TRAHFO,2027,9.33
REGION1,TRAJFL,2027,40.21
REGION1,TRALPG,2027,3.07
REGION1,TRANGS,2027,4.43
REGION1,AGRDSL,2028,20.135
REGION1,COMBIO,2028,0.49
REGION1,COMKER,2028,12.03
REGION1,COMNGS,2028,89.37
REGION1,CRPALF,2028,1.447
REGION1,CRPBRL,2028,0.078
REGION1,CRPMAI,2028,0.645
REGION1,CRPOAT,2028,0.075
REGION1,CRPOTH,2028,0.336
REGION1,CRPPEA,2028,0.041
REGION1,CRPPTW,2028,0.00013
REGION1,CRPRAP,2028,0.094
REGION1,CRPRYE,2028,0.0024
REGION1,CRPWHE,2028,0.084
REGION1,INDBIO,2028,161.68
REGION1,INDDSL,2028,111.27
REGION1,INDNGS,2028,284.61
REGION1,LND4PWR,2028,4.0264
REGION1,PUBWATBC1,2028,0.92
REGION1,RESBIO,2028,14.94
REGION1,RESKER,2028,0.88
REGION1,RESNGS,2028,92.48
REGION1,TRABIO,2028,21.34
REGION1,TRADSL,2028,92.45
REGION1,TRAGSL,2028,133.81
REGION1,TRAHFO,2028,9.2
REGION1,TRAJFL,2028,40.63
REGION1,TRALPG,2028,3.13
REGION1,TRANGS,2028,5.16
REGION1,AGRDSL,2029,20.724
REGION1,COMBIO,2029,0.54
REGION1,COMKER,2029,12.23
REGION1,COMNGS,2029,90.42
REGION1,CRPALF,2029,1.448
REGION1,CRPBRL,2029,0.079
REGION1,CRPMAI,2029,0.657
REGION1,CRPOAT,2029,0.077
REGION1,CRPOTH,2029,0.339
REGION1,CRPPEA,2029,0.043
REGION1,CRPPTW,2029,0.00013
REGION1,CRPRAP,2029,0.096
REGION1,CRPRYE,2029,0.0024
REGION1,CRPWHE,2029,0.085
REGION1,INDBIO,2029,161.08
REGION1,INDDSL,2029,111.29
REGION1,INDNGS,2029,286.56
REGION1,LND4PWR,2029,4.0707
REGION1,PUBWATBC1,2029,0.93
REGION1,RESBIO,2029,15.14
REGION1,RESKER,2029,0.88
REGION1,RESNGS,2029,93.38
REGION1,TRABIO,2029,21.14
REGION1,TRADSL,2029,91.89
REGION1,TRAGSL,2029,131.41
REGION1,TRAHFO,2029,9.06
REGION1,TRAJFL,2029,40.96
REGION1,TRALPG,2029,3.17
REGION1,TRANGS,2029,5.58
REGION1,AGRDSL,2030,21.4
REGION1,COMBIO,2030,0.58
REGION1,COMKER,2030,12.41
REGION1,COMNGS,2030,91.68
REGION1,CRPALF,2030,1.45
REGION1,CRPBRL,2030,0.082
REGION1,CRPMAI,2030,0.66
REGION1,CRPOAT,2030,0.078
REGION1,CRPOTH,2030,0.347
REGION1,CRPPEA,2030,0.044
REGION1,CRPPTW,2030,0.00014
REGION1,CRPRAP,2030,0.098
REGION1,CRPRYE,2030,0.0024
REGION1,CRPWHE,2030,0.086
REGION1,INDBIO,2030,160.31
REGION1,INDDSL,2030,111.38
REGION1,INDNGS,2030,304.7
REGION1,LND4PWR,2030,4.1155
REGION1,PUBWATBC1,2030,0.94
REGION1,RESBIO,2030,15.29
REGION1,RESKER,2030,0.88
REGION1,RESNGS,2030,94.07
REGION1,TRABIO,2030,20.95
REGION1,TRADSL,2030,91.47
REGION1,TRAGSL,2030,129
REGION1,TRAHFO,2030,8.93
REGION1,TRAJFL,2030,41.33
REGION1,TRALPG,2030,3.2
REGION1,TRANGS,2030,6.04
REGION1,AGRDSL,2031,22.06
REGION1,COMBIO,2031,0.63
REGION1,COMKER,2031,12.57
REGION1,COMNGS,2031,93.23
REGION1,CRPALF,2031,1.452
REGION1,CRPBRL,2031,0.084
REGION1,CRPMAI,2031,0.674
REGION1,CRPOAT,2031,0.079
REGION1,CRPOTH,2031,0.353
REGION1,CRPPEA,2031,0.045
REGION1,CRPPTW,2031,0.00014
REGION1,CRPRAP,2031,0.099
REGION1,CRPRYE,2031,0.0023
REGION1,CRPWHE,2031,0.087
REGION1,INDBIO,2031,159.32
REGION1,INDDSL,2031,111.65
REGION1,INDNGS,2031,330.46
REGION1,LND4PWR,2031,4.1607
REGION1,PUBWATBC1,2031,0.95
REGION1,RESBIO,2031,15.44
REGION1,RESKER,2031,0.88
REGION1,RESNGS,2031,94.8
REGION1,TRABIO,2031,20.75
REGION1,TRADSL,2031,91
REGION1,TRAGSL,2031,126.44
REGION1,TRAHFO,2031,8.81
REGION1,TRAJFL,2031,41.69
REGION1,TRALPG,2031,3.21
REGION1,TRANGS,2031,6.51
REGION1,AGRDSL,2032,22.707
REGION1,COMBIO,2032,0.67
REGION1,COMKER,2032,12.73
REGION1,COMNGS,2032,94.27
REGION1,CRPALF,2032,1.453
REGION1,CRPBRL,2032,0.086
REGION1,CRPMAI,2032,0.672
REGION1,CRPOAT,2032,0.081
REGION1,CRPOTH,2032,0.353
REGION1,CRPPEA,2032,0.047
REGION1,CRPPTW,2032,0.00014
REGION1,CRPRAP,2032,0.101
REGION1,CRPRYE,2032,0.0023
REGION1,CRPWHE,2032,0.088
REGION1,INDBIO,2032,158.18
REGION1,INDDSL,2032,112.12
REGION1,INDNGS,2032,346.53
REGION1,LND4PWR,2032,4.2065
REGION1,PUBWATBC1,2032,0.96
REGION1,RESBIO,2032,15.59
REGION1,RESKER,2032,0.88
REGION1,RESNGS,2032,95.51
REGION1,TRABIO,2032,20.57
REGION1,TRADSL,2032,90.19
REGION1,TRAGSL,2032,123.86
REGION1,TRAHFO,2032,8.72
REGION1,TRAJFL,2032,42.11
REGION1,TRALPG,2032,3.2
REGION1,TRANGS,2032,7.6
REGION1,AGRDSL,2033,23.349
REGION1,COMBIO,2033,0.71
REGION1,COMKER,2033,12.87
REGION1,COMNGS,2033,94.98
REGION1,CRPALF,2033,1.455
REGION1,CRPBRL,2033,0.088
REGION1,CRPMAI,2033,0.681
REGION1,CRPOAT,2033,0.082
REGION1,CRPOTH,2033,0.358
REGION1,CRPPEA,2033,0.048
REGION1,CRPPTW,2033,0.00015
REGION1,CRPRAP,2033,0.103
REGION1,CRPRYE,2033,0.0023
REGION1,CRPWHE,2033,0.089
REGION1,INDBIO,2033,156.9
REGION1,INDDSL,2033,112.25
REGION1,INDNGS,2033,345.33
REGION1,LND4PWR,2033,4.2528
REGION1,PUBWATBC1,2033,0.98
REGION1,RESBIO,2033,15.7
REGION1,RESKER,2033,0.88
REGION1,RESNGS,2033,96.01
REGION1,TRABIO,2033,20.34
REGION1,TRADSL,2033,89.62
REGION1,TRAGSL,2033,120.91
REGION1,TRAHFO,2033,8.6
REGION1,TRAJFL,2033,42.41
REGION1,TRALPG,2033,3.16
REGION1,TRANGS,2033,8.08
REGION1,AGRDSL,2034,24.015
REGION1,COMBIO,2034,0.75
REGION1,COMKER,2034,13.02
REGION1,COMNGS,2034,95.63
REGION1,CRPALF,2034,1.457
REGION1,CRPBRL,2034,0.09
REGION1,CRPMAI,2034,0.683
REGION1,CRPOAT,2034,0.083
REGION1,CRPOTH,2034,0.363
REGION1,CRPPEA,2034,0.05
REGION1,CRPPTW,2034,0.00015
REGION1,CRPRAP,2034,0.104
REGION1,CRPRYE,2034,0.0023
REGION1,CRPWHE,2034,0.089
REGION1,INDBIO,2034,155.39
REGION1,INDDSL,2034,112.31
REGION1,INDNGS,2034,344.45
REGION1,LND4PWR,2034,4.2996
REGION1,PUBWATBC1,2034,0.99
REGION1,RESBIO,2034,15.82
REGION1,RESKER,2034,0.88
REGION1,RESNGS,2034,96.57
REGION1,TRABIO,2034,20.08
REGION1,TRADSL,2034,88.96
REGION1,TRAGSL,2034,117.76
REGION1,TRAHFO,2034,8.49
REGION1,TRAJFL,2034,42.69
REGION1,TRALPG,2034,3.11
REGION1,TRANGS,2034,8.57
REGION1,AGRDSL,2035,24.662
REGION1,COMBIO,2035,0.79
REGION1,COMKER,2035,13.16
REGION1,COMNGS,2035,96.34
REGION1,CRPALF,2035,1.459
REGION1,CRPBRL,2035,0.092
REGION1,CRPMAI,2035,0.691
REGION1,CRPOAT,2035,0.084
REGION1,CRPOTH,2035,0.368
REGION1,CRPPEA,2035,0.051
REGION1,CRPPTW,2035,0.00015
REGION1,CRPRAP,2035,0.106
REGION1,CRPRYE,2035,0.0023
REGION1,CRPWHE,2035,0.09
REGION1,INDBIO,2035,154.1
REGION1,INDDSL,2035,112.44
REGION1,INDNGS,2035,344.61
REGION1,LND4PWR,2035,4.3469
REGION1,PUBWATBC1,2035,1
REGION1,RESBIO,2035,15.91
REGION1,RESKER,2035,0.88
REGION1,RESNGS,2035,96.96
REGION1,TRABIO,2035,19.81
REGION1,TRADSL,2035,88.29
REGION1,TRAGSL,2035,114.46
REGION1,TRAHFO,2035,8.38
REGION1,TRAJFL,2035,42.96
REGION1,TRALPG,2035,3.03
REGION1,TRANGS,2035,9.08
REGION1,AGRDSL,2036,25.313
REGION1,COMBIO,2036,0.83
REGION1,COMKER,2036,13.29
REGION1,COMNGS,2036,96.95
REGION1,CRPALF,2036,1.46
REGION1,CRPBRL,2036,0.094
REGION1,CRPMAI,2036,0.708
REGION1,CRPOAT,2036,0.086
REGION1,CRPOTH,2036,0.374
REGION1,CRPPEA,2036,0.052
REGION1,CRPPTW,2036,0.00015
REGION1,CRPRAP,2036,0.108
REGION1,CRPRYE,2036,0.0023
REGION1,CRPWHE,2036,0.091
REGION1,INDBIO,2036,152.78
REGION1,INDDSL,2036,112.66
REGION1,INDNGS,2036,344.59
REGION1,LND4PWR,2036,4.3947
REGION1,PUBWATBC1,2036,1.01
REGION1,RESBIO,2036,15.96
REGION1,RESKER,2036,0.88
REGION1,RESNGS,2036,97.2
REGION1,TRABIO,2036,19.53
REGION1,TRADSL,2036,87.06
REGION1,TRAGSL,2036,111.02
REGION1,TRAHFO,2036,8.29
REGION1,TRAJFL,2036,43.23
REGION1,TRALPG,2036,2.93
REGION1,TRANGS,2036,10.15
REGION1,AGRDSL,2037,25.966
REGION1,COMBIO,2037,0.86
REGION1,COMKER,2037,13.4
REGION1,COMNGS,2037,97.44
REGION1,CRPALF,2037,1.462
REGION1,CRPBRL,2037,0.096
REGION1,CRPMAI,2037,0.721
REGION1,CRPOAT,2037,0.087
REGION1,CRPOTH,2037,0.379
REGION1,CRPPEA,2037,0.054
REGION1,CRPPTW,2037,0.00016
REGION1,CRPRAP,2037,0.109
REGION1,CRPRYE,2037,0.0023
REGION1,CRPWHE,2037,0.092
REGION1,INDBIO,2037,151.47
REGION1,INDDSL,2037,113.02
REGION1,INDNGS,2037,344.24
REGION1,LND4PWR,2037,4.443
REGION1,PUBWATBC1,2037,1.02
REGION1,RESBIO,2037,15.99
REGION1,RESKER,2037,0.87
REGION1,RESNGS,2037,97.34
REGION1,TRABIO,2037,19.25
REGION1,TRADSL,2037,86.44
REGION1,TRAGSL,2037,107.49
REGION1,TRAHFO,2037,8.2
REGION1,TRAJFL,2037,43.52
REGION1,TRALPG,2037,2.81
REGION1,TRANGS,2037,10.73
REGION1,AGRDSL,2038,26.621
REGION1,COMBIO,2038,0.9
REGION1,COMKER,2038,13.51
REGION1,COMNGS,2038,97.93
REGION1,CRPALF,2038,1.464
REGION1,CRPBRL,2038,0.098
REGION1,CRPMAI,2038,0.729
REGION1,CRPOAT,2038,0.088
REGION1,CRPOTH,2038,0.383
REGION1,CRPPEA,2038,0.055
REGION1,CRPPTW,2038,0.00016
REGION1,CRPRAP,2038,0.111
REGION1,CRPRYE,2038,0.0023
REGION1,CRPWHE,2038,0.093
REGION1,INDBIO,2038,150.21
REGION1,INDDSL,2038,113.53
REGION1,INDNGS,2038,344.23
REGION1,LND4PWR,2038,4.4919
REGION1,PUBWATBC1,2038,1.03
REGION1,RESBIO,2038,16
REGION1,RESKER,2038,0.87
REGION1,RESNGS,2038,97.35
REGION1,TRABIO,2038,18.97
REGION1,TRADSL,2038,85.86
REGION1,TRAGSL,2038,103.88
REGION1,TRAHFO,2038,8.12
REGION1,TRAJFL,2038,43.82
REGION1,TRALPG,2038,2.68
REGION1,TRANGS,2038,11.35
REGION1,AGRDSL,2039,27.27
REGION1,COMBIO,2039,0.93
REGION1,COMKER,2039,13.6
REGION1,COMNGS,2039,98.42
REGION1,CRPALF,2039,1.465
REGION1,CRPBRL,2039,0.101
REGION1,CRPMAI,2039,0.73
REGION1,CRPOAT,2039,0.09
REGION1,CRPOTH,2039,0.388
REGION1,CRPPEA,2039,0.057
REGION1,CRPPTW,2039,0.00016
REGION1,CRPRAP,2039,0.112
REGION1,CRPRYE,2039,0.0022
REGION1,CRPWHE,2039,0.094
REGION1,INDBIO,2039,149.02
REGION1,INDDSL,2039,114.19
REGION1,INDNGS,2039,344.49
REGION1,LND4PWR,2039,4.5413
REGION1,PUBWATBC1,2039,1.04
REGION1,RESBIO,2039,15.98
REGION1,RESKER,2039,0.87
REGION1,RESNGS,2039,97.29
REGION1,TRABIO,2039,18.7
REGION1,TRADSL,2039,85.32
REGION1,TRAGSL,2039,100.22
REGION1,TRAHFO,2039,8.06
REGION1,TRAJFL,2039,44.15
REGION1,TRALPG,2039,2.52
REGION1,TRANGS,2039,12.04
REGION1,AGRDSL,2040,27.924
REGION1,COMBIO,2040,0.97
REGION1,COMKER,2040,13.7
REGION1,COMNGS,2040,98.92
REGION1,CRPALF,2040,1.467
REGION1,CRPBRL,2040,0.103
REGION1,CRPMAI,2040,0.734
REGION1,CRPOAT,2040,0.091
REGION1,CRPOTH,2040,0.392
REGION1,CRPPEA,2040,0.058
REGION1,CRPPTW,2040,0.00017
REGION1,CRPRAP,2040,0.114
REGION1,CRPRYE,2040,0.0022
REGION1,CRPWHE,2040,0.095
REGION1,INDBIO,2040,147.87
REGION1,INDDSL,2040,114.97
REGION1,INDNGS,2040,344.82
REGION1,LND4PWR,2040,4.5913
REGION1,PUBWATBC1,2040,1.05
REGION1,RESBIO,2040,15.96
REGION1,RESKER,2040,0.86
REGION1,RESNGS,2040,97.17
REGION1,TRABIO,2040,18.44
REGION1,TRADSL,2040,84.86
REGION1,TRAGSL,2040,96.6
REGION1,TRAHFO,2040,8.01
REGION1,TRAJFL,2040,44.49
REGION1,TRALPG,2040,2.35
REGION1,TRANGS,2040,12.79
REGION1,AGRDSL,2041,28.576
REGION1,COMBIO,2041,0.915
REGION1,COMKER,2041,14.196
REGION1,COMNGS,2041,102.236
REGION1,CRPALF,2041,1.469
REGION1,CRPBRL,2041,0.105
REGION1,CRPMAI,2041,0.744
REGION1,CRPOAT,2041,0.092
REGION1,CRPOTH,2041,0.397
REGION1,CRPPEA,2041,0.059
REGION1,CRPPTW,2041,0.00017
REGION1,CRPRAP,2041,0.116
REGION1,CRPRYE,2041,0.0022
REGION1,CRPWHE,2041,0.096
REGION1,INDBIO,2041,147.372
REGION1,INDDSL,2041,114.606
REGION1,INDNGS,2041,368.255
REGION1,LND4PWR,2041,4.6418
REGION1,PUBWATBC1,2041,1.06
REGION1,RESBIO,2041,15.906
REGION1,RESNGS,2041,99.505
REGION1,TRABIO,2041,18.334
REGION1,TRADSL,2041,84.184
REGION1,TRAGSL,2041,95.561
REGION1,TRAHFO,2041,7.799
REGION1,TRAJFL,2041,44.896
REGION1,TRALPG,2041,2.603
REGION1,TRANGS,2041,13.207
REGION1,AGRDSL,2042,29.228
REGION1,COMBIO,2042,0.947
REGION1,COMKER,2042,14.384
REGION1,COMNGS,2042,103.262
REGION1,CRPALF,2042,1.471
REGION1,CRPBRL,2042,0.107
REGION1,CRPMAI,2042,0.753
REGION1,CRPOAT,2042,0.093
REGION1,CRPOTH,2042,0.401
REGION1,CRPPEA,2042,0.061
REGION1,CRPPTW,2042,0.00017
REGION1,CRPRAP,2042,0.117
REGION1,CRPRYE,2042,0.0022
REGION1,CRPWHE,2042,0.097
REGION1,INDBIO,2042,146.277
REGION1,INDDSL,2042,114.905
REGION1,INDNGS,2042,373.721
REGION1,LND4PWR,2042,4.6928
REGION1,PUBWATBC1,2042,1.08
REGION1,RESBIO,2042,15.99
REGION1,RESNGS,2042,100.195
REGION1,TRABIO,2042,18.101
REGION1,TRADSL,2042,83.544
REGION1,TRAGSL,2042,92.581
REGION1,TRAHFO,2042,7.694
REGION1,TRAJFL,2042,45.226
REGION1,TRALPG,2042,2.557
REGION1,TRANGS,2042,13.84
REGION1,AGRDSL,2043,29.88
REGION1,COMBIO,2043,0.978
REGION1,COMKER,2043,14.573
REGION1,COMNGS,2043,104.288
REGION1,CRPALF,2043,1.472
REGION1,CRPBRL,2043,0.109
REGION1,CRPMAI,2043,0.762
REGION1,CRPOAT,2043,0.095
REGION1,CRPOTH,2043,0.407
REGION1,CRPPEA,2043,0.062
REGION1,CRPPTW,2043,0.00017
REGION1,CRPRAP,2043,0.119
REGION1,CRPRYE,2043,0.0022
REGION1,CRPWHE,2043,0.097
REGION1,INDBIO,2043,145.181
REGION1,INDDSL,2043,115.205
REGION1,INDNGS,2043,379.187
REGION1,LND4PWR,2043,4.7444
REGION1,PUBWATBC1,2043,1.09
REGION1,RESBIO,2043,16.075
REGION1,RESNGS,2043,100.884
REGION1,TRABIO,2043,17.867
REGION1,TRADSL,2043,82.903
REGION1,TRAGSL,2043,89.602
REGION1,TRAHFO,2043,7.588
REGION1,TRAJFL,2043,45.556
REGION1,TRALPG,2043,2.511
REGION1,TRANGS,2043,14.474
REGION1,AGRDSL,2044,30.533
REGION1,COMBIO,2044,1.009
REGION1,COMKER,2044,14.761
REGION1,COMNGS,2044,105.313
REGION1,CRPALF,2044,1.474
REGION1,CRPBRL,2044,0.111
REGION1,CRPMAI,2044,0.77
REGION1,CRPOAT,2044,0.096
REGION1,CRPOTH,2044,0.411
REGION1,CRPPEA,2044,0.064
REGION1,CRPPTW,2044,0.00018
REGION1,CRPRAP,2044,0.121
REGION1,CRPRYE,2044,0.0022
REGION1,CRPWHE,2044,0.098
REGION1,INDBIO,2044,144.085
REGION1,INDDSL,2044,115.504
REGION1,INDNGS,2044,384.653
REGION1,LND4PWR,2044,4.7966
REGION1,PUBWATBC1,2044,1.1
REGION1,RESBIO,2044,16.16
REGION1,RESNGS,2044,101.574
REGION1,TRABIO,2044,17.634
REGION1,TRADSL,2044,82.262
REGION1,TRAGSL,2044,86.623
REGION1,TRAHFO,2044,7.482
REGION1,TRAJFL,2044,45.886
REGION1,TRALPG,2044,2.464
REGION1,TRANGS,2044,15.108
REGION1,AGRDSL,2045,31.185
REGION1,COMBIO,2045,1.041
REGION1,COMKER,2045,14.949
REGION1,COMNGS,2045,106.339
REGION1,CRPALF,2045,1.476
REGION1,CRPBRL,2045,0.113
REGION1,CRPMAI,2045,0.778
REGION1,CRPOAT,2045,0.097
REGION1,CRPOTH,2045,0.416
REGION1,CRPPEA,2045,0.065
REGION1,CRPPTW,2045,0.00018
REGION1,CRPRAP,2045,0.122
REGION1,CRPRYE,2045,0.0022
REGION1,CRPWHE,2045,0.099
REGION1,INDBIO,2045,142.99
REGION1,INDDSL,2045,115.803
REGION1,INDNGS,2045,390.119
REGION1,LND4PWR,2045,4.8494
REGION1,PUBWATBC1,2045,1.11
REGION1,RESBIO,2045,16.244
REGION1,RESNGS,2045,102.263
REGION1,TRABIO,2045,17.4
REGION1,TRADSL,2045,81.621
REGION1,TRAGSL,2045,83.644
REGION1,TRAHFO,2045,7.377
REGION1,TRAJFL,2045,46.215
REGION1,TRALPG,2045,2.418
REGION1,TRANGS,2045,15.741
REGION1,AGRDSL,2046,31.837
REGION1,COMBIO,2046,1.072
REGION1,COMKER,2046,15.137
REGION1,COMNGS,2046,107.364
REGION1,CRPALF,2046,1.477
REGION1,CRPBRL,2046,0.115
REGION1,CRPMAI,2046,0.786
REGION1,CRPOAT,2046,0.098
REGION1,CRPOTH,2046,0.421
REGION1,CRPPEA,2046,0.066
REGION1,CRPPTW,2046,0.00018
REGION1,CRPRAP,2046,0.124
REGION1,CRPRYE,2046,0.0021
REGION1,CRPWHE,2046,0.1
REGION1,INDBIO,2046,141.894
REGION1,INDDSL,2046,116.103
REGION1,INDNGS,2046,395.585
REGION1,LND4PWR,2046,4.9027
REGION1,PUBWATBC1,2046,1.12
REGION1,RESBIO,2046,16.329
REGION1,RESNGS,2046,102.952
REGION1,TRABIO,2046,17.167
REGION1,TRADSL,2046,80.98
REGION1,TRAGSL,2046,80.665
REGION1,TRAHFO,2046,7.271
REGION1,TRAJFL,2046,46.545
REGION1,TRALPG,2046,2.372
REGION1,TRANGS,2046,16.375
REGION1,AGRDSL,2047,32.49
REGION1,COMBIO,2047,1.104
REGION1,COMKER,2047,15.325
REGION1,COMNGS,2047,108.39
REGION1,CRPALF,2047,1.479
REGION1,CRPBRL,2047,0.117
REGION1,CRPMAI,2047,0.794
REGION1,CRPOAT,2047,0.1
REGION1,CRPOTH,2047,0.425
REGION1,CRPPEA,2047,0.068
REGION1,CRPPTW,2047,0.00019
REGION1,CRPRAP,2047,0.126
REGION1,CRPRYE,2047,0.0021
REGION1,CRPWHE,2047,0.101
REGION1,INDBIO,2047,140.799
REGION1,INDDSL,2047,116.402
REGION1,INDNGS,2047,401.051
REGION1,LND4PWR,2047,4.9567
REGION1,PUBWATBC1,2047,1.14
REGION1,RESBIO,2047,16.413
REGION1,RESNGS,2047,103.642
REGION1,TRABIO,2047,16.934
REGION1,TRADSL,2047,80.339
REGION1,TRAGSL,2047,77.686
REGION1,TRAHFO,2047,7.166
REGION1,TRAJFL,2047,46.875
REGION1,TRALPG,2047,2.326
REGION1,TRANGS,2047,17.008
REGION1,AGRDSL,2048,33.142
REGION1,COMBIO,2048,1.135
REGION1,COMKER,2048,15.513
REGION1,COMNGS,2048,109.415
REGION1,CRPALF,2048,1.481
REGION1,CRPBRL,2048,0.119
REGION1,CRPMAI,2048,0.802
REGION1,CRPOAT,2048,0.101
REGION1,CRPOTH,2048,0.43
REGION1,CRPPEA,2048,0.069
REGION1,CRPPTW,2048,0.00019
REGION1,CRPRAP,2048,0.127
REGION1,CRPRYE,2048,0.0021
REGION1,CRPWHE,2048,0.102
REGION1,INDBIO,2048,139.703
REGION1,INDDSL,2048,116.702
REGION1,INDNGS,2048,406.517
REGION1,LND4PWR,2048,5.0112
REGION1,PUBWATBC1,2048,1.15
REGION1,RESBIO,2048,16.498
REGION1,RESNGS,2048,104.331
REGION1,TRABIO,2048,16.7
REGION1,TRADSL,2048,79.698
REGION1,TRAGSL,2048,74.706
REGION1,TRAHFO,2048,7.06
REGION1,TRAJFL,2048,47.204
REGION1,TRALPG,2048,2.279
REGION1,TRANGS,2048,17.642
REGION1,AGRDSL,2049,33.794
REGION1,COMBIO,2049,1.167
REGION1,COMKER,2049,15.701
REGION1,COMNGS,2049,110.441
REGION1,CRPALF,2049,1.483
REGION1,CRPBRL,2049,0.121
REGION1,CRPMAI,2049,0.809
REGION1,CRPOAT,2049,0.102
REGION1,CRPOTH,2049,0.435
REGION1,CRPPEA,2049,0.071
REGION1,CRPPTW,2049,0.00019
REGION1,CRPRAP,2049,0.129
REGION1,CRPRYE,2049,0.0021
REGION1,CRPWHE,2049,0.103
REGION1,INDBIO,2049,138.608
REGION1,INDDSL,2049,117.001
REGION1,INDNGS,2049,411.983
REGION1,LND4PWR,2049,5.0663
REGION1,PUBWATBC1,2049,1.16
REGION1,RESBIO,2049,16.583
REGION1,RESNGS,2049,105.021
REGION1,TRABIO,2049,16.467
REGION1,TRADSL,2049,79.058
REGION1,TRAGSL,2049,71.727
REGION1,TRAHFO,2049,6.955
REGION1,TRAJFL,2049,47.534
REGION1,TRALPG,2049,2.233
REGION1,TRANGS,2049,18.275
REGION1,AGRDSL,2050,34.447
REGION1,COMBIO,2050,1.198
REGION1,COMKER,2050,15.89
REGION1,COMNGS,2050,111.467
REGION1,CRPALF,2050,1.484
REGION1,CRPBRL,2050,0.124
REGION1,CRPMAI,2050,0.817
REGION1,CRPOAT,2050,0.104
REGION1,CRPOTH,2050,0.44
REGION1,CRPPEA,2050,0.072
REGION1,CRPPTW,2050,0.0002
REGION1,CRPRAP,2050,0.131
REGION1,CRPRYE,2050,0.0021
REGION1,CRPWHE,2050,0.104
REGION1,INDBIO,2050,137.512
REGION1,INDDSL,2050,117.3
REGION1,INDNGS,2050,417.449
REGION1,LND4PWR,2050,5.122
REGION1,PUBWATBC1,2050,1.17
REGION1,RESBIO,2050,16.667
REGION1,RESNGS,2050,105.71
REGION1,TRABIO,2050,16.233
REGION1,TRADSL,2050,78.417
REGION1,TRAGSL,2050,68.748
REGION1,TRAHFO,2050,6.849
REGION1,TRAJFL,2050,47.864
REGION1,TRALPG,2050,2.187
REGION1,TRANGS,2050,18.909
