REGION,FUEL,YEAR,VALUE
REGION1,CRPALF,2021,1.435
REGION1,CRPALF,2022,1.436
REGION1,CRPALF,2023,1.438
REGION1,CRPALF,2024,1.44
REGION1,CRPALF,2025,1.441
REGION1,CRPALF,2026,1.443
REGION1,CRPALF,2027,1.445
REGION1,CRPALF,2028,1.447
REGION1,CRPALF,2029,1.448
REGION1,CRPALF,2030,1.45
REGION1,CRPALF,2031,1.452
REGION1,CRPALF,2032,1.453
REGION1,CRPALF,2033,1.455
REGION1,CRPALF,2034,1.457
REGION1,CRPALF,2035,1.459
REGION1,CRPALF,2036,1.46
REGION1,CRPALF,2037,1.462
REGION1,CRPALF,2038,1.464
REGION1,CRPALF,2039,1.465
REGION1,CRPALF,2040,1.467
REGION1,CRPALF,2041,1.469
REGION1,CRPALF,2042,1.471
REGION1,CRPALF,2043,1.472
REGION1,CRPALF,2044,1.474
REGION1,CRPALF,2045,1.476
REGION1,CRPALF,2046,1.477
REGION1,CRPALF,2047,1.479
REGION1,CRPALF,2048,1.481
REGION1,CRPALF,2049,1.483
REGION1,CRPALF,2050,1.484
REGION1,CRPBAR,2021,0.059
REGION1,CRPBAR,2022,0.064
REGION1,CRPBAR,2023,0.07
REGION1,CRPBAR,2024,0.068
REGION1,CRPBAR,2025,0.07
REGION1,CRPBAR,2026,0.073
REGION1,CRPBAR,2027,0.076
REGION1,CRPBAR,2028,0.078
REGION1,CRPBAR,2029,0.079
REGION1,CRPBAR,2030,0.082
REGION1,CRPBAR,2031,0.084
REGION1,CRPBAR,2032,0.086
REGION1,CRPBAR,2033,0.088
REGION1,CRPBAR,2034,0.09
REGION1,CRPBAR,2035,0.092
REGION1,CRPBAR,2036,0.094
REGION1,CRPBAR,2037,0.096
REGION1,CRPBAR,2038,0.098
REGION1,CRPBAR,2039,0.101
REGION1,CRPBAR,2040,0.103
REGION1,CRPBAR,2041,0.105
REGION1,CRPBAR,2042,0.107
REGION1,CRPBAR,2043,0.109
REGION1,CRPBAR,2044,0.111
REGION1,CRPBAR,2045,0.113
REGION1,CRPBAR,2046,0.115
REGION1,CRPBAR,2047,0.117
REGION1,CRPBAR,2048,0.119
REGION1,CRPBAR,2049,0.121
REGION1,CRPBAR,2050,0.124
REGION1,CRPMAI,2021,0.601
REGION1,CRPMAI,2022,0.59
REGION1,CRPMAI,2023,0.604
REGION1,CRPMAI,2024,0.613
REGION1,CRPMAI,2025,0.613
REGION1,CRPMAI,2026,0.625
REGION1,CRPMAI,2027,0.626
REGION1,CRPMAI,2028,0.645
REGION1,CRPMAI,2029,0.657
REGION1,CRPMAI,2030,0.66
REGION1,CRPMAI,2031,0.674
REGION1,CRPMAI,2032,0.672
REGION1,CRPMAI,2033,0.681
REGION1,CRPMAI,2034,0.683
REGION1,CRPMAI,2035,0.691
REGION1,CRPMAI,2036,0.708
REGION1,CRPMAI,2037,0.721
REGION1,CRPMAI,2038,0.729
REGION1,CRPMAI,2039,0.73
REGION1,CRPMAI,2040,0.734
REGION1,CRPMAI,2041,0.744
REGION1,CRPMAI,2042,0.753
REGION1,CRPMAI,2043,0.762
REGION1,CRPMAI,2044,0.77
REGION1,CRPMAI,2045,0.778
REGION1,CRPMAI,2046,0.786
REGION1,CRPMAI,2047,0.794
REGION1,CRPMAI,2048,0.802
REGION1,CRPMAI,2049,0.809
REGION1,CRPMAI,2050,0.817
REGION1,CRPOAT,2021,0.067
REGION1,CRPOAT,2022,0.068
REGION1,CRPOAT,2023,0.069
REGION1,CRPOAT,2024,0.07
REGION1,CRPOAT,2025,0.072
REGION1,CRPOAT,2026,0.073
REGION1,CRPOAT,2027,0.074
REGION1,CRPOAT,2028,0.075
REGION1,CRPOAT,2029,0.077
REGION1,CRPOAT,2030,0.078
REGION1,CRPOAT,2031,0.079
REGION1,CRPOAT,2032,0.081
REGION1,CRPOAT,2033,0.082
REGION1,CRPOAT,2034,0.083
REGION1,CRPOAT,2035,0.084
REGION1,CRPOAT,2036,0.086
REGION1,CRPOAT,2037,0.087
REGION1,CRPOAT,2038,0.088
REGION1,CRPOAT,2039,0.09
REGION1,CRPOAT,2040,0.091
REGION1,CRPOAT,2041,0.092
REGION1,CRPOAT,2042,0.093
REGION1,CRPOAT,2043,0.095
REGION1,CRPOAT,2044,0.096
REGION1,CRPOAT,2045,0.097
REGION1,CRPOAT,2046,0.098
REGION1,CRPOAT,2047,0.1
REGION1,CRPOAT,2048,0.101
REGION1,CRPOAT,2049,0.102
REGION1,CRPOAT,2050,0.104
REGION1,CRPOTH,2021,0.309
REGION1,CRPOTH,2022,0.312
REGION1,CRPOTH,2023,0.315
REGION1,CRPOTH,2024,0.32
REGION1,CRPOTH,2025,0.32
REGION1,CRPOTH,2026,0.324
REGION1,CRPOTH,2027,0.329
REGION1,CRPOTH,2028,0.336
REGION1,CRPOTH,2029,0.339
REGION1,CRPOTH,2030,0.347
REGION1,CRPOTH,2031,0.353
REGION1,CRPOTH,2032,0.353
REGION1,CRPOTH,2033,0.358
REGION1,CRPOTH,2034,0.363
REGION1,CRPOTH,2035,0.368
REGION1,CRPOTH,2036,0.374
REGION1,CRPOTH,2037,0.379
REGION1,CRPOTH,2038,0.383
REGION1,CRPOTH,2039,0.388
REGION1,CRPOTH,2040,0.392
REGION1,CRPOTH,2041,0.397
REGION1,CRPOTH,2042,0.401
REGION1,CRPOTH,2043,0.407
REGION1,CRPOTH,2044,0.411
REGION1,CRPOTH,2045,0.416
REGION1,CRPOTH,2046,0.421
REGION1,CRPOTH,2047,0.425
REGION1,CRPOTH,2048,0.43
REGION1,CRPOTH,2049,0.435
REGION1,CRPOTH,2050,0.44
REGION1,CRPPEA,2021,0.031
REGION1,CRPPEA,2022,0.033
REGION1,CRPPEA,2023,0.034
REGION1,CRPPEA,2024,0.036
REGION1,CRPPEA,2025,0.037
REGION1,CRPPEA,2026,0.038
REGION1,CRPPEA,2027,0.04
REGION1,CRPPEA,2028,0.041
REGION1,CRPPEA,2029,0.043
REGION1,CRPPEA,2030,0.044
REGION1,CRPPEA,2031,0.045
REGION1,CRPPEA,2032,0.047
REGION1,CRPPEA,2033,0.048
REGION1,CRPPEA,2034,0.05
REGION1,CRPPEA,2035,0.051
REGION1,CRPPEA,2036,0.052
REGION1,CRPPEA,2037,0.054
REGION1,CRPPEA,2038,0.055
REGION1,CRPPEA,2039,0.057
REGION1,CRPPEA,2040,0.058
REGION1,CRPPEA,2041,0.059
REGION1,CRPPEA,2042,0.061
REGION1,CRPPEA,2043,0.062
REGION1,CRPPEA,2044,0.064
REGION1,CRPPEA,2045,0.065
REGION1,CRPPEA,2046,0.066
REGION1,CRPPEA,2047,0.068
REGION1,CRPPEA,2048,0.069
REGION1,CRPPEA,2049,0.071
REGION1,CRPPEA,2050,0.072
REGION1,CRPPTW,2021,0.00011
REGION1,CRPPTW,2022,0.00011
REGION1,CRPPTW,2023,0.00012
REGION1,CRPPTW,2024,0.00012
REGION1,CRPPTW,2025,0.00013
REGION1,CRPPTW,2026,0.00013
REGION1,CRPPTW,2027,0.00013
REGION1,CRPPTW,2028,0.00013
REGION1,CRPPTW,2029,0.00013
REGION1,CRPPTW,2030,0.00014
REGION1,CRPPTW,2031,0.00014
REGION1,CRPPTW,2032,0.00014
REGION1,CRPPTW,2033,0.00015
REGION1,CRPPTW,2034,0.00015
REGION1,CRPPTW,2035,0.00015
REGION1,CRPPTW,2036,0.00015
REGION1,CRPPTW,2037,0.00016
REGION1,CRPPTW,2038,0.00016
REGION1,CRPPTW,2039,0.00016
REGION1,CRPPTW,2040,0.00017
REGION1,CRPPTW,2041,0.00017
REGION1,CRPPTW,2042,0.00017
REGION1,CRPPTW,2043,0.00017
REGION1,CRPPTW,2044,0.00018
REGION1,CRPPTW,2045,0.00018
REGION1,CRPPTW,2046,0.00018
REGION1,CRPPTW,2047,0.00019
REGION1,CRPPTW,2048,0.00019
REGION1,CRPPTW,2049,0.00019
REGION1,CRPPTW,2050,0.0002
REGION1,CRPRAP,2021,0.083
REGION1,CRPRAP,2022,0.084
REGION1,CRPRAP,2023,0.086
REGION1,CRPRAP,2024,0.088
REGION1,CRPRAP,2025,0.089
REGION1,CRPRAP,2026,0.091
REGION1,CRPRAP,2027,0.093
REGION1,CRPRAP,2028,0.094
REGION1,CRPRAP,2029,0.096
REGION1,CRPRAP,2030,0.098
REGION1,CRPRAP,2031,0.099
REGION1,CRPRAP,2032,0.101
REGION1,CRPRAP,2033,0.103
REGION1,CRPRAP,2034,0.104
REGION1,CRPRAP,2035,0.106
REGION1,CRPRAP,2036,0.108
REGION1,CRPRAP,2037,0.109
REGION1,CRPRAP,2038,0.111
REGION1,CRPRAP,2039,0.112
REGION1,CRPRAP,2040,0.114
REGION1,CRPRAP,2041,0.116
REGION1,CRPRAP,2042,0.117
REGION1,CRPRAP,2043,0.119
REGION1,CRPRAP,2044,0.121
REGION1,CRPRAP,2045,0.122
REGION1,CRPRAP,2046,0.124
REGION1,CRPRAP,2047,0.126
REGION1,CRPRAP,2048,0.127
REGION1,CRPRAP,2049,0.129
REGION1,CRPRAP,2050,0.131
REGION1,CRPRYE,2021,0.0027
REGION1,CRPRYE,2022,0.0025
REGION1,CRPRYE,2023,0.0025
REGION1,CRPRYE,2024,0.0024
REGION1,CRPRYE,2025,0.0024
REGION1,CRPRYE,2026,0.0024
REGION1,CRPRYE,2027,0.0024
REGION1,CRPRYE,2028,0.0024
REGION1,CRPRYE,2029,0.0024
REGION1,CRPRYE,2030,0.0024
REGION1,CRPRYE,2031,0.0023
REGION1,CRPRYE,2032,0.0023
REGION1,CRPRYE,2033,0.0023
REGION1,CRPRYE,2034,0.0023
REGION1,CRPRYE,2035,0.0023
REGION1,CRPRYE,2036,0.0023
REGION1,CRPRYE,2037,0.0023
REGION1,CRPRYE,2038,0.0023
REGION1,CRPRYE,2039,0.0022
REGION1,CRPRYE,2040,0.0022
REGION1,CRPRYE,2041,0.0022
REGION1,CRPRYE,2042,0.0022
REGION1,CRPRYE,2043,0.0022
REGION1,CRPRYE,2044,0.0022
REGION1,CRPRYE,2045,0.0022
REGION1,CRPRYE,2046,0.0021
REGION1,CRPRYE,2047,0.0021
REGION1,CRPRYE,2048,0.0021
REGION1,CRPRYE,2049,0.0021
REGION1,CRPRYE,2050,0.0021
REGION1,CRPWHE,2021,0.078
REGION1,CRPWHE,2022,0.079
REGION1,CRPWHE,2023,0.08
REGION1,CRPWHE,2024,0.08
REGION1,CRPWHE,2025,0.081
REGION1,CRPWHE,2026,0.082
REGION1,CRPWHE,2027,0.083
REGION1,CRPWHE,2028,0.084
REGION1,CRPWHE,2029,0.085
REGION1,CRPWHE,2030,0.086
REGION1,CRPWHE,2031,0.087
REGION1,CRPWHE,2032,0.088
REGION1,CRPWHE,2033,0.089
REGION1,CRPWHE,2034,0.089
REGION1,CRPWHE,2035,0.09
REGION1,CRPWHE,2036,0.091
REGION1,CRPWHE,2037,0.092
REGION1,CRPWHE,2038,0.093
REGION1,CRPWHE,2039,0.094
REGION1,CRPWHE,2040,0.095
REGION1,CRPWHE,2041,0.096
REGION1,CRPWHE,2042,0.097
REGION1,CRPWHE,2043,0.097
REGION1,CRPWHE,2044,0.098
REGION1,CRPWHE,2045,0.099
REGION1,CRPWHE,2046,0.1
REGION1,CRPWHE,2047,0.101
REGION1,CRPWHE,2048,0.102
REGION1,CRPWHE,2049,0.103
REGION1,CRPWHE,2050,0.104
REGION1,COMBIO,2021,0.76
REGION1,COMBIO,2022,1.2
REGION1,COMBIO,2023,1.63
REGION1,COMBIO,2024,2.41
REGION1,COMBIO,2025,3.61
REGION1,COMBIO,2026,4.81
REGION1,COMBIO,2027,6.37
REGION1,COMBIO,2028,7.85
REGION1,COMBIO,2029,9.76
REGION1,COMBIO,2030,11.66
REGION1,COMBIO,2031,11.52
REGION1,COMBIO,2032,11.38
REGION1,COMBIO,2033,11.33
REGION1,COMBIO,2034,11.3
REGION1,COMBIO,2035,11.26
REGION1,COMBIO,2036,11.23
REGION1,COMBIO,2037,11.18
REGION1,COMBIO,2038,11.15
REGION1,COMBIO,2039,11.13
REGION1,COMBIO,2040,11.11
REGION1,COMBIO,2041,11.1
REGION1,COMBIO,2042,11.09
REGION1,COMBIO,2043,11.1
REGION1,COMBIO,2044,11.12
REGION1,COMBIO,2045,11.14
REGION1,COMBIO,2046,11.18
REGION1,COMBIO,2047,11.23
REGION1,COMBIO,2048,11.3
REGION1,COMBIO,2049,11.36
REGION1,COMBIO,2050,11.45
REGION1,COMRPP,2021,6.29
REGION1,COMRPP,2022,6.41
REGION1,COMRPP,2023,6.49
REGION1,COMRPP,2024,6.56
REGION1,COMRPP,2025,6.62
REGION1,COMRPP,2026,6.7
REGION1,COMRPP,2027,6.81
REGION1,COMRPP,2028,6.9
REGION1,COMRPP,2029,6.97
REGION1,COMRPP,2030,7.05
REGION1,COMRPP,2031,7.15
REGION1,COMRPP,2032,7.27
REGION1,COMRPP,2033,7.37
REGION1,COMRPP,2034,7.47
REGION1,COMRPP,2035,7.58
REGION1,COMRPP,2036,7.69
REGION1,COMRPP,2037,7.8
REGION1,COMRPP,2038,7.91
REGION1,COMRPP,2039,8.01
REGION1,COMRPP,2040,8.1
REGION1,COMRPP,2041,8.19
REGION1,COMRPP,2042,8.28
REGION1,COMRPP,2043,8.37
REGION1,COMRPP,2044,8.47
REGION1,COMRPP,2045,8.57
REGION1,COMRPP,2046,8.68
REGION1,COMRPP,2047,8.8
REGION1,COMRPP,2048,8.94
REGION1,COMRPP,2049,9.08
REGION1,COMRPP,2050,9.24
REGION1,COMNGS,2021,74.1
REGION1,COMNGS,2022,78.15
REGION1,COMNGS,2023,79.59
REGION1,COMNGS,2024,77.68
REGION1,COMNGS,2025,76.34
REGION1,COMNGS,2026,75.28
REGION1,COMNGS,2027,73.11
REGION1,COMNGS,2028,70.58
REGION1,COMNGS,2029,68.25
REGION1,COMNGS,2030,66.01
REGION1,COMNGS,2031,65.23
REGION1,COMNGS,2032,64.45
REGION1,COMNGS,2033,64.17
REGION1,COMNGS,2034,63.99
REGION1,COMNGS,2035,63.8
REGION1,COMNGS,2036,63.58
REGION1,COMNGS,2037,63.32
REGION1,COMNGS,2038,63.13
REGION1,COMNGS,2039,63.05
REGION1,COMNGS,2040,62.94
REGION1,COMNGS,2041,62.87
REGION1,COMNGS,2042,62.83
REGION1,COMNGS,2043,62.87
REGION1,COMNGS,2044,62.97
REGION1,COMNGS,2045,63.11
REGION1,COMNGS,2046,63.32
REGION1,COMNGS,2047,63.61
REGION1,COMNGS,2048,63.97
REGION1,COMNGS,2049,64.36
REGION1,COMNGS,2050,64.82
REGION1,INDBIO,2021,185.83
REGION1,INDBIO,2022,195.71
REGION1,INDBIO,2023,195.61
REGION1,INDBIO,2024,199.88
REGION1,INDBIO,2025,204.21
REGION1,INDBIO,2026,209.5
REGION1,INDBIO,2027,217.17
REGION1,INDBIO,2028,224.51
REGION1,INDBIO,2029,234.54
REGION1,INDBIO,2030,245.74
REGION1,INDBIO,2031,248.49
REGION1,INDBIO,2032,249.92
REGION1,INDBIO,2033,252.42
REGION1,INDBIO,2034,255.14
REGION1,INDBIO,2035,257.47
REGION1,INDBIO,2036,259.17
REGION1,INDBIO,2037,260.29
REGION1,INDBIO,2038,260.98
REGION1,INDBIO,2039,261.57
REGION1,INDBIO,2040,262.22
REGION1,INDBIO,2041,262.76
REGION1,INDBIO,2042,263.28
REGION1,INDBIO,2043,263.83
REGION1,INDBIO,2044,264.56
REGION1,INDBIO,2045,265.44
REGION1,INDBIO,2046,266.46
REGION1,INDBIO,2047,267.42
REGION1,INDBIO,2048,268.4
REGION1,INDBIO,2049,269.54
REGION1,INDBIO,2050,270.71
REGION1,INDDSL,2021,96.39
REGION1,INDDSL,2022,95.77
REGION1,INDDSL,2023,98.45
REGION1,INDDSL,2024,100.6
REGION1,INDDSL,2025,102.67
REGION1,INDDSL,2026,104.42
REGION1,INDDSL,2027,104.04
REGION1,INDDSL,2028,103.61
REGION1,INDDSL,2029,105.76
REGION1,INDDSL,2030,107.93
REGION1,INDDSL,2031,108.74
REGION1,INDDSL,2032,108.72
REGION1,INDDSL,2033,109.55
REGION1,INDDSL,2034,110.38
REGION1,INDDSL,2035,110.98
REGION1,INDDSL,2036,111.44
REGION1,INDDSL,2037,111.82
REGION1,INDDSL,2038,112.17
REGION1,INDDSL,2039,112.69
REGION1,INDDSL,2040,113.45
REGION1,INDDSL,2041,114.38
REGION1,INDDSL,2042,115.39
REGION1,INDDSL,2043,116.54
REGION1,INDDSL,2044,117.85
REGION1,INDDSL,2045,119.37
REGION1,INDDSL,2046,120.98
REGION1,INDDSL,2047,122.59
REGION1,INDDSL,2048,124.23
REGION1,INDDSL,2049,125.92
REGION1,INDDSL,2050,127.6
REGION1,INDNGS,2021,218.37
REGION1,INDNGS,2022,229.17
REGION1,INDNGS,2023,236.88
REGION1,INDNGS,2024,230.18
REGION1,INDNGS,2025,252.03
REGION1,INDNGS,2026,275.83
REGION1,INDNGS,2027,267.26
REGION1,INDNGS,2028,258.58
REGION1,INDNGS,2029,276.8
REGION1,INDNGS,2030,297.36
REGION1,INDNGS,2031,296.17
REGION1,INDNGS,2032,293.18
REGION1,INDNGS,2033,297.92
REGION1,INDNGS,2034,302.94
REGION1,INDNGS,2035,304.74
REGION1,INDNGS,2036,305.11
REGION1,INDNGS,2037,304.1
REGION1,INDNGS,2038,303.63
REGION1,INDNGS,2039,304.15
REGION1,INDNGS,2040,305.42
REGION1,INDNGS,2041,307.21
REGION1,INDNGS,2042,309.05
REGION1,INDNGS,2043,311.07
REGION1,INDNGS,2044,313.64
REGION1,INDNGS,2045,316.66
REGION1,INDNGS,2046,320.01
REGION1,INDNGS,2047,323.6
REGION1,INDNGS,2048,327.4
REGION1,INDNGS,2049,331.42
REGION1,INDNGS,2050,335.6
REGION1,RESBIO,2021,11.81
REGION1,RESBIO,2022,12.12
REGION1,RESBIO,2023,12.15
REGION1,RESBIO,2024,12.39
REGION1,RESBIO,2025,13.02
REGION1,RESBIO,2026,13.64
REGION1,RESBIO,2027,14.59
REGION1,RESBIO,2028,15.52
REGION1,RESBIO,2029,16.75
REGION1,RESBIO,2030,17.95
REGION1,RESBIO,2031,17.77
REGION1,RESBIO,2032,17.62
REGION1,RESBIO,2033,17.49
REGION1,RESBIO,2034,17.38
REGION1,RESBIO,2035,17.28
REGION1,RESBIO,2036,17.19
REGION1,RESBIO,2037,17.1
REGION1,RESBIO,2038,17.02
REGION1,RESBIO,2039,16.94
REGION1,RESBIO,2040,16.86
REGION1,RESBIO,2041,16.8
REGION1,RESBIO,2042,16.75
REGION1,RESBIO,2043,16.72
REGION1,RESBIO,2044,16.71
REGION1,RESBIO,2045,16.71
REGION1,RESBIO,2046,16.72
REGION1,RESBIO,2047,16.75
REGION1,RESBIO,2048,16.8
REGION1,RESBIO,2049,16.85
REGION1,RESBIO,2050,16.92
REGION1,RESRPP,2021,1.02
REGION1,RESRPP,2022,1
REGION1,RESRPP,2023,0.96
REGION1,RESRPP,2024,0.9
REGION1,RESRPP,2025,0.86
REGION1,RESRPP,2026,0.81
REGION1,RESRPP,2027,0.78
REGION1,RESRPP,2028,0.74
REGION1,RESRPP,2029,0.71
REGION1,RESRPP,2030,0.68
REGION1,RESRPP,2031,0.65
REGION1,RESRPP,2032,0.63
REGION1,RESRPP,2033,0.62
REGION1,RESRPP,2034,0.6
REGION1,RESRPP,2035,0.58
REGION1,RESRPP,2036,0.57
REGION1,RESRPP,2037,0.56
REGION1,RESRPP,2038,0.55
REGION1,RESRPP,2039,0.53
REGION1,RESRPP,2040,0.52
REGION1,RESRPP,2041,0.51
REGION1,RESRPP,2042,0.51
REGION1,RESRPP,2043,0.5
REGION1,RESRPP,2044,0.49
REGION1,RESRPP,2045,0.49
REGION1,RESRPP,2046,0.48
REGION1,RESRPP,2047,0.48
REGION1,RESRPP,2048,0.47
REGION1,RESRPP,2049,0.47
REGION1,RESRPP,2050,0.47
REGION1,RESNGS,2021,73.26
REGION1,RESNGS,2022,73.34
REGION1,RESNGS,2023,72.84
REGION1,RESNGS,2024,70.61
REGION1,RESNGS,2025,68.05
REGION1,RESNGS,2026,65.52
REGION1,RESNGS,2027,62.72
REGION1,RESNGS,2028,60
REGION1,RESNGS,2029,57.01
REGION1,RESNGS,2030,54.14
REGION1,RESNGS,2031,53.76
REGION1,RESNGS,2032,53.49
REGION1,RESNGS,2033,53.28
REGION1,RESNGS,2034,53.14
REGION1,RESNGS,2035,53.04
REGION1,RESNGS,2036,52.97
REGION1,RESNGS,2037,52.93
REGION1,RESNGS,2038,52.9
REGION1,RESNGS,2039,52.87
REGION1,RESNGS,2040,52.88
REGION1,RESNGS,2041,52.94
REGION1,RESNGS,2042,53.05
REGION1,RESNGS,2043,53.22
REGION1,RESNGS,2044,53.44
REGION1,RESNGS,2045,53.73
REGION1,RESNGS,2046,54.07
REGION1,RESNGS,2047,54.46
REGION1,RESNGS,2048,54.91
REGION1,RESNGS,2049,55.41
REGION1,RESNGS,2050,55.96
REGION1,TRABIO,2021,30.52
REGION1,TRABIO,2022,34.1
REGION1,TRABIO,2023,35.89
REGION1,TRABIO,2024,39.71
REGION1,TRABIO,2025,41.7
REGION1,TRABIO,2026,44.98
REGION1,TRABIO,2027,48.02
REGION1,TRABIO,2028,50.11
REGION1,TRABIO,2029,50.51
REGION1,TRABIO,2030,52.75
REGION1,TRABIO,2031,52.81
REGION1,TRABIO,2032,52.73
REGION1,TRABIO,2033,52.71
REGION1,TRABIO,2034,52.84
REGION1,TRABIO,2035,52.93
REGION1,TRABIO,2036,52.96
REGION1,TRABIO,2037,52.98
REGION1,TRABIO,2038,52.95
REGION1,TRABIO,2039,52.93
REGION1,TRABIO,2040,52.99
REGION1,TRABIO,2041,53.09
REGION1,TRABIO,2042,53.25
REGION1,TRABIO,2043,53.49
REGION1,TRABIO,2044,53.82
REGION1,TRABIO,2045,54.26
REGION1,TRABIO,2046,54.8
REGION1,TRABIO,2047,55.42
REGION1,TRABIO,2048,56.12
REGION1,TRABIO,2049,56.88
REGION1,TRABIO,2050,57.69
REGION1,TRADSL,2021,97.11
REGION1,TRADSL,2022,96.19
REGION1,TRADSL,2023,97.68
REGION1,TRADSL,2024,94.33
REGION1,TRADSL,2025,93.7
REGION1,TRADSL,2026,92.3
REGION1,TRADSL,2027,90.02
REGION1,TRADSL,2028,87.93
REGION1,TRADSL,2029,88.54
REGION1,TRADSL,2030,87.82
REGION1,TRADSL,2031,87.92
REGION1,TRADSL,2032,87.83
REGION1,TRADSL,2033,87.85
REGION1,TRADSL,2034,88.18
REGION1,TRADSL,2035,88.46
REGION1,TRADSL,2036,88.61
REGION1,TRADSL,2037,88.75
REGION1,TRADSL,2038,88.8
REGION1,TRADSL,2039,88.89
REGION1,TRADSL,2040,89.11
REGION1,TRADSL,2041,89.41
REGION1,TRADSL,2042,89.81
REGION1,TRADSL,2043,90.35
REGION1,TRADSL,2044,91.07
REGION1,TRADSL,2045,91.98
REGION1,TRADSL,2046,93.07
REGION1,TRADSL,2047,94.31
REGION1,TRADSL,2048,95.67
REGION1,TRADSL,2049,97.15
REGION1,TRADSL,2050,98.73
REGION1,TRAGSL,2021,142.93
REGION1,TRAGSL,2022,146.11
REGION1,TRAGSL,2023,148.1
REGION1,TRAGSL,2024,144.05
REGION1,TRAGSL,2025,139.35
REGION1,TRAGSL,2026,134.59
REGION1,TRAGSL,2027,129.34
REGION1,TRAGSL,2028,123.99
REGION1,TRAGSL,2029,119.25
REGION1,TRAGSL,2030,114.16
REGION1,TRAGSL,2031,110.57
REGION1,TRAGSL,2032,106.83
REGION1,TRAGSL,2033,103.12
REGION1,TRAGSL,2034,99.57
REGION1,TRAGSL,2035,96.02
REGION1,TRAGSL,2036,92.64
REGION1,TRAGSL,2037,89.49
REGION1,TRAGSL,2038,86.5
REGION1,TRAGSL,2039,83.74
REGION1,TRAGSL,2040,81.24
REGION1,TRAGSL,2041,78.95
REGION1,TRAGSL,2042,76.89
REGION1,TRAGSL,2043,75.06
REGION1,TRAGSL,2044,73.45
REGION1,TRAGSL,2045,72.09
REGION1,TRAGSL,2046,70.94
REGION1,TRAGSL,2047,69.99
REGION1,TRAGSL,2048,69.21
REGION1,TRAGSL,2049,68.6
REGION1,TRAGSL,2050,68.12
REGION1,TRAHFO,2021,7.02
REGION1,TRAHFO,2022,7.97
REGION1,TRAHFO,2023,9.38
REGION1,TRAHFO,2024,10.6
REGION1,TRAHFO,2025,11.1
REGION1,TRAHFO,2026,10.47
REGION1,TRAHFO,2027,9.84
REGION1,TRAHFO,2028,9.23
REGION1,TRAHFO,2029,8.68
REGION1,TRAHFO,2030,8.16
REGION1,TRAHFO,2031,7.67
REGION1,TRAHFO,2032,7.21
REGION1,TRAHFO,2033,6.79
REGION1,TRAHFO,2034,6.41
REGION1,TRAHFO,2035,6.07
REGION1,TRAHFO,2036,5.74
REGION1,TRAHFO,2037,5.45
REGION1,TRAHFO,2038,5.17
REGION1,TRAHFO,2039,4.93
REGION1,TRAHFO,2040,4.71
REGION1,TRAHFO,2041,4.51
REGION1,TRAHFO,2042,4.34
REGION1,TRAHFO,2043,4.19
REGION1,TRAHFO,2044,4.06
REGION1,TRAHFO,2045,3.96
REGION1,TRAHFO,2046,3.87
REGION1,TRAHFO,2047,3.8
REGION1,TRAHFO,2048,3.75
REGION1,TRAHFO,2049,3.71
REGION1,TRAHFO,2050,3.68
REGION1,TRAJFL,2021,39.94
REGION1,TRAJFL,2022,72.29
REGION1,TRAJFL,2023,80.01
REGION1,TRAJFL,2024,82.62
REGION1,TRAJFL,2025,85.48
REGION1,TRAJFL,2026,87.22
REGION1,TRAJFL,2027,88.57
REGION1,TRAJFL,2028,89.63
REGION1,TRAJFL,2029,91.04
REGION1,TRAJFL,2030,92.47
REGION1,TRAJFL,2031,93.88
REGION1,TRAJFL,2032,95.22
REGION1,TRAJFL,2033,96.57
REGION1,TRAJFL,2034,98.1
REGION1,TRAJFL,2035,99.58
REGION1,TRAJFL,2036,100.94
REGION1,TRAJFL,2037,102.22
REGION1,TRAJFL,2038,103.38
REGION1,TRAJFL,2039,104.48
REGION1,TRAJFL,2040,105.6
REGION1,TRAJFL,2041,106.74
REGION1,TRAJFL,2042,107.92
REGION1,TRAJFL,2043,109.16
REGION1,TRAJFL,2044,110.48
REGION1,TRAJFL,2045,111.91
REGION1,TRAJFL,2046,113.45
REGION1,TRAJFL,2047,115.09
REGION1,TRAJFL,2048,116.82
REGION1,TRAJFL,2049,118.63
REGION1,TRAJFL,2050,120.51
REGION1,TRALPG,2021,3
REGION1,TRALPG,2022,3.05
REGION1,TRALPG,2023,3.1
REGION1,TRALPG,2024,3.01
REGION1,TRALPG,2025,2.9
REGION1,TRALPG,2026,2.77
REGION1,TRALPG,2027,2.65
REGION1,TRALPG,2028,2.52
REGION1,TRALPG,2029,2.39
REGION1,TRALPG,2030,2.26
REGION1,TRALPG,2031,2.14
REGION1,TRALPG,2032,2.02
REGION1,TRALPG,2033,1.9
REGION1,TRALPG,2034,1.78
REGION1,TRALPG,2035,1.66
REGION1,TRALPG,2036,1.55
REGION1,TRALPG,2037,1.45
REGION1,TRALPG,2038,1.35
REGION1,TRALPG,2039,1.26
REGION1,TRALPG,2040,1.18
REGION1,TRALPG,2041,1.1
REGION1,TRALPG,2042,1.03
REGION1,TRALPG,2043,0.96
REGION1,TRALPG,2044,0.89
REGION1,TRALPG,2045,0.84
REGION1,TRALPG,2046,0.78
REGION1,TRALPG,2047,0.73
REGION1,TRALPG,2048,0.68
REGION1,TRALPG,2049,0.63
REGION1,TRALPG,2050,0.59
REGION1,TRANGS,2021,0.56
REGION1,TRANGS,2022,0.59
REGION1,TRANGS,2023,0.63
REGION1,TRANGS,2024,0.64
REGION1,TRANGS,2025,0.64
REGION1,TRANGS,2026,0.65
REGION1,TRANGS,2027,0.65
REGION1,TRANGS,2028,0.65
REGION1,TRANGS,2029,0.65
REGION1,TRANGS,2030,0.65
REGION1,TRANGS,2031,0.65
REGION1,TRANGS,2032,0.65
REGION1,TRANGS,2033,0.65
REGION1,TRANGS,2034,0.65
REGION1,TRANGS,2035,0.65
REGION1,TRANGS,2036,0.65
REGION1,TRANGS,2037,0.65
REGION1,TRANGS,2038,0.65
REGION1,TRANGS,2039,0.65
REGION1,TRANGS,2040,0.65
REGION1,TRANGS,2041,0.65
REGION1,TRANGS,2042,0.65
REGION1,TRANGS,2043,0.65
REGION1,TRANGS,2044,0.65
REGION1,TRANGS,2045,0.65
REGION1,TRANGS,2046,0.65
REGION1,TRANGS,2047,0.66
REGION1,TRANGS,2048,0.66
REGION1,TRANGS,2049,0.66
REGION1,TRANGS,2050,0.66
REGION1,TRAHDG,2021,0
REGION1,TRAHDG,2022,0
REGION1,TRAHDG,2023,0
REGION1,TRAHDG,2024,0
REGION1,TRAHDG,2025,0
REGION1,TRAHDG,2026,0
REGION1,TRAHDG,2027,0
REGION1,TRAHDG,2028,0
REGION1,TRAHDG,2029,0
REGION1,TRAHDG,2030,0
REGION1,TRAHDG,2031,0
REGION1,TRAHDG,2032,0
REGION1,TRAHDG,2033,0
REGION1,TRAHDG,2034,0
REGION1,TRAHDG,2035,0
REGION1,TRAHDG,2036,0
REGION1,TRAHDG,2037,0
REGION1,TRAHDG,2038,0
REGION1,TRAHDG,2039,0
REGION1,TRAHDG,2040,0
REGION1,TRAHDG,2041,0
REGION1,TRAHDG,2042,0
REGION1,TRAHDG,2043,0
REGION1,TRAHDG,2044,0
REGION1,TRAHDG,2045,0
REGION1,TRAHDG,2046,0
REGION1,TRAHDG,2047,0
REGION1,TRAHDG,2048,0
REGION1,TRAHDG,2049,0
REGION1,TRAHDG,2050,0
REGION1,INDHDG,2021,0.02
REGION1,INDHDG,2022,0.02
REGION1,INDHDG,2023,0.02
REGION1,INDHDG,2024,0.02
REGION1,INDHDG,2025,0.02
REGION1,INDHDG,2026,0.02
REGION1,INDHDG,2027,0.02
REGION1,INDHDG,2028,0.02
REGION1,INDHDG,2029,0.02
REGION1,INDHDG,2030,0.04
REGION1,INDHDG,2031,0.05
REGION1,INDHDG,2032,0.07
REGION1,INDHDG,2033,0.08
REGION1,INDHDG,2034,0.1
REGION1,INDHDG,2035,0.11
REGION1,INDHDG,2036,0.13
REGION1,INDHDG,2037,0.14
REGION1,INDHDG,2038,0.15
REGION1,INDHDG,2039,0.16
REGION1,INDHDG,2040,0.17
REGION1,INDHDG,2041,0.18
REGION1,INDHDG,2042,0.19
REGION1,INDHDG,2043,0.2
REGION1,INDHDG,2044,0.21
REGION1,INDHDG,2045,0.21
REGION1,INDHDG,2046,0.22
REGION1,INDHDG,2047,0.23
REGION1,INDHDG,2048,0.24
REGION1,INDHDG,2049,0.25
REGION1,INDHDG,2050,0.25
REGION1,COMHDG,2021,0
REGION1,COMHDG,2022,0
REGION1,COMHDG,2023,0
REGION1,COMHDG,2024,0
REGION1,COMHDG,2025,0
REGION1,COMHDG,2026,0
REGION1,COMHDG,2027,0
REGION1,COMHDG,2028,0
REGION1,COMHDG,2029,0
REGION1,COMHDG,2030,0
REGION1,COMHDG,2031,0
REGION1,COMHDG,2032,0
REGION1,COMHDG,2033,0
REGION1,COMHDG,2034,0
REGION1,COMHDG,2035,0
REGION1,COMHDG,2036,0
REGION1,COMHDG,2037,0
REGION1,COMHDG,2038,0
REGION1,COMHDG,2039,0
REGION1,COMHDG,2040,0
REGION1,COMHDG,2041,0
REGION1,COMHDG,2042,0
REGION1,COMHDG,2043,0
REGION1,COMHDG,2044,0
REGION1,COMHDG,2045,0
REGION1,COMHDG,2046,0
REGION1,COMHDG,2047,0
REGION1,COMHDG,2048,0
REGION1,COMHDG,2049,0
REGION1,COMHDG,2050,0
REGION1,RESHDG,2021,0.01
REGION1,RESHDG,2022,0.01
REGION1,RESHDG,2023,0.01
REGION1,RESHDG,2024,0.01
REGION1,RESHDG,2025,0.01
REGION1,RESHDG,2026,0.01
REGION1,RESHDG,2027,0.01
REGION1,RESHDG,2028,0.01
REGION1,RESHDG,2029,0.01
REGION1,RESHDG,2030,0.01
REGION1,RESHDG,2031,0.01
REGION1,RESHDG,2032,0.01
REGION1,RESHDG,2033,0.01
REGION1,RESHDG,2034,0.01
REGION1,RESHDG,2035,0.01
REGION1,RESHDG,2036,0.01
REGION1,RESHDG,2037,0.01
REGION1,RESHDG,2038,0.01
REGION1,RESHDG,2039,0.01
REGION1,RESHDG,2040,0.01
REGION1,RESHDG,2041,0.01
REGION1,RESHDG,2042,0.01
REGION1,RESHDG,2043,0.01
REGION1,RESHDG,2044,0.01
REGION1,RESHDG,2045,0.01
REGION1,RESHDG,2046,0.01
REGION1,RESHDG,2047,0.01
REGION1,RESHDG,2048,0.01
REGION1,RESHDG,2049,0.01
REGION1,RESHDG,2050,0.01
REGION1,LND4PWR,2021,3.7296
REGION1,LND4PWR,2022,3.7706
REGION1,LND4PWR,2023,3.8121
REGION1,LND4PWR,2024,3.854
REGION1,LND4PWR,2025,3.8964
REGION1,LND4PWR,2026,3.9393
REGION1,LND4PWR,2027,3.9826
REGION1,LND4PWR,2028,4.0264
REGION1,LND4PWR,2029,4.0707
REGION1,LND4PWR,2030,4.1155
REGION1,LND4PWR,2031,4.1607
REGION1,LND4PWR,2032,4.2065
REGION1,LND4PWR,2033,4.2528
REGION1,LND4PWR,2034,4.2996
REGION1,LND4PWR,2035,4.3469
REGION1,LND4PWR,2036,4.3947
REGION1,LND4PWR,2037,4.443
REGION1,LND4PWR,2038,4.4919
REGION1,LND4PWR,2039,4.5413
REGION1,LND4PWR,2040,4.5913
REGION1,LND4PWR,2041,4.6418
REGION1,LND4PWR,2042,4.6928
REGION1,LND4PWR,2043,4.7444
REGION1,LND4PWR,2044,4.7966
REGION1,LND4PWR,2045,4.8494
REGION1,LND4PWR,2046,4.9027
REGION1,LND4PWR,2047,4.9567
REGION1,LND4PWR,2048,5.0112
REGION1,LND4PWR,2049,5.0663
REGION1,LND4PWR,2050,5.122
REGION1,PUBWATBC1,2021,0.86
REGION1,PUBWATBC1,2022,0.86
REGION1,PUBWATBC1,2023,0.87
REGION1,PUBWATBC1,2024,0.88
REGION1,PUBWATBC1,2025,0.89
REGION1,PUBWATBC1,2026,0.9
REGION1,PUBWATBC1,2027,0.91
REGION1,PUBWATBC1,2028,0.92
REGION1,PUBWATBC1,2029,0.93
REGION1,PUBWATBC1,2030,0.94
REGION1,PUBWATBC1,2031,0.95
REGION1,PUBWATBC1,2032,0.96
REGION1,PUBWATBC1,2033,0.98
REGION1,PUBWATBC1,2034,0.99
REGION1,PUBWATBC1,2035,1
REGION1,PUBWATBC1,2036,1.01
REGION1,PUBWATBC1,2037,1.02
REGION1,PUBWATBC1,2038,1.03
REGION1,PUBWATBC1,2039,1.04
REGION1,PUBWATBC1,2040,1.05
REGION1,PUBWATBC1,2041,1.06
REGION1,PUBWATBC1,2042,1.08
REGION1,PUBWATBC1,2043,1.09
REGION1,PUBWATBC1,2044,1.1
REGION1,PUBWATBC1,2045,1.11
REGION1,PUBWATBC1,2046,1.12
REGION1,PUBWATBC1,2047,1.14
REGION1,PUBWATBC1,2048,1.15
REGION1,PUBWATBC1,2049,1.16
REGION1,PUBWATBC1,2050,1.17
