r,t,y,TotalTechnologyAnnualActivity
REGION1,DEMAGRDSL,2020,14.88
REGION1,DEMAGRDSL,2021,15.618
REGION1,DEMAGRDSL,2022,16.267
REGION1,DEMAGRDSL,2023,16.652
REGION1,DEMAGRDSL,2024,17.594
REGION1,DEMAGRDSL,2025,18.141
REGION1,DEMAGRDSL,2026,17.415
REGION1,DEMAGRDSL,2027,16.689
REGION1,DEMAGRDSL,2028,15.964
REGION1,DEMAGRDSL,2029,15.238
REGION1,DEMAGRDSL,2030,14.513
REGION1,DEMAGRDSL,2031,13.787
REGION1,DEMAGRDSL,2032,13.061
REGION1,DEMAGRDSL,2033,12.336
REGION1,DEMAGRDSL,2034,11.61
REGION1,DEMAGRDSL,2035,10.885
REGION1,DEMAGRDSL,2036,10.159
REGION1,DEMAGRDSL,2037,9.434
REGION1,DEMAGRDSL,2038,8.708
REGION1,DEMAGRDSL,2039,7.982
REGION1,DEMAGRDSL,2040,7.257
REGION1,DEMAGRDSL,2041,6.531
REGION1,DEMAGRDSL,2042,5.806
REGION1,DEMAGRDSL,2043,5.08
REGION1,DEMAGRDSL,2044,4.354
REGION1,DEMAGRDSL,2045,3.629
REGION1,DEMAGRDSL,2046,2.903
REGION1,DEMAGRDSL,2047,2.178
REGION1,DEMAGRDSL,2048,1.452
REGION1,DEMAGRDSL,2049,0.727
REGION1,DEMAGRELCB02,2026,1.38
REGION1,DEMAGRELCB02,2027,2.76
REGION1,DEMAGRELCB02,2028,4.13
REGION1,DEMAGRELCB02,2029,5.51
REGION1,DEMAGRELCB02,2030,6.89
REGION1,DEMAGRELCB02,2031,8.27
REGION1,DEMAGRELCB02,2032,9.65
REGION1,DEMAGRELCB02,2033,11.02
REGION1,DEMAGRELCB02,2034,12.4
REGION1,DEMAGRELCB02,2035,13.78
REGION1,DEMAGRELCB02,2036,15.16
REGION1,DEMAGRELCB02,2037,16.53
REGION1,DEMAGRELCB02,2038,17.91
REGION1,DEMAGRELCB02,2039,19.29
REGION1,DEMAGRELCB02,2040,20.67
REGION1,DEMAGRELCB02,2041,22.05
REGION1,DEMAGRELCB02,2042,23.42
REGION1,DEMAGRELCB02,2043,24.8
REGION1,DEMAGRELCB02,2044,26.18
REGION1,DEMAGRELCB02,2045,27.56
REGION1,DEMAGRELCB02,2046,28.94
REGION1,DEMAGRELCB02,2047,30.31
REGION1,DEMAGRELCB02,2048,31.69
REGION1,DEMAGRELCB02,2049,33.07
REGION1,DEMAGRELCB02,2050,34.447
REGION1,DEMAGRSURBC1,2020,0.3564
REGION1,DEMAGRSURBC1,2021,0.4246
REGION1,DEMAGRSURBC1,2022,0.4229
REGION1,DEMAGRSURBC1,2023,0.4219
REGION1,DEMAGRSURBC1,2024,0.4237
REGION1,DEMAGRSURBC1,2025,0.4491
REGION1,DEMAGRSURBC1,2026,0.4825
REGION1,DEMAGRSURBC1,2027,0.5666
REGION1,DEMAGRSURBC1,2028,0.604
REGION1,DEMAGRSURBC1,2029,0.6357
REGION1,DEMAGRSURBC1,2030,0.6719
REGION1,DEMAGRSURBC1,2031,0.7073
REGION1,DEMAGRSURBC1,2032,0.7341
REGION1,DEMAGRSURBC1,2033,0.768
REGION1,DEMAGRSURBC1,2034,0.801
REGION1,DEMAGRSURBC1,2035,1.7057
REGION1,DEMAGRSURBC1,2036,1.7946
REGION1,DEMAGRSURBC1,2037,1.832
REGION1,DEMAGRSURBC1,2038,1.8685
REGION1,DEMAGRSURBC1,2039,1.9042
REGION1,DEMAGRSURBC1,2040,1.9114
REGION1,DEMAGRSURBC1,2041,1.9206
REGION1,DEMAGRSURBC1,2042,1.9286
REGION1,DEMAGRSURBC1,2043,1.9379
REGION1,DEMAGRSURBC1,2044,1.9459
REGION1,DEMAGRSURBC1,2045,1.9546
REGION1,DEMAGRSURBC1,2046,1.9626
REGION1,DEMAGRSURBC1,2047,1.9707
REGION1,DEMAGRSURBC1,2048,1.9794
REGION1,DEMAGRSURBC1,2049,1.9883
REGION1,DEMAGRSURBC1,2050,1.9964
REGION1,DEMCOMBIO,2020,0.12
REGION1,DEMCOMBIO,2021,0.17
REGION1,DEMCOMBIO,2022,0.22
REGION1,DEMCOMBIO,2023,0.26
REGION1,DEMCOMBIO,2024,0.31
REGION1,DEMCOMBIO,2025,0.35
REGION1,DEMCOMBIO,2026,0.34
REGION1,DEMCOMBIO,2027,0.32
REGION1,DEMCOMBIO,2028,0.31
REGION1,DEMCOMBIO,2029,0.29
REGION1,DEMCOMBIO,2030,0.28
REGION1,DEMCOMBIO,2031,0.27
REGION1,DEMCOMBIO,2032,0.25
REGION1,DEMCOMBIO,2033,0.24
REGION1,DEMCOMBIO,2034,0.22
REGION1,DEMCOMBIO,2035,0.21
REGION1,DEMCOMBIO,2036,0.2
REGION1,DEMCOMBIO,2037,0.18
REGION1,DEMCOMBIO,2038,0.17
REGION1,DEMCOMBIO,2039,0.15
REGION1,DEMCOMBIO,2040,0.14
REGION1,DEMCOMBIO,2041,0.13
REGION1,DEMCOMBIO,2042,0.11
REGION1,DEMCOMBIO,2043,0.1
REGION1,DEMCOMBIO,2044,0.08
REGION1,DEMCOMBIO,2045,0.07
REGION1,DEMCOMBIO,2046,0.06
REGION1,DEMCOMBIO,2047,0.04
REGION1,DEMCOMBIO,2048,0.03
REGION1,DEMCOMBIO,2049,0.01
REGION1,DEMCOMELCB02,2020,57.0
REGION1,DEMCOMELCB02,2021,58.29
REGION1,DEMCOMELCB02,2022,59.36
REGION1,DEMCOMELCB02,2023,60.24
REGION1,DEMCOMELCB02,2024,60.96
REGION1,DEMCOMELCB02,2025,61.69
REGION1,DEMCOMELCB02,2026,63.56
REGION1,DEMCOMELCB02,2027,65.43
REGION1,DEMCOMELCB02,2028,67.31
REGION1,DEMCOMELCB02,2029,69.18
REGION1,DEMCOMELCB02,2030,71.05
REGION1,DEMCOMELCB02,2031,72.92
REGION1,DEMCOMELCB02,2032,74.79
REGION1,DEMCOMELCB02,2033,76.66
REGION1,DEMCOMELCB02,2034,78.54
REGION1,DEMCOMELCB02,2035,80.41
REGION1,DEMCOMELCB02,2036,82.28
REGION1,DEMCOMELCB02,2037,84.15
REGION1,DEMCOMELCB02,2038,86.02
REGION1,DEMCOMELCB02,2039,87.89
REGION1,DEMCOMELCB02,2040,89.77
REGION1,DEMCOMELCB02,2041,91.64
REGION1,DEMCOMELCB02,2042,93.51
REGION1,DEMCOMELCB02,2043,95.38
REGION1,DEMCOMELCB02,2044,97.25
REGION1,DEMCOMELCB02,2045,99.12
REGION1,DEMCOMELCB02,2046,101.0
REGION1,DEMCOMELCB02,2047,102.87
REGION1,DEMCOMELCB02,2048,104.74
REGION1,DEMCOMELCB02,2049,106.61
REGION1,DEMCOMELCB02,2050,108.48
REGION1,DEMCOMKER,2020,10.57
REGION1,DEMCOMKER,2021,10.8
REGION1,DEMCOMKER,2022,11.0
REGION1,DEMCOMKER,2023,11.17
REGION1,DEMCOMKER,2024,11.33
REGION1,DEMCOMKER,2025,11.48
REGION1,DEMCOMKER,2026,11.02
REGION1,DEMCOMKER,2027,10.56
REGION1,DEMCOMKER,2028,10.1
REGION1,DEMCOMKER,2029,9.64
REGION1,DEMCOMKER,2030,9.18
REGION1,DEMCOMKER,2031,8.73
REGION1,DEMCOMKER,2032,8.27
REGION1,DEMCOMKER,2033,7.81
REGION1,DEMCOMKER,2034,7.35
REGION1,DEMCOMKER,2035,6.89
REGION1,DEMCOMKER,2036,6.43
REGION1,DEMCOMKER,2037,5.97
REGION1,DEMCOMKER,2038,5.51
REGION1,DEMCOMKER,2039,5.05
REGION1,DEMCOMKER,2040,4.59
REGION1,DEMCOMKER,2041,4.13
REGION1,DEMCOMKER,2042,3.67
REGION1,DEMCOMKER,2043,3.22
REGION1,DEMCOMKER,2044,2.76
REGION1,DEMCOMKER,2045,2.3
REGION1,DEMCOMKER,2046,1.84
REGION1,DEMCOMKER,2047,1.38
REGION1,DEMCOMKER,2048,0.92
REGION1,DEMCOMKER,2049,0.46
REGION1,DEMCOMNGS,2020,84.05
REGION1,DEMCOMNGS,2021,84.1
REGION1,DEMCOMNGS,2022,84.04
REGION1,DEMCOMNGS,2023,84.11
REGION1,DEMCOMNGS,2024,84.63
REGION1,DEMCOMNGS,2025,85.66
REGION1,DEMCOMNGS,2026,82.23
REGION1,DEMCOMNGS,2027,78.81
REGION1,DEMCOMNGS,2028,75.38
REGION1,DEMCOMNGS,2029,71.95
REGION1,DEMCOMNGS,2030,68.53
REGION1,DEMCOMNGS,2031,65.1
REGION1,DEMCOMNGS,2032,61.68
REGION1,DEMCOMNGS,2033,58.25
REGION1,DEMCOMNGS,2034,54.82
REGION1,DEMCOMNGS,2035,51.4
REGION1,DEMCOMNGS,2036,47.97
REGION1,DEMCOMNGS,2037,44.54
REGION1,DEMCOMNGS,2038,41.12
REGION1,DEMCOMNGS,2039,37.69
REGION1,DEMCOMNGS,2040,34.26
REGION1,DEMCOMNGS,2041,30.84
REGION1,DEMCOMNGS,2042,27.41
REGION1,DEMCOMNGS,2043,23.98
REGION1,DEMCOMNGS,2044,20.56
REGION1,DEMCOMNGS,2045,17.13
REGION1,DEMCOMNGS,2046,13.71
REGION1,DEMCOMNGS,2047,10.28
REGION1,DEMCOMNGS,2048,6.85
REGION1,DEMCOMNGS,2049,3.43
REGION1,DEMINDBIO,2020,160.04
REGION1,DEMINDBIO,2021,160.69
REGION1,DEMINDBIO,2022,161.12
REGION1,DEMINDBIO,2023,161.83
REGION1,DEMINDBIO,2024,162.64
REGION1,DEMINDBIO,2025,162.14
REGION1,DEMINDBIO,2026,161.92
REGION1,DEMINDBIO,2027,161.82
REGION1,DEMINDBIO,2028,161.68
REGION1,DEMINDBIO,2029,161.08
REGION1,DEMINDBIO,2030,160.31
REGION1,DEMINDBIO,2031,152.29
REGION1,DEMINDBIO,2032,144.28
REGION1,DEMINDBIO,2033,136.26
REGION1,DEMINDBIO,2034,128.25
REGION1,DEMINDBIO,2035,120.23
REGION1,DEMINDBIO,2036,112.22
REGION1,DEMINDBIO,2037,104.2
REGION1,DEMINDBIO,2038,96.19
REGION1,DEMINDBIO,2039,88.17
REGION1,DEMINDBIO,2040,80.16
REGION1,DEMINDBIO,2041,72.14
REGION1,DEMINDBIO,2042,64.12
REGION1,DEMINDBIO,2043,56.11
REGION1,DEMINDBIO,2044,48.09
REGION1,DEMINDBIO,2045,40.08
REGION1,DEMINDBIO,2046,32.06
REGION1,DEMINDBIO,2047,24.05
REGION1,DEMINDBIO,2048,16.03
REGION1,DEMINDBIO,2049,8.02
REGION1,DEMINDDSL,2020,108.46
REGION1,DEMINDDSL,2021,108.13
REGION1,DEMINDDSL,2022,107.38
REGION1,DEMINDDSL,2023,106.95
REGION1,DEMINDDSL,2024,107.33
REGION1,DEMINDDSL,2025,108.15
REGION1,DEMINDDSL,2026,109.45
REGION1,DEMINDDSL,2027,110.63
REGION1,DEMINDDSL,2028,111.27
REGION1,DEMINDDSL,2029,111.29
REGION1,DEMINDDSL,2030,111.38
REGION1,DEMINDDSL,2031,105.81
REGION1,DEMINDDSL,2032,100.24
REGION1,DEMINDDSL,2033,94.67
REGION1,DEMINDDSL,2034,89.1
REGION1,DEMINDDSL,2035,83.54
REGION1,DEMINDDSL,2036,77.97
REGION1,DEMINDDSL,2037,72.4
REGION1,DEMINDDSL,2038,66.83
REGION1,DEMINDDSL,2039,61.26
REGION1,DEMINDDSL,2040,55.69
REGION1,DEMINDDSL,2041,50.12
REGION1,DEMINDDSL,2042,44.55
REGION1,DEMINDDSL,2043,38.98
REGION1,DEMINDDSL,2044,33.41
REGION1,DEMINDDSL,2045,27.85
REGION1,DEMINDDSL,2046,22.28
REGION1,DEMINDDSL,2047,16.71
REGION1,DEMINDDSL,2048,11.14
REGION1,DEMINDDSL,2049,5.57
REGION1,DEMINDELCB02,2020,101.14
REGION1,DEMINDELCB02,2021,101.4
REGION1,DEMINDELCB02,2022,101.77
REGION1,DEMINDELCB02,2023,102.35
REGION1,DEMINDELCB02,2024,114.88
REGION1,DEMINDELCB02,2025,116.99
REGION1,DEMINDELCB02,2026,120.41
REGION1,DEMINDELCB02,2027,120.37
REGION1,DEMINDELCB02,2028,119.91
REGION1,DEMINDELCB02,2029,119.3
REGION1,DEMINDELCB02,2030,120.42
REGION1,DEMINDELCB02,2031,154.05
REGION1,DEMINDELCB02,2032,187.68
REGION1,DEMINDELCB02,2033,221.31
REGION1,DEMINDELCB02,2034,254.95
REGION1,DEMINDELCB02,2035,288.58
REGION1,DEMINDELCB02,2036,322.21
REGION1,DEMINDELCB02,2037,355.84
REGION1,DEMINDELCB02,2038,389.47
REGION1,DEMINDELCB02,2039,423.1
REGION1,DEMINDELCB02,2040,456.74
REGION1,DEMINDELCB02,2041,490.37
REGION1,DEMINDELCB02,2042,524.0
REGION1,DEMINDELCB02,2043,557.63
REGION1,DEMINDELCB02,2044,591.26
REGION1,DEMINDELCB02,2045,624.89
REGION1,DEMINDELCB02,2046,658.53
REGION1,DEMINDELCB02,2047,692.16
REGION1,DEMINDELCB02,2048,725.79
REGION1,DEMINDELCB02,2049,759.42
REGION1,DEMINDELCB02,2050,793.05
REGION1,DEMINDNGS,2020,224.86
REGION1,DEMINDNGS,2021,219.32
REGION1,DEMINDNGS,2022,213.92
REGION1,DEMINDNGS,2023,211.63
REGION1,DEMINDNGS,2024,221.34
REGION1,DEMINDNGS,2025,242.83
REGION1,DEMINDNGS,2026,275.13
REGION1,DEMINDNGS,2027,283.17
REGION1,DEMINDNGS,2028,284.61
REGION1,DEMINDNGS,2029,286.56
REGION1,DEMINDNGS,2030,304.7
REGION1,DEMINDNGS,2031,289.47
REGION1,DEMINDNGS,2032,274.23
REGION1,DEMINDNGS,2033,259.0
REGION1,DEMINDNGS,2034,243.76
REGION1,DEMINDNGS,2035,228.53
REGION1,DEMINDNGS,2036,213.29
REGION1,DEMINDNGS,2037,198.06
REGION1,DEMINDNGS,2038,182.82
REGION1,DEMINDNGS,2039,167.59
REGION1,DEMINDNGS,2040,152.35
REGION1,DEMINDNGS,2041,137.12
REGION1,DEMINDNGS,2042,121.88
REGION1,DEMINDNGS,2043,106.65
REGION1,DEMINDNGS,2044,91.41
REGION1,DEMINDNGS,2045,76.18
REGION1,DEMINDNGS,2046,60.94
REGION1,DEMINDNGS,2047,45.71
REGION1,DEMINDNGS,2048,30.47
REGION1,DEMINDNGS,2049,15.24
REGION1,DEMPUBSURBC1,2020,0.85
REGION1,DEMPUBSURBC1,2021,0.86
REGION1,DEMPUBSURBC1,2022,0.86
REGION1,DEMPUBSURBC1,2023,0.87
REGION1,DEMPUBSURBC1,2024,0.88
REGION1,DEMPUBSURBC1,2025,0.89
REGION1,DEMPUBSURBC1,2026,0.9
REGION1,DEMPUBSURBC1,2027,0.91
REGION1,DEMPUBSURBC1,2028,0.92
REGION1,DEMPUBSURBC1,2029,0.93
REGION1,DEMPUBSURBC1,2030,0.94
REGION1,DEMPUBSURBC1,2031,0.95
REGION1,DEMPUBSURBC1,2032,0.96
REGION1,DEMPUBSURBC1,2033,0.98
REGION1,DEMPUBSURBC1,2034,0.99
REGION1,DEMPUBSURBC1,2035,1.0
REGION1,DEMPUBSURBC1,2036,1.01
REGION1,DEMPUBSURBC1,2037,1.02
REGION1,DEMPUBSURBC1,2038,1.03
REGION1,DEMPUBSURBC1,2039,1.04
REGION1,DEMPUBSURBC1,2040,1.05
REGION1,DEMPUBSURBC1,2041,1.06
REGION1,DEMPUBSURBC1,2042,1.08
REGION1,DEMPUBSURBC1,2043,1.09
REGION1,DEMPUBSURBC1,2044,1.1
REGION1,DEMPUBSURBC1,2045,1.11
REGION1,DEMPUBSURBC1,2046,1.12
REGION1,DEMPUBSURBC1,2047,1.14
REGION1,DEMPUBSURBC1,2048,1.15
REGION1,DEMPUBSURBC1,2049,1.16
REGION1,DEMPUBSURBC1,2050,1.17
REGION1,DEMPWRBIO,2020,36.8995
REGION1,DEMPWRBIO,2021,36.8995
REGION1,DEMPWRBIO,2022,36.8995
REGION1,DEMPWRBIO,2023,36.8995
REGION1,DEMPWRBIO,2024,36.8995
REGION1,DEMPWRBIO,2025,36.8995
REGION1,DEMPWRBIO,2026,36.8995
REGION1,DEMPWRBIO,2027,36.8995
REGION1,DEMPWRBIO,2028,36.8995
REGION1,DEMPWRBIO,2029,36.8995
REGION1,DEMPWRBIO,2030,36.8995
REGION1,DEMPWRBIO,2031,36.8995
REGION1,DEMPWRBIO,2032,36.8995
REGION1,DEMPWRBIO,2033,36.8995
REGION1,DEMPWRBIO,2034,36.8995
REGION1,DEMPWRBIO,2035,36.8995
REGION1,DEMPWRBIO,2036,36.8995
REGION1,DEMPWRBIO,2037,36.8995
REGION1,DEMPWRBIO,2038,36.8995
REGION1,DEMPWRBIO,2039,36.8995
REGION1,DEMPWRBIO,2040,36.8995
REGION1,DEMPWRBIO,2041,36.8995
REGION1,DEMPWRBIO,2042,36.8995
REGION1,DEMPWRBIO,2043,36.8995
REGION1,DEMPWRBIO,2044,36.8995
REGION1,DEMPWRBIO,2045,36.8995
REGION1,DEMPWRBIO,2046,36.8995
REGION1,DEMPWRBIO,2047,42.3625
REGION1,DEMPWRBIO,2048,103.6628
REGION1,DEMPWRBIO,2049,116.7135
REGION1,DEMPWRBIO,2050,116.7135
REGION1,DEMPWRGEO,2026,99.7125
REGION1,DEMPWRGEO,2027,185.2993
REGION1,DEMPWRGEO,2028,267.7765
REGION1,DEMPWRGEO,2029,349.0691
REGION1,DEMPWRGEO,2030,443.1701
REGION1,DEMPWRGEO,2031,543.5108
REGION1,DEMPWRGEO,2032,543.5108
REGION1,DEMPWRGEO,2033,543.5108
REGION1,DEMPWRGEO,2034,543.5108
REGION1,DEMPWRGEO,2035,543.5108
REGION1,DEMPWRGEO,2036,543.5108
REGION1,DEMPWRGEO,2037,863.7518
REGION1,DEMPWRGEO,2038,1014.5534
REGION1,DEMPWRGEO,2039,1014.5534
REGION1,DEMPWRGEO,2040,1014.5534
REGION1,DEMPWRGEO,2041,1014.5534
REGION1,DEMPWRGEO,2042,1014.5534
REGION1,DEMPWRGEO,2043,1014.5534
REGION1,DEMPWRGEO,2044,1014.5534
REGION1,DEMPWRGEO,2045,1014.5534
REGION1,DEMPWRGEO,2046,1014.5534
REGION1,DEMPWRGEO,2047,1014.5534
REGION1,DEMPWRGEO,2048,1014.5534
REGION1,DEMPWRGEO,2049,1014.5534
REGION1,DEMPWRGEO,2050,1014.5534
REGION1,DEMPWRHYD,2020,240.933
REGION1,DEMPWRHYD,2021,240.933
REGION1,DEMPWRHYD,2022,240.933
REGION1,DEMPWRHYD,2023,240.933
REGION1,DEMPWRHYD,2024,240.933
REGION1,DEMPWRHYD,2025,258.1044
REGION1,DEMPWRHYD,2026,258.1044
REGION1,DEMPWRHYD,2027,258.1044
REGION1,DEMPWRHYD,2028,258.1044
REGION1,DEMPWRHYD,2029,258.1044
REGION1,DEMPWRHYD,2030,258.1044
REGION1,DEMPWRHYD,2031,258.1044
REGION1,DEMPWRHYD,2032,258.1044
REGION1,DEMPWRHYD,2033,258.1044
REGION1,DEMPWRHYD,2034,258.1044
REGION1,DEMPWRHYD,2035,258.1044
REGION1,DEMPWRHYD,2036,258.1044
REGION1,DEMPWRHYD,2037,258.1044
REGION1,DEMPWRHYD,2038,258.1044
REGION1,DEMPWRHYD,2039,258.1044
REGION1,DEMPWRHYD,2040,258.1044
REGION1,DEMPWRHYD,2041,258.1044
REGION1,DEMPWRHYD,2042,274.1932
REGION1,DEMPWRHYD,2043,314.8912
REGION1,DEMPWRHYD,2044,353.4794
REGION1,DEMPWRHYD,2045,391.6575
REGION1,DEMPWRHYD,2046,428.2569
REGION1,DEMPWRHYD,2047,428.2569
REGION1,DEMPWRHYD,2048,428.2569
REGION1,DEMPWRHYD,2049,428.2569
REGION1,DEMPWRHYD,2050,428.2569
REGION1,DEMPWRNGS,2024,21.3559
REGION1,DEMPWRNGS,2039,1.8085
REGION1,DEMPWRNGS,2040,6.0168
REGION1,DEMPWRNGS,2041,10.2241
REGION1,DEMPWRNGS,2042,9.5869
REGION1,DEMPWRNGS,2043,1.3481
REGION1,DEMPWRNGS,2049,69.6568
REGION1,DEMPWRSOL,2020,0.0157
REGION1,DEMPWRSOL,2021,0.0157
REGION1,DEMPWRSOL,2022,0.0157
REGION1,DEMPWRSOL,2023,0.0157
REGION1,DEMPWRSOL,2024,0.0157
REGION1,DEMPWRSOL,2025,0.0157
REGION1,DEMPWRSOL,2026,0.0157
REGION1,DEMPWRSOL,2027,0.0157
REGION1,DEMPWRSOL,2028,0.0157
REGION1,DEMPWRSOL,2029,0.0157
REGION1,DEMPWRSOL,2030,0.0157
REGION1,DEMPWRSOL,2031,0.0157
REGION1,DEMPWRSOL,2032,0.0157
REGION1,DEMPWRSOL,2033,0.0157
REGION1,DEMPWRSOL,2034,0.0157
REGION1,DEMPWRSOL,2035,0.0157
REGION1,DEMPWRSOL,2036,0.0157
REGION1,DEMPWRSOL,2037,0.0157
REGION1,DEMPWRSOL,2038,83.4821
REGION1,DEMPWRSOL,2039,227.8332
REGION1,DEMPWRSOL,2040,366.5079
REGION1,DEMPWRSOL,2041,505.1519
REGION1,DEMPWRSOL,2042,612.1953
REGION1,DEMPWRSOL,2043,678.1126
REGION1,DEMPWRSOL,2044,734.6079
REGION1,DEMPWRSOL,2045,791.3802
REGION1,DEMPWRSOL,2046,845.7043
REGION1,DEMPWRSOL,2047,845.7043
REGION1,DEMPWRSOL,2048,884.6034
REGION1,DEMPWRSOL,2049,941.1111
REGION1,DEMPWRSOL,2050,1156.4079
REGION1,DEMPWRSURBC1,2020,0.3768
REGION1,DEMPWRSURBC1,2021,0.3768
REGION1,DEMPWRSURBC1,2022,0.3768
REGION1,DEMPWRSURBC1,2023,0.3768
REGION1,DEMPWRSURBC1,2024,0.5563
REGION1,DEMPWRSURBC1,2025,0.3768
REGION1,DEMPWRSURBC1,2026,0.4082
REGION1,DEMPWRSURBC1,2027,0.4351
REGION1,DEMPWRSURBC1,2028,0.4611
REGION1,DEMPWRSURBC1,2029,0.4867
REGION1,DEMPWRSURBC1,2030,0.5163
REGION1,DEMPWRSURBC1,2031,1.877
REGION1,DEMPWRSURBC1,2032,3.7748
REGION1,DEMPWRSURBC1,2033,5.6717
REGION1,DEMPWRSURBC1,2034,7.5699
REGION1,DEMPWRSURBC1,2035,9.4939
REGION1,DEMPWRSURBC1,2036,11.3912
REGION1,DEMPWRSURBC1,2037,11.624
REGION1,DEMPWRSURBC1,2038,11.6715
REGION1,DEMPWRSURBC1,2039,11.6867
REGION1,DEMPWRSURBC1,2040,11.7221
REGION1,DEMPWRSURBC1,2041,11.7574
REGION1,DEMPWRSURBC1,2042,11.7521
REGION1,DEMPWRSURBC1,2043,11.6828
REGION1,DEMPWRSURBC1,2044,11.6715
REGION1,DEMPWRSURBC1,2045,11.6715
REGION1,DEMPWRSURBC1,2046,11.6715
REGION1,DEMPWRSURBC1,2047,11.7273
REGION1,DEMPWRSURBC1,2048,12.3532
REGION1,DEMPWRSURBC1,2049,13.0721
REGION1,DEMPWRSURBC1,2050,10.0387
REGION1,DEMPWRURN,2031,105.4852
REGION1,DEMPWRURN,2032,256.1011
REGION1,DEMPWRURN,2033,406.6504
REGION1,DEMPWRURN,2034,557.2996
REGION1,DEMPWRURN,2035,709.9974
REGION1,DEMPWRURN,2036,860.58
REGION1,DEMPWRURN,2037,871.0559
REGION1,DEMPWRURN,2038,871.0559
REGION1,DEMPWRURN,2039,871.0559
REGION1,DEMPWRURN,2040,871.0559
REGION1,DEMPWRURN,2041,871.0559
REGION1,DEMPWRURN,2042,871.0559
REGION1,DEMPWRURN,2043,871.0559
REGION1,DEMPWRURN,2044,871.0559
REGION1,DEMPWRURN,2045,871.0559
REGION1,DEMPWRURN,2046,871.0559
REGION1,DEMPWRURN,2047,871.0559
REGION1,DEMPWRURN,2048,871.0559
REGION1,DEMPWRURN,2049,871.0559
REGION1,DEMPWRURN,2050,676.7942
REGION1,DEMPWRWND,2020,153.7001
REGION1,DEMPWRWND,2021,166.9698
REGION1,DEMPWRWND,2022,179.833
REGION1,DEMPWRWND,2023,193.768
REGION1,DEMPWRWND,2024,224.6478
REGION1,DEMPWRWND,2025,224.6478
REGION1,DEMPWRWND,2026,230.3478
REGION1,DEMPWRWND,2027,230.3478
REGION1,DEMPWRWND,2028,230.3478
REGION1,DEMPWRWND,2029,230.3478
REGION1,DEMPWRWND,2030,230.3478
REGION1,DEMPWRWND,2031,230.3478
REGION1,DEMPWRWND,2032,230.3478
REGION1,DEMPWRWND,2033,230.3478
REGION1,DEMPWRWND,2034,230.3478
REGION1,DEMPWRWND,2035,228.0368
REGION1,DEMPWRWND,2036,228.0368
REGION1,DEMPWRWND,2037,223.6749
REGION1,DEMPWRWND,2038,218.0469
REGION1,DEMPWRWND,2039,214.3002
REGION1,DEMPWRWND,2040,214.3002
REGION1,DEMPWRWND,2041,214.3002
REGION1,DEMPWRWND,2042,214.3002
REGION1,DEMPWRWND,2043,206.1696
REGION1,DEMPWRWND,2044,206.1696
REGION1,DEMPWRWND,2045,205.276
REGION1,DEMPWRWND,2046,211.5964
REGION1,DEMPWRWND,2047,372.3231
REGION1,DEMPWRWND,2048,422.3947
REGION1,DEMPWRWND,2049,422.3947
REGION1,DEMPWRWND,2050,639.5135
REGION1,DEMRESBIO,2020,12.98
REGION1,DEMRESBIO,2021,13.23
REGION1,DEMRESBIO,2022,13.45
REGION1,DEMRESBIO,2023,13.72
REGION1,DEMRESBIO,2024,14.0
REGION1,DEMRESBIO,2025,14.26
REGION1,DEMRESBIO,2026,13.69
REGION1,DEMRESBIO,2027,13.12
REGION1,DEMRESBIO,2028,12.55
REGION1,DEMRESBIO,2029,11.98
REGION1,DEMRESBIO,2030,11.41
REGION1,DEMRESBIO,2031,10.84
REGION1,DEMRESBIO,2032,10.27
REGION1,DEMRESBIO,2033,9.7
REGION1,DEMRESBIO,2034,9.13
REGION1,DEMRESBIO,2035,8.56
REGION1,DEMRESBIO,2036,7.99
REGION1,DEMRESBIO,2037,7.42
REGION1,DEMRESBIO,2038,6.85
REGION1,DEMRESBIO,2039,6.27
REGION1,DEMRESBIO,2040,5.7
REGION1,DEMRESBIO,2041,5.13
REGION1,DEMRESBIO,2042,4.56
REGION1,DEMRESBIO,2043,3.99
REGION1,DEMRESBIO,2044,3.42
REGION1,DEMRESBIO,2045,2.85
REGION1,DEMRESBIO,2046,2.28
REGION1,DEMRESBIO,2047,1.71
REGION1,DEMRESBIO,2048,1.14
REGION1,DEMRESBIO,2049,0.57
REGION1,DEMRESELCB02,2020,74.47
REGION1,DEMRESELCB02,2021,76.13
REGION1,DEMRESELCB02,2022,77.71
REGION1,DEMRESELCB02,2023,79.46
REGION1,DEMRESELCB02,2024,81.07
REGION1,DEMRESELCB02,2025,82.68
REGION1,DEMRESELCB02,2026,84.62
REGION1,DEMRESELCB02,2027,86.57
REGION1,DEMRESELCB02,2028,88.51
REGION1,DEMRESELCB02,2029,90.45
REGION1,DEMRESELCB02,2030,92.39
REGION1,DEMRESELCB02,2031,94.34
REGION1,DEMRESELCB02,2032,96.28
REGION1,DEMRESELCB02,2033,98.22
REGION1,DEMRESELCB02,2034,100.16
REGION1,DEMRESELCB02,2035,102.11
REGION1,DEMRESELCB02,2036,104.05
REGION1,DEMRESELCB02,2037,105.99
REGION1,DEMRESELCB02,2038,107.94
REGION1,DEMRESELCB02,2039,109.88
REGION1,DEMRESELCB02,2040,111.82
REGION1,DEMRESELCB02,2041,113.76
REGION1,DEMRESELCB02,2042,115.71
REGION1,DEMRESELCB02,2043,117.65
REGION1,DEMRESELCB02,2044,119.59
REGION1,DEMRESELCB02,2045,121.53
REGION1,DEMRESELCB02,2046,123.48
REGION1,DEMRESELCB02,2047,125.42
REGION1,DEMRESELCB02,2048,127.36
REGION1,DEMRESELCB02,2049,129.31
REGION1,DEMRESELCB02,2050,131.25
REGION1,DEMRESKER,2020,0.84
REGION1,DEMRESKER,2021,0.85
REGION1,DEMRESKER,2022,0.86
REGION1,DEMRESKER,2023,0.87
REGION1,DEMRESKER,2024,0.87
REGION1,DEMRESKER,2025,0.87
REGION1,DEMRESKER,2026,0.88
REGION1,DEMRESKER,2027,0.88
REGION1,DEMRESKER,2028,0.88
REGION1,DEMRESKER,2029,0.88
REGION1,DEMRESKER,2030,0.88
REGION1,DEMRESKER,2031,0.88
REGION1,DEMRESKER,2032,0.88
REGION1,DEMRESKER,2033,0.88
REGION1,DEMRESKER,2034,0.88
REGION1,DEMRESKER,2035,0.88
REGION1,DEMRESKER,2036,0.88
REGION1,DEMRESKER,2037,0.87
REGION1,DEMRESKER,2038,0.87
REGION1,DEMRESKER,2039,0.87
REGION1,DEMRESKER,2040,0.86
REGION1,DEMRESNGS,2020,81.96
REGION1,DEMRESNGS,2021,83.29
REGION1,DEMRESNGS,2022,84.55
REGION1,DEMRESNGS,2023,86.07
REGION1,DEMRESNGS,2024,87.65
REGION1,DEMRESNGS,2025,89.07
REGION1,DEMRESNGS,2026,85.51
REGION1,DEMRESNGS,2027,81.94
REGION1,DEMRESNGS,2028,78.38
REGION1,DEMRESNGS,2029,74.82
REGION1,DEMRESNGS,2030,71.26
REGION1,DEMRESNGS,2031,67.69
REGION1,DEMRESNGS,2032,64.13
REGION1,DEMRESNGS,2033,60.57
REGION1,DEMRESNGS,2034,57.0
REGION1,DEMRESNGS,2035,53.44
REGION1,DEMRESNGS,2036,49.88
REGION1,DEMRESNGS,2037,46.32
REGION1,DEMRESNGS,2038,42.75
REGION1,DEMRESNGS,2039,39.19
REGION1,DEMRESNGS,2040,35.63
REGION1,DEMRESNGS,2041,32.07
REGION1,DEMRESNGS,2042,28.5
REGION1,DEMRESNGS,2043,24.94
REGION1,DEMRESNGS,2044,21.38
REGION1,DEMRESNGS,2045,17.81
REGION1,DEMRESNGS,2046,14.25
REGION1,DEMRESNGS,2047,10.69
REGION1,DEMRESNGS,2048,7.13
REGION1,DEMRESNGS,2049,3.56
REGION1,DEMTRABIO,2020,23.33
REGION1,DEMTRABIO,2021,23.0
REGION1,DEMTRABIO,2022,22.67
REGION1,DEMTRABIO,2023,22.33
REGION1,DEMTRABIO,2024,22.04
REGION1,DEMTRABIO,2025,21.82
REGION1,DEMTRABIO,2026,20.95
REGION1,DEMTRABIO,2027,20.07
REGION1,DEMTRABIO,2028,19.2
REGION1,DEMTRABIO,2029,18.33
REGION1,DEMTRABIO,2030,17.46
REGION1,DEMTRABIO,2031,16.58
REGION1,DEMTRABIO,2032,15.71
REGION1,DEMTRABIO,2033,14.84
REGION1,DEMTRABIO,2034,13.96
REGION1,DEMTRABIO,2035,13.09
REGION1,DEMTRABIO,2036,12.22
REGION1,DEMTRABIO,2037,11.35
REGION1,DEMTRABIO,2038,10.47
REGION1,DEMTRABIO,2039,9.6
REGION1,DEMTRABIO,2040,8.73
REGION1,DEMTRABIO,2041,7.86
REGION1,DEMTRABIO,2042,6.98
REGION1,DEMTRABIO,2043,6.11
REGION1,DEMTRABIO,2044,5.24
REGION1,DEMTRABIO,2045,4.36
REGION1,DEMTRABIO,2046,3.49
REGION1,DEMTRABIO,2047,2.62
REGION1,DEMTRABIO,2048,1.75
REGION1,DEMTRABIO,2049,0.87
REGION1,DEMTRADSL,2020,98.81
REGION1,DEMTRADSL,2021,97.58
REGION1,DEMTRADSL,2022,96.06
REGION1,DEMTRADSL,2023,94.79
REGION1,DEMTRADSL,2024,93.85
REGION1,DEMTRADSL,2025,93.41
REGION1,DEMTRADSL,2026,89.67
REGION1,DEMTRADSL,2027,85.94
REGION1,DEMTRADSL,2028,82.2
REGION1,DEMTRADSL,2029,78.46
REGION1,DEMTRADSL,2030,74.73
REGION1,DEMTRADSL,2031,70.99
REGION1,DEMTRADSL,2032,67.26
REGION1,DEMTRADSL,2033,63.52
REGION1,DEMTRADSL,2034,59.78
REGION1,DEMTRADSL,2035,56.05
REGION1,DEMTRADSL,2036,52.31
REGION1,DEMTRADSL,2037,48.57
REGION1,DEMTRADSL,2038,44.84
REGION1,DEMTRADSL,2039,41.1
REGION1,DEMTRADSL,2040,37.36
REGION1,DEMTRADSL,2041,33.63
REGION1,DEMTRADSL,2042,29.89
REGION1,DEMTRADSL,2043,26.15
REGION1,DEMTRADSL,2044,22.42
REGION1,DEMTRADSL,2045,18.68
REGION1,DEMTRADSL,2046,14.95
REGION1,DEMTRADSL,2047,11.21
REGION1,DEMTRADSL,2048,7.47
REGION1,DEMTRADSL,2049,3.74
REGION1,DEMTRAELCB02,2020,1.24
REGION1,DEMTRAELCB02,2021,1.62
REGION1,DEMTRAELCB02,2022,2.08
REGION1,DEMTRAELCB02,2023,2.64
REGION1,DEMTRAELCB02,2024,3.26
REGION1,DEMTRAELCB02,2025,4.06
REGION1,DEMTRAELCB02,2026,10.46
REGION1,DEMTRAELCB02,2027,16.86
REGION1,DEMTRAELCB02,2028,23.27
REGION1,DEMTRAELCB02,2029,29.67
REGION1,DEMTRAELCB02,2030,36.07
REGION1,DEMTRAELCB02,2031,42.47
REGION1,DEMTRAELCB02,2032,48.88
REGION1,DEMTRAELCB02,2033,55.28
REGION1,DEMTRAELCB02,2034,61.68
REGION1,DEMTRAELCB02,2035,68.08
REGION1,DEMTRAELCB02,2036,74.48
REGION1,DEMTRAELCB02,2037,80.89
REGION1,DEMTRAELCB02,2038,87.29
REGION1,DEMTRAELCB02,2039,93.69
REGION1,DEMTRAELCB02,2040,100.09
REGION1,DEMTRAELCB02,2041,106.5
REGION1,DEMTRAELCB02,2042,112.9
REGION1,DEMTRAELCB02,2043,119.3
REGION1,DEMTRAELCB02,2044,125.7
REGION1,DEMTRAELCB02,2045,132.1
REGION1,DEMTRAELCB02,2046,138.51
REGION1,DEMTRAELCB02,2047,144.91
REGION1,DEMTRAELCB02,2048,151.31
REGION1,DEMTRAELCB02,2049,157.71
REGION1,DEMTRAELCB02,2050,164.11
REGION1,DEMTRAGSL,2020,153.58
REGION1,DEMTRAGSL,2021,150.89
REGION1,DEMTRAGSL,2022,148.2
REGION1,DEMTRAGSL,2023,145.36
REGION1,DEMTRAGSL,2024,142.73
REGION1,DEMTRAGSL,2025,140.26
REGION1,DEMTRAGSL,2026,134.65
REGION1,DEMTRAGSL,2027,129.04
REGION1,DEMTRAGSL,2028,123.43
REGION1,DEMTRAGSL,2029,117.82
REGION1,DEMTRAGSL,2030,112.21
REGION1,DEMTRAGSL,2031,106.6
REGION1,DEMTRAGSL,2032,100.99
REGION1,DEMTRAGSL,2033,95.38
REGION1,DEMTRAGSL,2034,89.77
REGION1,DEMTRAGSL,2035,84.16
REGION1,DEMTRAGSL,2036,78.55
REGION1,DEMTRAGSL,2037,72.94
REGION1,DEMTRAGSL,2038,67.32
REGION1,DEMTRAGSL,2039,61.71
REGION1,DEMTRAGSL,2040,56.1
REGION1,DEMTRAGSL,2041,50.49
REGION1,DEMTRAGSL,2042,44.88
REGION1,DEMTRAGSL,2043,39.27
REGION1,DEMTRAGSL,2044,33.66
REGION1,DEMTRAGSL,2045,28.05
REGION1,DEMTRAGSL,2046,22.44
REGION1,DEMTRAGSL,2047,16.83
REGION1,DEMTRAGSL,2048,11.22
REGION1,DEMTRAGSL,2049,5.61
REGION1,DEMTRAHFO,2020,10.69
REGION1,DEMTRAHFO,2021,10.45
REGION1,DEMTRAHFO,2022,10.2
REGION1,DEMTRAHFO,2023,9.96
REGION1,DEMTRAHFO,2024,9.75
REGION1,DEMTRAHFO,2025,9.59
REGION1,DEMTRAHFO,2026,9.45
REGION1,DEMTRAHFO,2027,9.33
REGION1,DEMTRAHFO,2028,9.2
REGION1,DEMTRAHFO,2029,9.06
REGION1,DEMTRAHFO,2030,8.93
REGION1,DEMTRAHFO,2031,8.48
REGION1,DEMTRAHFO,2032,8.04
REGION1,DEMTRAHFO,2033,7.59
REGION1,DEMTRAHFO,2034,7.14
REGION1,DEMTRAHFO,2035,6.7
REGION1,DEMTRAHFO,2036,6.25
REGION1,DEMTRAHFO,2037,5.8
REGION1,DEMTRAHFO,2038,5.36
REGION1,DEMTRAHFO,2039,4.91
REGION1,DEMTRAHFO,2040,4.47
REGION1,DEMTRAHFO,2041,4.02
REGION1,DEMTRAHFO,2042,3.57
REGION1,DEMTRAHFO,2043,3.13
REGION1,DEMTRAHFO,2044,2.68
REGION1,DEMTRAHFO,2045,2.23
REGION1,DEMTRAHFO,2046,1.79
REGION1,DEMTRAHFO,2047,1.34
REGION1,DEMTRAHFO,2048,0.89
REGION1,DEMTRAHFO,2049,0.45
REGION1,DEMTRAJFL,2020,39.54
REGION1,DEMTRAJFL,2021,38.89
REGION1,DEMTRAJFL,2022,38.61
REGION1,DEMTRAJFL,2023,38.53
REGION1,DEMTRAJFL,2024,38.73
REGION1,DEMTRAJFL,2025,39.17
REGION1,DEMTRAJFL,2026,39.68
REGION1,DEMTRAJFL,2027,40.21
REGION1,DEMTRAJFL,2028,40.63
REGION1,DEMTRAJFL,2029,40.96
REGION1,DEMTRAJFL,2030,41.33
REGION1,DEMTRAJFL,2031,39.26
REGION1,DEMTRAJFL,2032,37.2
REGION1,DEMTRAJFL,2033,35.13
REGION1,DEMTRAJFL,2034,33.06
REGION1,DEMTRAJFL,2035,31.0
REGION1,DEMTRAJFL,2036,28.93
REGION1,DEMTRAJFL,2037,26.86
REGION1,DEMTRAJFL,2038,24.8
REGION1,DEMTRAJFL,2039,22.73
REGION1,DEMTRAJFL,2040,20.67
REGION1,DEMTRAJFL,2041,18.6
REGION1,DEMTRAJFL,2042,16.53
REGION1,DEMTRAJFL,2043,14.47
REGION1,DEMTRAJFL,2044,12.4
REGION1,DEMTRAJFL,2045,10.33
REGION1,DEMTRAJFL,2046,8.27
REGION1,DEMTRAJFL,2047,6.2
REGION1,DEMTRAJFL,2048,4.13
REGION1,DEMTRAJFL,2049,2.07
REGION1,DEMTRALPG,2020,2.66
REGION1,DEMTRALPG,2021,2.72
REGION1,DEMTRALPG,2022,2.79
REGION1,DEMTRALPG,2023,2.86
REGION1,DEMTRALPG,2024,2.91
REGION1,DEMTRALPG,2025,2.96
REGION1,DEMTRALPG,2026,3.02
REGION1,DEMTRALPG,2027,3.07
REGION1,DEMTRALPG,2028,3.13
REGION1,DEMTRALPG,2029,3.17
REGION1,DEMTRALPG,2030,3.2
REGION1,DEMTRALPG,2031,3.21
REGION1,DEMTRALPG,2032,3.2
REGION1,DEMTRALPG,2033,3.16
REGION1,DEMTRALPG,2034,3.11
REGION1,DEMTRALPG,2035,3.03
REGION1,DEMTRALPG,2036,2.93
REGION1,DEMTRALPG,2037,2.81
REGION1,DEMTRALPG,2038,2.68
REGION1,DEMTRALPG,2039,2.52
REGION1,DEMTRALPG,2040,2.35
REGION1,DEMTRALPG,2041,2.603
REGION1,DEMTRALPG,2042,2.557
REGION1,DEMTRALPG,2043,2.511
REGION1,DEMTRALPG,2044,2.464
REGION1,DEMTRALPG,2045,2.418
REGION1,DEMTRALPG,2046,2.372
REGION1,DEMTRALPG,2047,2.326
REGION1,DEMTRALPG,2048,2.279
REGION1,DEMTRALPG,2049,2.233
REGION1,DEMTRANGS,2020,1.8
REGION1,DEMTRANGS,2021,2.04
REGION1,DEMTRANGS,2022,2.6
REGION1,DEMTRANGS,2023,2.86
REGION1,DEMTRANGS,2024,3.17
REGION1,DEMTRANGS,2025,3.55
REGION1,DEMTRANGS,2026,3.41
REGION1,DEMTRANGS,2027,3.27
REGION1,DEMTRANGS,2028,3.12
REGION1,DEMTRANGS,2029,2.98
REGION1,DEMTRANGS,2030,2.84
REGION1,DEMTRANGS,2031,2.7
REGION1,DEMTRANGS,2032,2.56
REGION1,DEMTRANGS,2033,2.41
REGION1,DEMTRANGS,2034,2.27
REGION1,DEMTRANGS,2035,2.13
REGION1,DEMTRANGS,2036,1.99
REGION1,DEMTRANGS,2037,1.85
REGION1,DEMTRANGS,2038,1.7
REGION1,DEMTRANGS,2039,1.56
REGION1,DEMTRANGS,2040,1.42
REGION1,DEMTRANGS,2041,1.28
REGION1,DEMTRANGS,2042,1.14
REGION1,DEMTRANGS,2043,0.99
REGION1,DEMTRANGS,2044,0.85
REGION1,DEMTRANGS,2045,0.71
REGION1,DEMTRANGS,2046,0.57
REGION1,DEMTRANGS,2047,0.43
REGION1,DEMTRANGS,2048,0.28
REGION1,DEMTRANGS,2049,0.14
REGION1,IMPDSL,2020,222.15
REGION1,IMPDSL,2021,221.328
REGION1,IMPDSL,2022,219.707
REGION1,IMPDSL,2023,218.392
REGION1,IMPDSL,2024,218.774
REGION1,IMPDSL,2025,219.701
REGION1,IMPDSL,2026,216.535
REGION1,IMPDSL,2027,213.259
REGION1,IMPDSL,2028,209.434
REGION1,IMPDSL,2029,204.988
REGION1,IMPDSL,2030,200.623
REGION1,IMPDSL,2031,190.587
REGION1,IMPDSL,2032,180.561
REGION1,IMPDSL,2033,170.526
REGION1,IMPDSL,2034,160.49
REGION1,IMPDSL,2035,150.475
REGION1,IMPDSL,2036,140.439
REGION1,IMPDSL,2037,130.404
REGION1,IMPDSL,2038,120.378
REGION1,IMPDSL,2039,110.342
REGION1,IMPDSL,2040,100.307
REGION1,IMPDSL,2041,90.281
REGION1,IMPDSL,2042,80.246
REGION1,IMPDSL,2043,70.21
REGION1,IMPDSL,2044,60.184
REGION1,IMPDSL,2045,50.159
REGION1,IMPDSL,2046,40.133
REGION1,IMPDSL,2047,30.098
REGION1,IMPDSL,2048,20.062
REGION1,IMPDSL,2049,10.037
REGION1,IMPGSL,2020,153.58
REGION1,IMPGSL,2021,150.89
REGION1,IMPGSL,2022,148.2
REGION1,IMPGSL,2023,145.36
REGION1,IMPGSL,2024,142.73
REGION1,IMPGSL,2025,140.26
REGION1,IMPGSL,2026,134.65
REGION1,IMPGSL,2027,129.04
REGION1,IMPGSL,2028,123.43
REGION1,IMPGSL,2029,117.82
REGION1,IMPGSL,2030,112.21
REGION1,IMPGSL,2031,106.6
REGION1,IMPGSL,2032,100.99
REGION1,IMPGSL,2033,95.38
REGION1,IMPGSL,2034,89.77
REGION1,IMPGSL,2035,84.16
REGION1,IMPGSL,2036,78.55
REGION1,IMPGSL,2037,72.94
REGION1,IMPGSL,2038,67.32
REGION1,IMPGSL,2039,61.71
REGION1,IMPGSL,2040,56.1
REGION1,IMPGSL,2041,50.49
REGION1,IMPGSL,2042,44.88
REGION1,IMPGSL,2043,39.27
REGION1,IMPGSL,2044,33.66
REGION1,IMPGSL,2045,28.05
REGION1,IMPGSL,2046,22.44
REGION1,IMPGSL,2047,16.83
REGION1,IMPGSL,2048,11.22
REGION1,IMPGSL,2049,5.61
REGION1,IMPHFO,2020,10.69
REGION1,IMPHFO,2021,10.45
REGION1,IMPHFO,2022,10.2
REGION1,IMPHFO,2023,9.96
REGION1,IMPHFO,2024,9.75
REGION1,IMPHFO,2025,9.59
REGION1,IMPHFO,2026,9.45
REGION1,IMPHFO,2027,9.33
REGION1,IMPHFO,2028,9.2
REGION1,IMPHFO,2029,9.06
REGION1,IMPHFO,2030,8.93
REGION1,IMPHFO,2031,8.48
REGION1,IMPHFO,2032,8.04
REGION1,IMPHFO,2033,7.59
REGION1,IMPHFO,2034,7.14
REGION1,IMPHFO,2035,6.7
REGION1,IMPHFO,2036,6.25
REGION1,IMPHFO,2037,5.8
REGION1,IMPHFO,2038,5.36
REGION1,IMPHFO,2039,4.91
REGION1,IMPHFO,2040,4.47
REGION1,IMPHFO,2041,4.02
REGION1,IMPHFO,2042,3.57
REGION1,IMPHFO,2043,3.13
REGION1,IMPHFO,2044,2.68
REGION1,IMPHFO,2045,2.23
REGION1,IMPHFO,2046,1.79
REGION1,IMPHFO,2047,1.34
REGION1,IMPHFO,2048,0.89
REGION1,IMPHFO,2049,0.45
REGION1,IMPJFL,2020,39.54
REGION1,IMPJFL,2021,38.89
REGION1,IMPJFL,2022,38.61
REGION1,IMPJFL,2023,38.53
REGION1,IMPJFL,2024,38.73
REGION1,IMPJFL,2025,39.17
REGION1,IMPJFL,2026,39.68
REGION1,IMPJFL,2027,40.21
REGION1,IMPJFL,2028,40.63
REGION1,IMPJFL,2029,40.96
REGION1,IMPJFL,2030,41.33
REGION1,IMPJFL,2031,39.26
REGION1,IMPJFL,2032,37.2
REGION1,IMPJFL,2033,35.13
REGION1,IMPJFL,2034,33.06
REGION1,IMPJFL,2035,31.0
REGION1,IMPJFL,2036,28.93
REGION1,IMPJFL,2037,26.86
REGION1,IMPJFL,2038,24.8
REGION1,IMPJFL,2039,22.73
REGION1,IMPJFL,2040,20.67
REGION1,IMPJFL,2041,18.6
REGION1,IMPJFL,2042,16.53
REGION1,IMPJFL,2043,14.47
REGION1,IMPJFL,2044,12.4
REGION1,IMPJFL,2045,10.33
REGION1,IMPJFL,2046,8.27
REGION1,IMPJFL,2047,6.2
REGION1,IMPJFL,2048,4.13
REGION1,IMPJFL,2049,2.07
REGION1,IMPKER,2020,11.41
REGION1,IMPKER,2021,11.65
REGION1,IMPKER,2022,11.86
REGION1,IMPKER,2023,12.04
REGION1,IMPKER,2024,12.2
REGION1,IMPKER,2025,12.35
REGION1,IMPKER,2026,11.9
REGION1,IMPKER,2027,11.44
REGION1,IMPKER,2028,10.98
REGION1,IMPKER,2029,10.52
REGION1,IMPKER,2030,10.06
REGION1,IMPKER,2031,9.61
REGION1,IMPKER,2032,9.15
REGION1,IMPKER,2033,8.69
REGION1,IMPKER,2034,8.23
REGION1,IMPKER,2035,7.77
REGION1,IMPKER,2036,7.31
REGION1,IMPKER,2037,6.84
REGION1,IMPKER,2038,6.38
REGION1,IMPKER,2039,5.92
REGION1,IMPKER,2040,5.45
REGION1,IMPKER,2041,4.13
REGION1,IMPKER,2042,3.67
REGION1,IMPKER,2043,3.22
REGION1,IMPKER,2044,2.76
REGION1,IMPKER,2045,2.3
REGION1,IMPKER,2046,1.84
REGION1,IMPKER,2047,1.38
REGION1,IMPKER,2048,0.92
REGION1,IMPKER,2049,0.46
REGION1,IMPLPG,2020,2.66
REGION1,IMPLPG,2021,2.72
REGION1,IMPLPG,2022,2.79
REGION1,IMPLPG,2023,2.86
REGION1,IMPLPG,2024,2.91
REGION1,IMPLPG,2025,2.96
REGION1,IMPLPG,2026,3.02
REGION1,IMPLPG,2027,3.07
REGION1,IMPLPG,2028,3.13
REGION1,IMPLPG,2029,3.17
REGION1,IMPLPG,2030,3.2
REGION1,IMPLPG,2031,3.21
REGION1,IMPLPG,2032,3.2
REGION1,IMPLPG,2033,3.16
REGION1,IMPLPG,2034,3.11
REGION1,IMPLPG,2035,3.03
REGION1,IMPLPG,2036,2.93
REGION1,IMPLPG,2037,2.81
REGION1,IMPLPG,2038,2.68
REGION1,IMPLPG,2039,2.52
REGION1,IMPLPG,2040,2.35
REGION1,IMPLPG,2041,2.603
REGION1,IMPLPG,2042,2.557
REGION1,IMPLPG,2043,2.511
REGION1,IMPLPG,2044,2.464
REGION1,IMPLPG,2045,2.418
REGION1,IMPLPG,2046,2.372
REGION1,IMPLPG,2047,2.326
REGION1,IMPLPG,2048,2.279
REGION1,IMPLPG,2049,2.233
REGION1,LNDAGRBC1C01,2020,277.6228
REGION1,LNDAGRBC1C01,2021,277.6181
REGION1,LNDAGRBC1C01,2022,277.6228
REGION1,LNDAGRBC1C01,2023,277.6275
REGION1,LNDAGRBC1C01,2024,277.6323
REGION1,LNDAGRBC1C01,2025,277.6371
REGION1,LNDAGRBC1C01,2026,277.642
REGION1,LNDAGRBC1C01,2027,277.6569
REGION1,LNDAGRBC1C01,2028,277.6519
REGION1,LNDAGRBC1C01,2029,277.6569
REGION1,LNDAGRBC1C01,2030,277.662
REGION1,LNDAGRBC1C01,2031,277.6671
REGION1,LNDAGRBC1C01,2032,277.6724
REGION1,LNDAGRBC1C01,2033,277.6776
REGION1,LNDAGRBC1C01,2034,277.6829
REGION1,LNDAGRBC1C01,2035,277.6883
REGION1,LNDAGRBC1C01,2036,277.6937
REGION1,LNDAGRBC1C01,2037,277.6992
REGION1,LNDAGRBC1C01,2038,277.7048
REGION1,LNDAGRBC1C01,2039,277.7104
REGION1,LNDAGRBC1C01,2040,277.7161
REGION1,LNDAGRBC1C01,2041,277.7218
REGION1,LNDAGRBC1C01,2042,277.7335
REGION1,LNDAGRBC1C01,2043,277.7335
REGION1,LNDAGRBC1C01,2044,277.7394
REGION1,LNDAGRBC1C01,2045,277.7454
REGION1,LNDAGRBC1C01,2046,277.7515
REGION1,LNDAGRBC1C01,2047,277.7576
REGION1,LNDAGRBC1C01,2048,277.7638
REGION1,LNDAGRBC1C01,2049,277.7701
REGION1,LNDAGRBC1C01,2050,277.7764
REGION1,LNDAGRBC1C02,2020,26.8803
REGION1,LNDAGRBC1C02,2021,26.8741
REGION1,LNDAGRBC1C02,2022,26.8772
REGION1,LNDAGRBC1C02,2023,26.8803
REGION1,LNDAGRBC1C02,2024,26.8835
REGION1,LNDAGRBC1C02,2025,26.8867
REGION1,LNDAGRBC1C02,2026,26.8899
REGION1,LNDAGRBC1C02,2027,26.9032
REGION1,LNDAGRBC1C02,2028,26.8965
REGION1,LNDAGRBC1C02,2029,26.8998
REGION1,LNDAGRBC1C02,2030,26.9032
REGION1,LNDAGRBC1C02,2031,26.9066
REGION1,LNDAGRBC1C02,2032,26.91
REGION1,LNDAGRBC1C02,2033,26.9135
REGION1,LNDAGRBC1C02,2034,26.917
REGION1,LNDAGRBC1C02,2035,26.9206
REGION1,LNDAGRBC1C02,2036,26.9242
REGION1,LNDAGRBC1C02,2037,26.9278
REGION1,LNDAGRBC1C02,2038,26.9315
REGION1,LNDAGRBC1C02,2039,26.9352
REGION1,LNDAGRBC1C02,2040,26.939
REGION1,LNDAGRBC1C02,2041,26.9428
REGION1,LNDAGRBC1C02,2042,26.9544
REGION1,LNDAGRBC1C02,2043,26.9505
REGION1,LNDAGRBC1C02,2044,26.9544
REGION1,LNDAGRBC1C02,2045,26.9584
REGION1,LNDAGRBC1C02,2046,26.9624
REGION1,LNDAGRBC1C02,2047,26.9665
REGION1,LNDAGRBC1C02,2048,26.9706
REGION1,LNDAGRBC1C02,2049,26.9747
REGION1,LNDAGRBC1C02,2050,26.9789
REGION1,LNDAGRBC1C03,2020,49.3514
REGION1,LNDAGRBC1C03,2021,54.5924
REGION1,LNDAGRBC1C03,2022,54.5576
REGION1,LNDAGRBC1C03,2023,55.5832
REGION1,LNDAGRBC1C03,2024,56.2327
REGION1,LNDAGRBC1C03,2025,56.2555
REGION1,LNDAGRBC1C03,2026,56.4765
REGION1,LNDAGRBC1C03,2027,44.4015
REGION1,LNDAGRBC1C03,2028,44.7517
REGION1,LNDAGRBC1C03,2029,44.9576
REGION1,LNDAGRBC1C03,2030,45.1046
REGION1,LNDAGRBC1C03,2031,45.4229
REGION1,LNDAGRBC1C03,2032,45.3664
REGION1,LNDAGRBC1C03,2033,45.5562
REGION1,LNDAGRBC1C03,2034,45.6537
REGION1,LNDAGRBC1C03,2035,33.0158
REGION1,LNDAGRBC1C03,2036,32.1994
REGION1,LNDAGRBC1C03,2037,32.0728
REGION1,LNDAGRBC1C03,2038,31.8553
REGION1,LNDAGRBC1C03,2039,31.5527
REGION1,LNDAGRBC1C03,2040,31.7048
REGION1,LNDAGRBC1C03,2041,31.9471
REGION1,LNDAGRBC1C03,2042,32.1661
REGION1,LNDAGRBC1C03,2043,32.4003
REGION1,LNDAGRBC1C03,2044,32.6094
REGION1,LNDAGRBC1C03,2045,32.8239
REGION1,LNDAGRBC1C03,2046,33.0335
REGION1,LNDAGRBC1C03,2047,33.2457
REGION1,LNDAGRBC1C03,2048,33.461
REGION1,LNDAGRBC1C03,2049,33.6695
REGION1,LNDAGRBC1C03,2050,33.8841
REGION1,LNDAGRBC1C04,2020,10.7544
REGION1,LNDAGRBC1C04,2021,10.7627
REGION1,LNDAGRBC1C04,2022,10.771
REGION1,LNDAGRBC1C04,2023,10.7794
REGION1,LNDAGRBC1C04,2024,10.7879
REGION1,LNDAGRBC1C04,2025,10.7964
REGION1,LNDAGRBC1C04,2026,10.8051
REGION1,LNDAGRBC1C04,2027,10.8139
REGION1,LNDAGRBC1C04,2028,10.8228
REGION1,LNDAGRBC1C04,2029,10.8317
REGION1,LNDAGRBC1C04,2030,10.8408
REGION1,LNDAGRBC1C04,2031,10.85
REGION1,LNDAGRBC1C04,2032,10.8592
REGION1,LNDAGRBC1C04,2033,10.8686
REGION1,LNDAGRBC1C04,2034,10.8781
REGION1,LNDAGRBC1C04,2035,10.8877
REGION1,LNDAGRBC1C04,2036,10.8974
REGION1,LNDAGRBC1C04,2037,10.9071
REGION1,LNDAGRBC1C04,2038,10.917
REGION1,LNDAGRBC1C04,2039,10.927
REGION1,LNDAGRBC1C04,2040,10.9372
REGION1,LNDAGRBC1C04,2041,10.9474
REGION1,LNDAGRBC1C04,2042,10.9577
REGION1,LNDAGRBC1C04,2043,10.9682
REGION1,LNDAGRBC1C04,2044,10.9788
REGION1,LNDAGRBC1C04,2045,10.9894
REGION1,LNDAGRBC1C04,2046,11.0002
REGION1,LNDAGRBC1C04,2047,11.0112
REGION1,LNDAGRBC1C04,2048,11.0222
REGION1,LNDAGRBC1C04,2049,11.0334
REGION1,LNDAGRBC1C04,2050,11.0447
REGION1,LNDAGRBC1C05,2020,543.9168
REGION1,LNDAGRBC1C05,2021,538.6758
REGION1,LNDAGRBC1C05,2022,538.692
REGION1,LNDAGRBC1C05,2023,537.6474
REGION1,LNDAGRBC1C05,2024,536.9788
REGION1,LNDAGRBC1C05,2025,536.9368
REGION1,LNDAGRBC1C05,2026,536.6962
REGION1,LNDAGRBC1C05,2027,548.7316
REGION1,LNDAGRBC1C05,2028,548.3813
REGION1,LNDAGRBC1C05,2029,548.1553
REGION1,LNDAGRBC1C05,2030,547.988
REGION1,LNDAGRBC1C05,2031,547.649
REGION1,LNDAGRBC1C05,2032,547.6847
REGION1,LNDAGRBC1C05,2033,547.4739
REGION1,LNDAGRBC1C05,2034,547.3552
REGION1,LNDAGRBC1C05,2035,559.9715
REGION1,LNDAGRBC1C05,2036,560.7661
REGION1,LNDAGRBC1C05,2037,560.8709
REGION1,LNDAGRBC1C05,2038,561.0661
REGION1,LNDAGRBC1C05,2039,561.3461
REGION1,LNDAGRBC1C05,2040,561.1713
REGION1,LNDAGRBC1C05,2041,560.906
REGION1,LNDAGRBC1C05,2042,560.6502
REGION1,LNDAGRBC1C05,2043,560.406
REGION1,LNDAGRBC1C05,2044,560.1732
REGION1,LNDAGRBC1C05,2045,559.9348
REGION1,LNDAGRBC1C05,2046,559.7009
REGION1,LNDAGRBC1C05,2047,559.4641
REGION1,LNDAGRBC1C05,2048,559.224
REGION1,LNDAGRBC1C05,2049,558.9903
REGION1,LNDAGRBC1C05,2050,558.7505
REGION1,LNDAGRBC1C06,2020,3.4189
REGION1,LNDAGRBC1C06,2021,3.4194
REGION1,LNDAGRBC1C06,2022,3.4199
REGION1,LNDAGRBC1C06,2023,3.4204
REGION1,LNDAGRBC1C06,2024,3.4209
REGION1,LNDAGRBC1C06,2025,3.4215
REGION1,LNDAGRBC1C06,2026,3.422
REGION1,LNDAGRBC1C06,2027,3.4225
REGION1,LNDAGRBC1C06,2028,3.423
REGION1,LNDAGRBC1C06,2029,3.4236
REGION1,LNDAGRBC1C06,2030,3.4241
REGION1,LNDAGRBC1C06,2031,3.4247
REGION1,LNDAGRBC1C06,2032,3.4252
REGION1,LNDAGRBC1C06,2033,3.4258
REGION1,LNDAGRBC1C06,2034,3.4264
REGION1,LNDAGRBC1C06,2035,3.4269
REGION1,LNDAGRBC1C06,2036,3.4275
REGION1,LNDAGRBC1C06,2037,3.4281
REGION1,LNDAGRBC1C06,2038,3.4287
REGION1,LNDAGRBC1C06,2039,3.4293
REGION1,LNDAGRBC1C06,2040,3.4299
REGION1,LNDAGRBC1C06,2041,3.4305
REGION1,LNDAGRBC1C06,2042,3.4311
REGION1,LNDAGRBC1C06,2043,3.4318
REGION1,LNDAGRBC1C06,2044,3.4324
REGION1,LNDAGRBC1C06,2045,3.433
REGION1,LNDAGRBC1C06,2046,3.4337
REGION1,LNDAGRBC1C06,2047,3.4343
REGION1,LNDAGRBC1C06,2048,3.435
REGION1,LNDAGRBC1C06,2049,3.4357
REGION1,LNDAGRBC1C06,2050,3.4364
REGION1,LNDAGRBC1C07,2020,13.0554
REGION1,LNDAGRBC1C07,2021,13.0575
REGION1,LNDAGRBC1C07,2022,13.0596
REGION1,LNDAGRBC1C07,2023,13.0618
REGION1,LNDAGRBC1C07,2024,13.0639
REGION1,LNDAGRBC1C07,2025,13.0661
REGION1,LNDAGRBC1C07,2026,13.0683
REGION1,LNDAGRBC1C07,2027,13.0705
REGION1,LNDAGRBC1C07,2028,13.0728
REGION1,LNDAGRBC1C07,2029,13.0751
REGION1,LNDAGRBC1C07,2030,13.0774
REGION1,LNDAGRBC1C07,2031,13.0797
REGION1,LNDAGRBC1C07,2032,13.0821
REGION1,LNDAGRBC1C07,2033,13.0844
REGION1,LNDAGRBC1C07,2034,13.0868
REGION1,LNDAGRBC1C07,2035,13.0893
REGION1,LNDAGRBC1C07,2036,13.0917
REGION1,LNDAGRBC1C07,2037,13.0942
REGION1,LNDAGRBC1C07,2038,13.0967
REGION1,LNDAGRBC1C07,2039,13.0993
REGION1,LNDAGRBC1C07,2040,13.1018
REGION1,LNDAGRBC1C07,2041,13.1044
REGION1,LNDAGRBC1C07,2042,13.1071
REGION1,LNDAGRBC1C07,2043,13.1097
REGION1,LNDAGRBC1C07,2044,13.1124
REGION1,LNDAGRBC1C07,2045,13.1151
REGION1,LNDAGRBC1C07,2046,13.1179
REGION1,LNDAGRBC1C07,2047,13.1206
REGION1,LNDAGRBC1C07,2048,13.1234
REGION1,LNDAGRBC1C07,2049,13.1263
REGION1,LNDAGRBC1C07,2050,13.1291
REGION1,LNDALFHIBC1,2020,0.5148
REGION1,LNDALFHIBC1,2021,0.4805
REGION1,LNDALFHIBC1,2022,0.4462
REGION1,LNDALFHIBC1,2023,0.4118
REGION1,LNDALFHIBC1,2024,0.3775
REGION1,LNDALFHIBC1,2025,0.5743
REGION1,LNDALFHIBC1,2026,0.7787
REGION1,LNDALFHIBC1,2027,0.9832
REGION1,LNDALFHIBC1,2028,1.1876
REGION1,LNDALFHIBC1,2029,1.3844
REGION1,LNDALFHIBC1,2030,1.5888
REGION1,LNDALFHIBC1,2031,1.7932
REGION1,LNDALFHIBC1,2032,1.99
REGION1,LNDALFHIBC1,2033,2.1944
REGION1,LNDALFHIBC1,2034,2.3989
REGION1,LNDALFHIBC1,2035,9.8603
REGION1,LNDALFHIBC1,2036,10.5222
REGION1,LNDALFHIBC1,2037,10.7686
REGION1,LNDALFHIBC1,2038,11.0228
REGION1,LNDALFHIBC1,2039,11.2692
REGION1,LNDALFHIBC1,2040,11.2846
REGION1,LNDALFHIBC1,2041,11.3
REGION1,LNDALFHIBC1,2042,11.3154
REGION1,LNDALFHIBC1,2043,11.3231
REGION1,LNDALFHIBC1,2044,11.3385
REGION1,LNDALFHIBC1,2045,11.3538
REGION1,LNDALFHIBC1,2046,11.3615
REGION1,LNDALFHIBC1,2047,11.3769
REGION1,LNDALFHIBC1,2048,11.3923
REGION1,LNDALFHIBC1,2049,11.4077
REGION1,LNDALFHIBC1,2050,11.4154
REGION1,LNDALFHRBC1,2020,2.5506
REGION1,LNDALFHRBC1,2021,2.3806
REGION1,LNDALFHRBC1,2022,2.2106
REGION1,LNDALFHRBC1,2023,2.0405
REGION1,LNDALFHRBC1,2024,1.8705
REGION1,LNDALFHRBC1,2025,1.7004
REGION1,LNDALFHRBC1,2026,1.5304
REGION1,LNDALFHRBC1,2027,1.3603
REGION1,LNDALFHRBC1,2028,1.1903
REGION1,LNDALFHRBC1,2029,1.0203
REGION1,LNDALFHRBC1,2030,0.8502
REGION1,LNDALFHRBC1,2031,0.6802
REGION1,LNDALFHRBC1,2032,0.5101
REGION1,LNDALFHRBC1,2033,0.3401
REGION1,LNDALFHRBC1,2034,0.17
REGION1,LNDALFIIBC1,2020,0.1287
REGION1,LNDALFIIBC1,2021,0.1201
REGION1,LNDALFIIBC1,2022,0.1115
REGION1,LNDALFIIBC1,2023,0.103
REGION1,LNDALFIIBC1,2024,0.0944
REGION1,LNDALFIIBC1,2025,0.0858
REGION1,LNDALFIIBC1,2026,0.0772
REGION1,LNDALFIIBC1,2027,0.0686
REGION1,LNDALFIIBC1,2028,0.0601
REGION1,LNDALFIIBC1,2029,0.0515
REGION1,LNDALFIIBC1,2030,0.0429
REGION1,LNDALFIIBC1,2031,0.0343
REGION1,LNDALFIIBC1,2032,0.0257
REGION1,LNDALFIIBC1,2033,0.0172
REGION1,LNDALFIIBC1,2034,0.0086
REGION1,LNDALFIRBC1,2020,0.6377
REGION1,LNDALFIRBC1,2021,0.5951
REGION1,LNDALFIRBC1,2022,0.5526
REGION1,LNDALFIRBC1,2023,0.5101
REGION1,LNDALFIRBC1,2024,0.4676
REGION1,LNDALFIRBC1,2025,0.4251
REGION1,LNDALFIRBC1,2026,0.3826
REGION1,LNDALFIRBC1,2027,0.3401
REGION1,LNDALFIRBC1,2028,0.2976
REGION1,LNDALFIRBC1,2029,0.2551
REGION1,LNDALFIRBC1,2030,0.2126
REGION1,LNDALFIRBC1,2031,0.17
REGION1,LNDALFIRBC1,2032,0.1275
REGION1,LNDALFIRBC1,2033,0.085
REGION1,LNDALFIRBC1,2034,0.0425
REGION1,LNDALFLRBC1,2020,20.0725
REGION1,LNDALFLRBC1,2021,21.8819
REGION1,LNDALFLRBC1,2022,22.521
REGION1,LNDALFLRBC1,2023,23.1814
REGION1,LNDALFLRBC1,2024,23.8418
REGION1,LNDALFLRBC1,2025,23.8418
REGION1,LNDALFLRBC1,2026,23.8418
REGION1,LNDALFLRBC1,2027,23.8418
REGION1,LNDALFLRBC1,2028,23.8418
REGION1,LNDALFLRBC1,2029,23.8418
REGION1,LNDALFLRBC1,2030,23.8418
REGION1,LNDALFLRBC1,2031,23.8418
REGION1,LNDALFLRBC1,2032,23.8418
REGION1,LNDALFLRBC1,2033,23.8418
REGION1,LNDALFLRBC1,2034,23.8418
REGION1,LNDALFLRBC1,2035,3.7693
REGION1,LNDALFLRBC1,2036,1.96
REGION1,LNDALFLRBC1,2037,1.3209
REGION1,LNDALFLRBC1,2038,0.6604
REGION1,LNDBARBC1,2020,148.3422
REGION1,LNDBARBC1,2021,148.3422
REGION1,LNDBARBC1,2022,148.3422
REGION1,LNDBARBC1,2023,148.3422
REGION1,LNDBARBC1,2024,148.3422
REGION1,LNDBARBC1,2025,148.3422
REGION1,LNDBARBC1,2026,148.3422
REGION1,LNDBARBC1,2027,148.3422
REGION1,LNDBARBC1,2028,148.3422
REGION1,LNDBARBC1,2029,148.3422
REGION1,LNDBARBC1,2030,148.3422
REGION1,LNDBARBC1,2031,148.3422
REGION1,LNDBARBC1,2032,148.3422
REGION1,LNDBARBC1,2033,148.3422
REGION1,LNDBARBC1,2034,148.3422
REGION1,LNDBARBC1,2035,148.3422
REGION1,LNDBARBC1,2036,148.3422
REGION1,LNDBARBC1,2037,148.3422
REGION1,LNDBARBC1,2038,148.3422
REGION1,LNDBARBC1,2039,148.3422
REGION1,LNDBARBC1,2040,148.3422
REGION1,LNDBARBC1,2041,148.3422
REGION1,LNDBARBC1,2042,148.3422
REGION1,LNDBARBC1,2043,148.3422
REGION1,LNDBARBC1,2044,148.3422
REGION1,LNDBARBC1,2045,148.3422
REGION1,LNDBARBC1,2046,148.3422
REGION1,LNDBARBC1,2047,148.3422
REGION1,LNDBARBC1,2048,148.3422
REGION1,LNDBARBC1,2049,148.3422
REGION1,LNDBARBC1,2050,148.3422
REGION1,LNDBLTBC1,2020,11.9103
REGION1,LNDBLTBC1,2021,11.9524
REGION1,LNDBLTBC1,2022,11.9949
REGION1,LNDBLTBC1,2023,12.038
REGION1,LNDBLTBC1,2024,12.0882
REGION1,LNDBLTBC1,2025,12.428
REGION1,LNDBLTBC1,2026,12.4796
REGION1,LNDBLTBC1,2027,12.5299
REGION1,LNDBLTBC1,2028,12.5804
REGION1,LNDBLTBC1,2029,12.6312
REGION1,LNDBLTBC1,2030,12.6837
REGION1,LNDBLTBC1,2031,12.738
REGION1,LNDBLTBC1,2032,12.7853
REGION1,LNDBLTBC1,2033,12.8331
REGION1,LNDBLTBC1,2034,12.8815
REGION1,LNDBLTBC1,2035,12.93
REGION1,LNDBLTBC1,2036,12.9793
REGION1,LNDBLTBC1,2037,13.0532
REGION1,LNDBLTBC1,2038,13.2425
REGION1,LNDBLTBC1,2039,13.5147
REGION1,LNDBLTBC1,2040,13.7797
REGION1,LNDBLTBC1,2041,14.0452
REGION1,LNDBLTBC1,2042,14.5445
REGION1,LNDBLTBC1,2043,15.4114
REGION1,LNDBLTBC1,2044,16.2297
REGION1,LNDBLTBC1,2045,17.042
REGION1,LNDBLTBC1,2046,17.824
REGION1,LNDBLTBC1,2047,18.458
REGION1,LNDBLTBC1,2048,24.8803
REGION1,LNDBLTBC1,2049,26.3799
REGION1,LNDBLTBC1,2050,26.7753
REGION1,LNDBRLHIBC1,2028,0.0009
REGION1,LNDBRLHIBC1,2029,0.0007
REGION1,LNDBRLHIBC1,2030,0.0006
REGION1,LNDBRLHIBC1,2031,0.0005
REGION1,LNDBRLHIBC1,2032,0.0004
REGION1,LNDBRLHIBC1,2033,0.0002
REGION1,LNDBRLHIBC1,2034,0.0001
REGION1,LNDBRLHRBC1,2020,0.0775
REGION1,LNDBRLHRBC1,2021,0.0738
REGION1,LNDBRLHRBC1,2022,0.08
REGION1,LNDBRLHRBC1,2023,0.0875
REGION1,LNDBRLHRBC1,2024,0.085
REGION1,LNDBRLHRBC1,2025,0.0875
REGION1,LNDBRLHRBC1,2026,0.0912
REGION1,LNDBRLHRBC1,2027,0.095
REGION1,LNDBRLHRBC1,2028,0.0847
REGION1,LNDBRLHRBC1,2029,0.0866
REGION1,LNDBRLHRBC1,2030,0.0923
REGION1,LNDBRLHRBC1,2031,0.0969
REGION1,LNDBRLHRBC1,2032,0.1014
REGION1,LNDBRLHRBC1,2033,0.1059
REGION1,LNDBRLHRBC1,2034,0.1105
REGION1,LNDBRLHRBC1,2035,0.115
REGION1,LNDBRLHRBC1,2036,0.1175
REGION1,LNDBRLHRBC1,2037,0.12
REGION1,LNDBRLHRBC1,2038,0.1225
REGION1,LNDBRLHRBC1,2039,0.1262
REGION1,LNDBRLHRBC1,2040,0.1288
REGION1,LNDBRLHRBC1,2041,0.1312
REGION1,LNDBRLHRBC1,2042,0.1338
REGION1,LNDBRLHRBC1,2043,0.1362
REGION1,LNDBRLHRBC1,2044,0.1388
REGION1,LNDBRLHRBC1,2045,0.1412
REGION1,LNDBRLHRBC1,2046,0.1438
REGION1,LNDBRLHRBC1,2047,0.1462
REGION1,LNDBRLHRBC1,2048,0.1488
REGION1,LNDBRLHRBC1,2049,0.1512
REGION1,LNDBRLHRBC1,2050,0.155
REGION1,LNDBRLIIBC1,2029,0.0002
REGION1,LNDBRLIIBC1,2030,0.0001
REGION1,LNDBRLIIBC1,2031,0.0001
REGION1,LNDBRLIIBC1,2032,0.0001
REGION1,LNDBRLIIBC1,2033,0.0001
REGION1,LNDBRLIIBC1,2034,0.0
REGION1,LNDBRLIRBC1,2028,0.0191
REGION1,LNDBRLIRBC1,2029,0.0181
REGION1,LNDBRLIRBC1,2030,0.0151
REGION1,LNDBRLIRBC1,2031,0.0121
REGION1,LNDBRLIRBC1,2032,0.0091
REGION1,LNDBRLIRBC1,2033,0.006
REGION1,LNDBRLIRBC1,2034,0.003
REGION1,LNDFORBC1,2020,518.4477
REGION1,LNDFORBC1,2021,513.1846
REGION1,LNDFORBC1,2022,513.1974
REGION1,LNDFORBC1,2023,512.1493
REGION1,LNDFORBC1,2024,511.4704
REGION1,LNDFORBC1,2025,511.1289
REGION1,LNDFORBC1,2026,510.8774
REGION1,LNDFORBC1,2027,522.9238
REGION1,LNDFORBC1,2028,522.5448
REGION1,LNDFORBC1,2029,522.3101
REGION1,LNDFORBC1,2030,522.1329
REGION1,LNDFORBC1,2031,521.7827
REGION1,LNDFORBC1,2032,521.8146
REGION1,LNDFORBC1,2033,521.5999
REGION1,LNDFORBC1,2034,521.4775
REGION1,LNDFORBC1,2035,534.0902
REGION1,LNDFORBC1,2036,534.8811
REGION1,LNDFORBC1,2037,534.9579
REGION1,LNDFORBC1,2038,535.0104
REGION1,LNDFORBC1,2039,535.0652
REGION1,LNDFORBC1,2040,534.6729
REGION1,LNDFORBC1,2041,534.1901
REGION1,LNDFORBC1,2042,533.4972
REGION1,LNDFORBC1,2043,532.4218
REGION1,LNDFORBC1,2044,531.4203
REGION1,LNDFORBC1,2045,530.4198
REGION1,LNDFORBC1,2046,529.4546
REGION1,LNDFORBC1,2047,528.6352
REGION1,LNDFORBC1,2048,522.0246
REGION1,LNDFORBC1,2049,520.3439
REGION1,LNDFORBC1,2050,519.7616
REGION1,LNDGRSBC1,2020,158.9041
REGION1,LNDGRSBC1,2021,158.9041
REGION1,LNDGRSBC1,2022,158.9041
REGION1,LNDGRSBC1,2023,158.9041
REGION1,LNDGRSBC1,2024,158.9041
REGION1,LNDGRSBC1,2025,158.9041
REGION1,LNDGRSBC1,2026,158.9041
REGION1,LNDGRSBC1,2027,158.9041
REGION1,LNDGRSBC1,2028,158.9041
REGION1,LNDGRSBC1,2029,158.9041
REGION1,LNDGRSBC1,2030,158.9041
REGION1,LNDGRSBC1,2031,158.9041
REGION1,LNDGRSBC1,2032,158.9041
REGION1,LNDGRSBC1,2033,158.9041
REGION1,LNDGRSBC1,2034,158.9041
REGION1,LNDGRSBC1,2035,158.9041
REGION1,LNDGRSBC1,2036,158.9041
REGION1,LNDGRSBC1,2037,158.9041
REGION1,LNDGRSBC1,2038,158.9041
REGION1,LNDGRSBC1,2039,158.9041
REGION1,LNDGRSBC1,2040,158.9041
REGION1,LNDGRSBC1,2041,158.9041
REGION1,LNDGRSBC1,2042,158.9041
REGION1,LNDGRSBC1,2043,158.9041
REGION1,LNDGRSBC1,2044,158.9041
REGION1,LNDGRSBC1,2045,158.9041
REGION1,LNDGRSBC1,2046,158.9041
REGION1,LNDGRSBC1,2047,158.9041
REGION1,LNDGRSBC1,2048,158.9041
REGION1,LNDGRSBC1,2049,158.9041
REGION1,LNDGRSBC1,2050,158.9041
REGION1,LNDMAIHIBC1,2020,0.0014
REGION1,LNDMAIHIBC1,2021,3.1294
REGION1,LNDMAIHIBC1,2022,3.1293
REGION1,LNDMAIHIBC1,2023,3.1879
REGION1,LNDMAIHIBC1,2024,3.3158
REGION1,LNDMAIHIBC1,2025,3.3253
REGION1,LNDMAIHIBC1,2026,3.4927
REGION1,LNDMAIHIBC1,2027,8.1607
REGION1,LNDMAIHIBC1,2028,8.4202
REGION1,LNDMAIHIBC1,2029,8.5876
REGION1,LNDMAIHIBC1,2030,8.6366
REGION1,LNDMAIHIBC1,2031,8.8136
REGION1,LNDMAIHIBC1,2032,8.8136
REGION1,LNDMAIHIBC1,2033,8.9415
REGION1,LNDMAIHIBC1,2034,8.9773
REGION1,LNDMAIHIBC1,2035,9.0921
REGION1,LNDMAIHIBC1,2036,9.3158
REGION1,LNDMAIHIBC1,2037,9.4868
REGION1,LNDMAIHIBC1,2038,9.5921
REGION1,LNDMAIHIBC1,2039,9.6053
REGION1,LNDMAIHIBC1,2040,9.6579
REGION1,LNDMAIHIBC1,2041,9.7895
REGION1,LNDMAIHIBC1,2042,9.9079
REGION1,LNDMAIHIBC1,2043,10.0263
REGION1,LNDMAIHIBC1,2044,10.1316
REGION1,LNDMAIHIBC1,2045,10.2368
REGION1,LNDMAIHIBC1,2046,10.3421
REGION1,LNDMAIHIBC1,2047,10.4474
REGION1,LNDMAIHIBC1,2048,10.5526
REGION1,LNDMAIHIBC1,2049,10.6447
REGION1,LNDMAIHIBC1,2050,10.75
REGION1,LNDMAIHRBC1,2020,0.1402
REGION1,LNDMAIHRBC1,2021,0.1309
REGION1,LNDMAIHRBC1,2022,0.1215
REGION1,LNDMAIHRBC1,2023,0.1122
REGION1,LNDMAIHRBC1,2024,0.1028
REGION1,LNDMAIHRBC1,2025,0.0935
REGION1,LNDMAIHRBC1,2026,0.0841
REGION1,LNDMAIHRBC1,2027,0.0748
REGION1,LNDMAIHRBC1,2028,0.0654
REGION1,LNDMAIHRBC1,2029,0.0561
REGION1,LNDMAIHRBC1,2030,0.0467
REGION1,LNDMAIHRBC1,2031,0.0374
REGION1,LNDMAIHRBC1,2032,0.028
REGION1,LNDMAIHRBC1,2033,0.0187
REGION1,LNDMAIHRBC1,2034,0.0093
REGION1,LNDMAIIIBC1,2020,0.0004
REGION1,LNDMAIIIBC1,2021,0.0003
REGION1,LNDMAIIIBC1,2022,0.0003
REGION1,LNDMAIIIBC1,2023,0.0003
REGION1,LNDMAIIIBC1,2024,0.0003
REGION1,LNDMAIIIBC1,2025,0.0002
REGION1,LNDMAIIIBC1,2026,0.0002
REGION1,LNDMAIIIBC1,2027,0.0002
REGION1,LNDMAIIIBC1,2028,0.0002
REGION1,LNDMAIIIBC1,2029,0.0001
REGION1,LNDMAIIIBC1,2030,0.0001
REGION1,LNDMAIIIBC1,2031,0.0001
REGION1,LNDMAIIIBC1,2032,0.0001
REGION1,LNDMAIIIBC1,2033,0.0
REGION1,LNDMAIIIBC1,2034,0.0
REGION1,LNDMAIIRBC1,2020,0.0351
REGION1,LNDMAIIRBC1,2021,0.0327
REGION1,LNDMAIIRBC1,2022,0.0304
REGION1,LNDMAIIRBC1,2023,0.028
REGION1,LNDMAIIRBC1,2024,0.0257
REGION1,LNDMAIIRBC1,2025,0.0234
REGION1,LNDMAIIRBC1,2026,0.021
REGION1,LNDMAIIRBC1,2027,0.0187
REGION1,LNDMAIIRBC1,2028,0.0164
REGION1,LNDMAIIRBC1,2029,0.014
REGION1,LNDMAIIRBC1,2030,0.0117
REGION1,LNDMAIIRBC1,2031,0.0093
REGION1,LNDMAIIRBC1,2032,0.007
REGION1,LNDMAIIRBC1,2033,0.0047
REGION1,LNDMAIIRBC1,2034,0.0023
REGION1,LNDMAILRBC1,2020,16.8115
REGION1,LNDMAILRBC1,2021,16.8115
REGION1,LNDMAILRBC1,2022,16.3225
REGION1,LNDMAILRBC1,2023,16.8115
REGION1,LNDMAILRBC1,2024,16.8115
REGION1,LNDMAILRBC1,2025,16.8115
REGION1,LNDMAILRBC1,2026,16.8115
REGION1,LNDMAILRBC1,2031,0.0605
REGION1,LNDOATHIBC1,2020,0.0022
REGION1,LNDOATHIBC1,2021,0.002
REGION1,LNDOATHIBC1,2022,0.0019
REGION1,LNDOATHIBC1,2023,0.0017
REGION1,LNDOATHIBC1,2024,0.0016
REGION1,LNDOATHIBC1,2025,0.0084
REGION1,LNDOATHIBC1,2026,0.0262
REGION1,LNDOATHIBC1,2027,0.044
REGION1,LNDOATHIBC1,2028,0.0618
REGION1,LNDOATHIBC1,2029,0.0819
REGION1,LNDOATHIBC1,2030,0.0997
REGION1,LNDOATHIBC1,2031,0.1175
REGION1,LNDOATHIBC1,2032,0.1375
REGION1,LNDOATHIBC1,2033,0.1553
REGION1,LNDOATHIBC1,2034,0.1731
REGION1,LNDOATHIBC1,2035,0.1909
REGION1,LNDOATHIBC1,2036,0.1955
REGION1,LNDOATHIBC1,2037,0.1977
REGION1,LNDOATHIBC1,2038,0.2
REGION1,LNDOATHIBC1,2039,0.2045
REGION1,LNDOATHIBC1,2040,0.2068
REGION1,LNDOATHIBC1,2041,0.2091
REGION1,LNDOATHIBC1,2042,0.2114
REGION1,LNDOATHIBC1,2043,0.2159
REGION1,LNDOATHIBC1,2044,0.2182
REGION1,LNDOATHIBC1,2045,0.2205
REGION1,LNDOATHIBC1,2046,0.2227
REGION1,LNDOATHIBC1,2047,0.2273
REGION1,LNDOATHIBC1,2048,0.2295
REGION1,LNDOATHIBC1,2049,0.2318
REGION1,LNDOATHIBC1,2050,0.2364
REGION1,LNDOATHRBC1,2020,0.1391
REGION1,LNDOATHRBC1,2021,0.1612
REGION1,LNDOATHRBC1,2022,0.1638
REGION1,LNDOATHRBC1,2023,0.1664
REGION1,LNDOATHRBC1,2024,0.1571
REGION1,LNDOATHRBC1,2025,0.1428
REGION1,LNDOATHRBC1,2026,0.1285
REGION1,LNDOATHRBC1,2027,0.1143
REGION1,LNDOATHRBC1,2028,0.1
REGION1,LNDOATHRBC1,2029,0.0857
REGION1,LNDOATHRBC1,2030,0.0714
REGION1,LNDOATHRBC1,2031,0.0571
REGION1,LNDOATHRBC1,2032,0.0428
REGION1,LNDOATHRBC1,2033,0.0286
REGION1,LNDOATHRBC1,2034,0.0143
REGION1,LNDOATIIBC1,2024,0.0004
REGION1,LNDOATIIBC1,2025,0.0004
REGION1,LNDOATIIBC1,2026,0.0003
REGION1,LNDOATIIBC1,2027,0.0003
REGION1,LNDOATIIBC1,2028,0.0003
REGION1,LNDOATIIBC1,2029,0.0002
REGION1,LNDOATIIBC1,2030,0.0002
REGION1,LNDOATIIBC1,2031,0.0001
REGION1,LNDOATIIBC1,2032,0.0001
REGION1,LNDOATIIBC1,2033,0.0001
REGION1,LNDOATIIBC1,2034,0.0
REGION1,LNDOATIRBC1,2024,0.0177
REGION1,LNDOATIRBC1,2025,0.0357
REGION1,LNDOATIRBC1,2026,0.0321
REGION1,LNDOATIRBC1,2027,0.0286
REGION1,LNDOATIRBC1,2028,0.025
REGION1,LNDOATIRBC1,2029,0.0214
REGION1,LNDOATIRBC1,2030,0.0178
REGION1,LNDOATIRBC1,2031,0.0143
REGION1,LNDOATIRBC1,2032,0.0107
REGION1,LNDOATIRBC1,2033,0.0071
REGION1,LNDOATIRBC1,2034,0.0036
REGION1,LNDOTHHIBC1,2020,0.3808
REGION1,LNDOTHHIBC1,2021,0.3554
REGION1,LNDOTHHIBC1,2022,0.33
REGION1,LNDOTHHIBC1,2023,0.3046
REGION1,LNDOTHHIBC1,2024,0.2792
REGION1,LNDOTHHIBC1,2025,0.2538
REGION1,LNDOTHHIBC1,2026,0.2285
REGION1,LNDOTHHIBC1,2027,0.2031
REGION1,LNDOTHHIBC1,2028,0.1777
REGION1,LNDOTHHIBC1,2029,0.1523
REGION1,LNDOTHHIBC1,2030,0.1269
REGION1,LNDOTHHIBC1,2031,0.1015
REGION1,LNDOTHHIBC1,2032,0.0762
REGION1,LNDOTHHIBC1,2033,0.0508
REGION1,LNDOTHHIBC1,2034,0.0254
REGION1,LNDOTHIIBC1,2020,2.5145
REGION1,LNDOTHIIBC1,2021,2.9595
REGION1,LNDOTHIIBC1,2022,3.0267
REGION1,LNDOTHIIBC1,2023,3.0938
REGION1,LNDOTHIIBC1,2024,3.1832
REGION1,LNDOTHIIBC1,2025,3.2171
REGION1,LNDOTHIIBC1,2026,3.2954
REGION1,LNDOTHIIBC1,2027,3.3848
REGION1,LNDOTHIIBC1,2028,3.4964
REGION1,LNDOTHIIBC1,2029,3.5636
REGION1,LNDOTHIIBC1,2030,3.6863
REGION1,LNDOTHIIBC1,2031,3.7868
REGION1,LNDOTHIIBC1,2032,3.8207
REGION1,LNDOTHIIBC1,2033,3.9101
REGION1,LNDOTHIIBC1,2034,3.9995
REGION1,LNDOTHIIBC1,2035,4.0889
REGION1,LNDOTHIIBC1,2036,4.1556
REGION1,LNDOTHIIBC1,2037,4.2111
REGION1,LNDOTHIIBC1,2038,4.2556
REGION1,LNDOTHIIBC1,2039,4.3111
REGION1,LNDOTHIIBC1,2040,4.3556
REGION1,LNDOTHIIBC1,2041,4.4111
REGION1,LNDOTHIIBC1,2042,4.4556
REGION1,LNDOTHIIBC1,2043,4.5222
REGION1,LNDOTHIIBC1,2044,4.5667
REGION1,LNDOTHIIBC1,2045,4.6222
REGION1,LNDOTHIIBC1,2046,4.6778
REGION1,LNDOTHIIBC1,2047,4.7222
REGION1,LNDOTHIIBC1,2048,4.7778
REGION1,LNDOTHIIBC1,2049,4.8333
REGION1,LNDOTHIIBC1,2050,4.8889
REGION1,LNDPEAHIBC1,2020,0.0016
REGION1,LNDPEAHIBC1,2021,0.0015
REGION1,LNDPEAHIBC1,2022,0.0014
REGION1,LNDPEAHIBC1,2023,0.0013
REGION1,LNDPEAHIBC1,2024,0.0012
REGION1,LNDPEAHIBC1,2025,0.014
REGION1,LNDPEAHIBC1,2026,0.0283
REGION1,LNDPEAHIBC1,2027,0.0459
REGION1,LNDPEAHIBC1,2028,0.0602
REGION1,LNDPEAHIBC1,2029,0.0778
REGION1,LNDPEAHIBC1,2030,0.092
REGION1,LNDPEAHIBC1,2031,0.1063
REGION1,LNDPEAHIBC1,2032,0.1239
REGION1,LNDPEAHIBC1,2033,0.1381
REGION1,LNDPEAHIBC1,2034,0.1557
REGION1,LNDPEAHIBC1,2035,0.17
REGION1,LNDPEAHIBC1,2036,0.1733
REGION1,LNDPEAHIBC1,2037,0.18
REGION1,LNDPEAHIBC1,2038,0.1833
REGION1,LNDPEAHIBC1,2039,0.19
REGION1,LNDPEAHIBC1,2040,0.1933
REGION1,LNDPEAHIBC1,2041,0.1967
REGION1,LNDPEAHIBC1,2042,0.2033
REGION1,LNDPEAHIBC1,2043,0.2067
REGION1,LNDPEAHIBC1,2044,0.2133
REGION1,LNDPEAHIBC1,2045,0.2167
REGION1,LNDPEAHIBC1,2046,0.22
REGION1,LNDPEAHIBC1,2047,0.2267
REGION1,LNDPEAHIBC1,2048,0.23
REGION1,LNDPEAHIBC1,2049,0.2367
REGION1,LNDPEAHIBC1,2050,0.24
REGION1,LNDPEAHRBC1,2020,0.1174
REGION1,LNDPEAHRBC1,2021,0.1175
REGION1,LNDPEAHRBC1,2022,0.1253
REGION1,LNDPEAHRBC1,2023,0.1277
REGION1,LNDPEAHRBC1,2024,0.1171
REGION1,LNDPEAHRBC1,2025,0.1065
REGION1,LNDPEAHRBC1,2026,0.0958
REGION1,LNDPEAHRBC1,2027,0.0852
REGION1,LNDPEAHRBC1,2028,0.0745
REGION1,LNDPEAHRBC1,2029,0.0639
REGION1,LNDPEAHRBC1,2030,0.0532
REGION1,LNDPEAHRBC1,2031,0.0426
REGION1,LNDPEAHRBC1,2032,0.0319
REGION1,LNDPEAHRBC1,2033,0.0213
REGION1,LNDPEAHRBC1,2034,0.0106
REGION1,LNDPEAIIBC1,2023,0.0003
REGION1,LNDPEAIIBC1,2024,0.0003
REGION1,LNDPEAIIBC1,2025,0.0003
REGION1,LNDPEAIIBC1,2026,0.0002
REGION1,LNDPEAIIBC1,2027,0.0002
REGION1,LNDPEAIIBC1,2028,0.0002
REGION1,LNDPEAIIBC1,2029,0.0002
REGION1,LNDPEAIIBC1,2030,0.0001
REGION1,LNDPEAIIBC1,2031,0.0001
REGION1,LNDPEAIIBC1,2032,0.0001
REGION1,LNDPEAIIBC1,2033,0.0
REGION1,LNDPEAIIBC1,2034,0.0
REGION1,LNDPEAIRBC1,2023,0.0018
REGION1,LNDPEAIRBC1,2024,0.027
REGION1,LNDPEAIRBC1,2025,0.0266
REGION1,LNDPEAIRBC1,2026,0.0239
REGION1,LNDPEAIRBC1,2027,0.0213
REGION1,LNDPEAIRBC1,2028,0.0186
REGION1,LNDPEAIRBC1,2029,0.016
REGION1,LNDPEAIRBC1,2030,0.0133
REGION1,LNDPEAIRBC1,2031,0.0106
REGION1,LNDPEAIRBC1,2032,0.008
REGION1,LNDPEAIRBC1,2033,0.0053
REGION1,LNDPEAIRBC1,2034,0.0027
REGION1,LNDPTWHIBC1,2020,0.0001
REGION1,LNDPTWHIBC1,2021,0.0001
REGION1,LNDPTWHIBC1,2022,0.0001
REGION1,LNDPTWHIBC1,2023,0.0001
REGION1,LNDPTWHIBC1,2024,0.0001
REGION1,LNDPTWHIBC1,2025,0.0001
REGION1,LNDPTWHIBC1,2026,0.0001
REGION1,LNDPTWHIBC1,2027,0.0001
REGION1,LNDPTWHIBC1,2028,0.0001
REGION1,LNDPTWHIBC1,2029,0.0001
REGION1,LNDPTWHIBC1,2030,0.0001
REGION1,LNDPTWHIBC1,2031,0.0001
REGION1,LNDPTWHIBC1,2032,0.0
REGION1,LNDPTWHIBC1,2033,0.0
REGION1,LNDPTWHIBC1,2034,0.0
REGION1,LNDPTWHIBC1,2035,0.0002
REGION1,LNDPTWHIBC1,2036,0.0002
REGION1,LNDPTWHIBC1,2037,0.0002
REGION1,LNDPTWHIBC1,2038,0.0002
REGION1,LNDPTWHIBC1,2039,0.0002
REGION1,LNDPTWHIBC1,2040,0.0002
REGION1,LNDPTWHIBC1,2041,0.0002
REGION1,LNDPTWHIBC1,2042,0.0002
REGION1,LNDPTWHIBC1,2043,0.0002
REGION1,LNDPTWHIBC1,2044,0.0002
REGION1,LNDPTWHIBC1,2045,0.0002
REGION1,LNDPTWHIBC1,2046,0.0002
REGION1,LNDPTWHIBC1,2047,0.0002
REGION1,LNDPTWHIBC1,2048,0.0002
REGION1,LNDPTWHIBC1,2049,0.0002
REGION1,LNDPTWHIBC1,2050,0.0002
REGION1,LNDPTWHRBC1,2027,0.0
REGION1,LNDPTWHRBC1,2028,0.0
REGION1,LNDPTWHRBC1,2029,0.0001
REGION1,LNDPTWHRBC1,2030,0.0001
REGION1,LNDPTWHRBC1,2031,0.0001
REGION1,LNDPTWHRBC1,2032,0.0001
REGION1,LNDPTWHRBC1,2033,0.0001
REGION1,LNDPTWHRBC1,2034,0.0002
REGION1,LNDRAPHIBC1,2020,0.003
REGION1,LNDRAPHIBC1,2021,0.0029
REGION1,LNDRAPHIBC1,2022,0.0026
REGION1,LNDRAPHIBC1,2023,0.0024
REGION1,LNDRAPHIBC1,2024,0.0022
REGION1,LNDRAPHIBC1,2025,0.0212
REGION1,LNDRAPHIBC1,2026,0.0486
REGION1,LNDRAPHIBC1,2027,0.0759
REGION1,LNDRAPHIBC1,2028,0.1005
REGION1,LNDRAPHIBC1,2029,0.1279
REGION1,LNDRAPHIBC1,2030,0.1552
REGION1,LNDRAPHIBC1,2031,0.1798
REGION1,LNDRAPHIBC1,2032,0.2072
REGION1,LNDRAPHIBC1,2033,0.2345
REGION1,LNDRAPHIBC1,2034,0.2591
REGION1,LNDRAPHIBC1,2035,0.2865
REGION1,LNDRAPHIBC1,2036,0.2919
REGION1,LNDRAPHIBC1,2037,0.2946
REGION1,LNDRAPHIBC1,2038,0.3
REGION1,LNDRAPHIBC1,2039,0.3027
REGION1,LNDRAPHIBC1,2040,0.3081
REGION1,LNDRAPHIBC1,2041,0.3135
REGION1,LNDRAPHIBC1,2042,0.3162
REGION1,LNDRAPHIBC1,2043,0.3216
REGION1,LNDRAPHIBC1,2044,0.327
REGION1,LNDRAPHIBC1,2045,0.3297
REGION1,LNDRAPHIBC1,2046,0.3351
REGION1,LNDRAPHIBC1,2047,0.3405
REGION1,LNDRAPHIBC1,2048,0.3432
REGION1,LNDRAPHIBC1,2049,0.3486
REGION1,LNDRAPHIBC1,2050,0.3541
REGION1,LNDRAPHRBC1,2020,0.1568
REGION1,LNDRAPHRBC1,2021,0.2341
REGION1,LNDRAPHRBC1,2022,0.2372
REGION1,LNDRAPHRBC1,2023,0.2416
REGION1,LNDRAPHRBC1,2024,0.2215
REGION1,LNDRAPHRBC1,2025,0.2013
REGION1,LNDRAPHRBC1,2026,0.1812
REGION1,LNDRAPHRBC1,2027,0.1611
REGION1,LNDRAPHRBC1,2028,0.1409
REGION1,LNDRAPHRBC1,2029,0.1208
REGION1,LNDRAPHRBC1,2030,0.1007
REGION1,LNDRAPHRBC1,2031,0.0805
REGION1,LNDRAPHRBC1,2032,0.0604
REGION1,LNDRAPHRBC1,2033,0.0403
REGION1,LNDRAPHRBC1,2034,0.0201
REGION1,LNDRAPIIBC1,2023,0.0006
REGION1,LNDRAPIIBC1,2024,0.0006
REGION1,LNDRAPIIBC1,2025,0.0005
REGION1,LNDRAPIIBC1,2026,0.0005
REGION1,LNDRAPIIBC1,2027,0.0004
REGION1,LNDRAPIIBC1,2028,0.0004
REGION1,LNDRAPIIBC1,2029,0.0003
REGION1,LNDRAPIIBC1,2030,0.0003
REGION1,LNDRAPIIBC1,2031,0.0002
REGION1,LNDRAPIIBC1,2032,0.0001
REGION1,LNDRAPIIBC1,2033,0.0001
REGION1,LNDRAPIIBC1,2034,0.0
REGION1,LNDRAPIRBC1,2023,0.0019
REGION1,LNDRAPIRBC1,2024,0.0454
REGION1,LNDRAPIRBC1,2025,0.0503
REGION1,LNDRAPIRBC1,2026,0.0453
REGION1,LNDRAPIRBC1,2027,0.0403
REGION1,LNDRAPIRBC1,2028,0.0352
REGION1,LNDRAPIRBC1,2029,0.0302
REGION1,LNDRAPIRBC1,2030,0.0252
REGION1,LNDRAPIRBC1,2031,0.0201
REGION1,LNDRAPIRBC1,2032,0.0151
REGION1,LNDRAPIRBC1,2033,0.0101
REGION1,LNDRAPIRBC1,2034,0.005
REGION1,LNDRYEHIBC1,2020,0.0001
REGION1,LNDRYEHIBC1,2021,0.0001
REGION1,LNDRYEHIBC1,2022,0.0001
REGION1,LNDRYEHIBC1,2023,0.0001
REGION1,LNDRYEHIBC1,2024,0.0001
REGION1,LNDRYEHIBC1,2025,0.0001
REGION1,LNDRYEHIBC1,2026,0.0001
REGION1,LNDRYEHIBC1,2027,0.0001
REGION1,LNDRYEHIBC1,2028,0.0001
REGION1,LNDRYEHIBC1,2029,0.0001
REGION1,LNDRYEHIBC1,2030,0.0
REGION1,LNDRYEHIBC1,2031,0.0
REGION1,LNDRYEHIBC1,2032,0.0
REGION1,LNDRYEHIBC1,2033,0.0
REGION1,LNDRYEHIBC1,2034,0.0
REGION1,LNDRYEHRBC1,2020,0.0034
REGION1,LNDRYEHRBC1,2021,0.0055
REGION1,LNDRYEHRBC1,2022,0.0051
REGION1,LNDRYEHRBC1,2023,0.0051
REGION1,LNDRYEHRBC1,2024,0.0049
REGION1,LNDRYEHRBC1,2025,0.0049
REGION1,LNDRYEHRBC1,2026,0.0049
REGION1,LNDRYEHRBC1,2027,0.0049
REGION1,LNDRYEHRBC1,2028,0.0049
REGION1,LNDRYEHRBC1,2029,0.0049
REGION1,LNDRYEHRBC1,2030,0.0049
REGION1,LNDRYEHRBC1,2031,0.0041
REGION1,LNDRYEHRBC1,2032,0.0043
REGION1,LNDRYEHRBC1,2033,0.0045
REGION1,LNDRYEHRBC1,2034,0.0046
REGION1,LNDRYEHRBC1,2035,0.0046
REGION1,LNDRYEHRBC1,2036,0.0046
REGION1,LNDRYEHRBC1,2037,0.0046
REGION1,LNDRYEHRBC1,2038,0.0046
REGION1,LNDRYEHRBC1,2039,0.0046
REGION1,LNDRYEHRBC1,2040,0.0046
REGION1,LNDRYEHRBC1,2041,0.0046
REGION1,LNDRYEHRBC1,2042,0.0046
REGION1,LNDRYEHRBC1,2043,0.0046
REGION1,LNDRYEHRBC1,2044,0.0046
REGION1,LNDRYEHRBC1,2045,0.0046
REGION1,LNDRYEHRBC1,2046,0.0044
REGION1,LNDRYEHRBC1,2047,0.0044
REGION1,LNDRYEHRBC1,2048,0.0044
REGION1,LNDRYEHRBC1,2049,0.0044
REGION1,LNDRYEHRBC1,2050,0.0044
REGION1,LNDRYEIIBC1,2031,0.0
REGION1,LNDRYEIIBC1,2032,0.0
REGION1,LNDRYEIIBC1,2033,0.0
REGION1,LNDRYEIRBC1,2031,0.001
REGION1,LNDRYEIRBC1,2032,0.0008
REGION1,LNDRYEIRBC1,2033,0.0005
REGION1,LNDRYEIRBC1,2034,0.0002
REGION1,LNDRYELRBC1,2035,0.0007
REGION1,LNDRYELRBC1,2036,0.0007
REGION1,LNDRYELRBC1,2037,0.0007
REGION1,LNDRYELRBC1,2038,0.0007
REGION1,LNDWATBC1,2020,43.0425
REGION1,LNDWATBC1,2021,43.0425
REGION1,LNDWATBC1,2022,43.0425
REGION1,LNDWATBC1,2023,43.0425
REGION1,LNDWATBC1,2024,43.0425
REGION1,LNDWATBC1,2025,43.0425
REGION1,LNDWATBC1,2026,43.0425
REGION1,LNDWATBC1,2027,43.0425
REGION1,LNDWATBC1,2028,43.0425
REGION1,LNDWATBC1,2029,43.0425
REGION1,LNDWATBC1,2030,43.0425
REGION1,LNDWATBC1,2031,43.0425
REGION1,LNDWATBC1,2032,43.0425
REGION1,LNDWATBC1,2033,43.0425
REGION1,LNDWATBC1,2034,43.0425
REGION1,LNDWATBC1,2035,43.0425
REGION1,LNDWATBC1,2036,43.0425
REGION1,LNDWATBC1,2037,43.0425
REGION1,LNDWATBC1,2038,43.0425
REGION1,LNDWATBC1,2039,43.0425
REGION1,LNDWATBC1,2040,43.0425
REGION1,LNDWATBC1,2041,43.0425
REGION1,LNDWATBC1,2042,43.0425
REGION1,LNDWATBC1,2043,43.0425
REGION1,LNDWATBC1,2044,43.0425
REGION1,LNDWATBC1,2045,43.0425
REGION1,LNDWATBC1,2046,43.0425
REGION1,LNDWATBC1,2047,43.0425
REGION1,LNDWATBC1,2048,43.0425
REGION1,LNDWATBC1,2049,43.0425
REGION1,LNDWATBC1,2050,43.0425
REGION1,LNDWHEHIBC1,2031,0.0009
REGION1,LNDWHEHIBC1,2032,0.0007
REGION1,LNDWHEHIBC1,2033,0.0005
REGION1,LNDWHEHIBC1,2034,0.0002
REGION1,LNDWHEHRBC1,2020,0.0638
REGION1,LNDWHEHRBC1,2021,0.0975
REGION1,LNDWHEHRBC1,2022,0.0988
REGION1,LNDWHEHRBC1,2023,0.1
REGION1,LNDWHEHRBC1,2024,0.1
REGION1,LNDWHEHRBC1,2025,0.1013
REGION1,LNDWHEHRBC1,2026,0.1025
REGION1,LNDWHEHRBC1,2027,0.1038
REGION1,LNDWHEHRBC1,2028,0.105
REGION1,LNDWHEHRBC1,2029,0.1062
REGION1,LNDWHEHRBC1,2030,0.1075
REGION1,LNDWHEHRBC1,2031,0.0935
REGION1,LNDWHEHRBC1,2032,0.0986
REGION1,LNDWHEHRBC1,2033,0.1036
REGION1,LNDWHEHRBC1,2034,0.1074
REGION1,LNDWHEHRBC1,2035,0.1125
REGION1,LNDWHEHRBC1,2036,0.1138
REGION1,LNDWHEHRBC1,2037,0.115
REGION1,LNDWHEHRBC1,2038,0.1162
REGION1,LNDWHEHRBC1,2039,0.1175
REGION1,LNDWHEHRBC1,2040,0.1188
REGION1,LNDWHEHRBC1,2041,0.12
REGION1,LNDWHEHRBC1,2042,0.1212
REGION1,LNDWHEHRBC1,2043,0.1212
REGION1,LNDWHEHRBC1,2044,0.1225
REGION1,LNDWHEHRBC1,2045,0.1238
REGION1,LNDWHEHRBC1,2046,0.125
REGION1,LNDWHEHRBC1,2047,0.1262
REGION1,LNDWHEHRBC1,2048,0.1275
REGION1,LNDWHEHRBC1,2049,0.1288
REGION1,LNDWHEHRBC1,2050,0.13
REGION1,LNDWHEIIBC1,2031,0.0002
REGION1,LNDWHEIIBC1,2032,0.0002
REGION1,LNDWHEIIBC1,2033,0.0001
REGION1,LNDWHEIIBC1,2034,0.0001
REGION1,LNDWHEIRBC1,2031,0.0227
REGION1,LNDWHEIRBC1,2032,0.017
REGION1,LNDWHEIRBC1,2033,0.0113
REGION1,LNDWHEIRBC1,2034,0.0057
REGION1,MINLNDBC1,2020,925.0
REGION1,MINLNDBC1,2021,925.0
REGION1,MINLNDBC1,2022,925.0
REGION1,MINLNDBC1,2023,925.0
REGION1,MINLNDBC1,2024,925.0
REGION1,MINLNDBC1,2025,925.0
REGION1,MINLNDBC1,2026,925.0
REGION1,MINLNDBC1,2027,925.0
REGION1,MINLNDBC1,2028,925.0
REGION1,MINLNDBC1,2029,925.0
REGION1,MINLNDBC1,2030,925.0
REGION1,MINLNDBC1,2031,925.0
REGION1,MINLNDBC1,2032,925.0
REGION1,MINLNDBC1,2033,925.0
REGION1,MINLNDBC1,2034,925.0
REGION1,MINLNDBC1,2035,925.0
REGION1,MINLNDBC1,2036,925.0
REGION1,MINLNDBC1,2037,925.0
REGION1,MINLNDBC1,2038,925.0
REGION1,MINLNDBC1,2039,925.0
REGION1,MINLNDBC1,2040,925.0
REGION1,MINLNDBC1,2041,925.0
REGION1,MINLNDBC1,2042,925.0
REGION1,MINLNDBC1,2043,925.0
REGION1,MINLNDBC1,2044,925.0
REGION1,MINLNDBC1,2045,925.0
REGION1,MINLNDBC1,2046,925.0
REGION1,MINLNDBC1,2047,925.0
REGION1,MINLNDBC1,2048,925.0
REGION1,MINLNDBC1,2049,925.0
REGION1,MINLNDBC1,2050,925.0
REGION1,MINNGS,2020,392.67
REGION1,MINNGS,2021,388.75
REGION1,MINNGS,2022,385.11
REGION1,MINNGS,2023,384.67
REGION1,MINNGS,2024,418.1459
REGION1,MINNGS,2025,421.11
REGION1,MINNGS,2026,446.28
REGION1,MINNGS,2027,447.19
REGION1,MINNGS,2028,441.49
REGION1,MINNGS,2029,436.31
REGION1,MINNGS,2030,447.33
REGION1,MINNGS,2031,424.96
REGION1,MINNGS,2032,402.6
REGION1,MINNGS,2033,380.23
REGION1,MINNGS,2034,357.85
REGION1,MINNGS,2035,335.5
REGION1,MINNGS,2036,313.13
REGION1,MINNGS,2037,290.77
REGION1,MINNGS,2038,268.39
REGION1,MINNGS,2039,247.8385
REGION1,MINNGS,2040,229.6768
REGION1,MINNGS,2041,211.5341
REGION1,MINNGS,2042,188.5169
REGION1,MINNGS,2043,157.9081
REGION1,MINNGS,2044,134.2
REGION1,MINNGS,2045,111.83
REGION1,MINNGS,2046,89.47
REGION1,MINNGS,2047,67.11
REGION1,MINNGS,2048,44.73
REGION1,MINNGS,2049,92.0268
REGION1,MINPRCBC1,2020,696.3763
REGION1,MINPRCBC1,2021,704.0846
REGION1,MINPRCBC1,2022,704.0434
REGION1,MINPRCBC1,2023,705.5612
REGION1,MINPRCBC1,2024,706.5262
REGION1,MINPRCBC1,2025,706.5701
REGION1,MINPRCBC1,2026,706.9055
REGION1,MINPRCBC1,2027,689.1721
REGION1,MINPRCBC1,2028,689.6912
REGION1,MINPRCBC1,2029,690.0047
REGION1,MINPRCBC1,2030,690.2316
REGION1,MINPRCBC1,2031,690.7107
REGION1,MINPRCBC1,2032,690.6388
REGION1,MINPRCBC1,2033,690.9291
REGION1,MINPRCBC1,2034,691.0838
REGION1,MINPRCBC1,2035,672.5175
REGION1,MINPRCBC1,2036,671.3291
REGION1,MINPRCBC1,2037,671.1547
REGION1,MINPRCBC1,2038,670.8469
REGION1,MINPRCBC1,2039,670.4143
REGION1,MINPRCBC1,2040,670.6499
REGION1,MINPRCBC1,2041,671.0185
REGION1,MINPRCBC1,2042,671.357
REGION1,MINPRCBC1,2043,671.7099
REGION1,MINPRCBC1,2044,672.0299
REGION1,MINPRCBC1,2045,672.3579
REGION1,MINPRCBC1,2046,672.6791
REGION1,MINPRCBC1,2047,673.0042
REGION1,MINPRCBC1,2048,673.3339
REGION1,MINPRCBC1,2049,673.6541
REGION1,MINPRCBC1,2050,673.983
REGION1,MINURN,2031,105.4852
REGION1,MINURN,2032,256.1011
REGION1,MINURN,2033,406.6504
REGION1,MINURN,2034,557.2996
REGION1,MINURN,2035,709.9974
REGION1,MINURN,2036,860.58
REGION1,MINURN,2037,871.0559
REGION1,MINURN,2038,871.0559
REGION1,MINURN,2039,871.0559
REGION1,MINURN,2040,871.0559
REGION1,MINURN,2041,871.0559
REGION1,MINURN,2042,871.0559
REGION1,MINURN,2043,871.0559
REGION1,MINURN,2044,871.0559
REGION1,MINURN,2045,871.0559
REGION1,MINURN,2046,871.0559
REGION1,MINURN,2047,871.0559
REGION1,MINURN,2048,871.0559
REGION1,MINURN,2049,871.0559
REGION1,MINURN,2050,676.7942
REGION1,PWRBIOB01,2020,1.202
REGION1,PWRBIOB01,2021,1.202
REGION1,PWRBIOB01,2022,1.202
REGION1,PWRBIOB01,2023,1.202
REGION1,PWRBIOB01,2024,1.202
REGION1,PWRBIOB01,2025,1.202
REGION1,PWRBIOB01,2026,1.202
REGION1,PWRBIOB01,2027,1.202
REGION1,PWRBIOB01,2028,1.202
REGION1,PWRBIOB01,2029,1.202
REGION1,PWRBIOB01,2030,1.202
REGION1,PWRBIOB01,2031,1.202
REGION1,PWRBIOB01,2032,1.202
REGION1,PWRBIOB01,2033,1.202
REGION1,PWRBIOB01,2034,1.202
REGION1,PWRBIOB01,2035,1.202
REGION1,PWRBIOB01,2036,1.202
REGION1,PWRBIOB01,2037,1.202
REGION1,PWRBIOB01,2038,1.202
REGION1,PWRBIOB01,2039,1.202
REGION1,PWRBIOB01,2040,1.202
REGION1,PWRBIOB01,2041,1.202
REGION1,PWRBIOB01,2042,1.202
REGION1,PWRBIOB01,2043,1.202
REGION1,PWRBIOB01,2044,1.202
REGION1,PWRBIOB01,2045,1.202
REGION1,PWRBIOB01,2046,1.202
REGION1,PWRBIOB01,2047,1.202
REGION1,PWRBIOB01,2048,1.202
REGION1,PWRBIOB01,2049,1.202
REGION1,PWRBIOB01,2050,1.202
REGION1,PWRBIOB02,2020,3.7652
REGION1,PWRBIOB02,2021,3.7652
REGION1,PWRBIOB02,2022,3.7652
REGION1,PWRBIOB02,2023,3.7652
REGION1,PWRBIOB02,2024,3.7652
REGION1,PWRBIOB02,2025,3.7652
REGION1,PWRBIOB02,2026,3.7652
REGION1,PWRBIOB02,2027,3.7652
REGION1,PWRBIOB02,2028,3.7652
REGION1,PWRBIOB02,2029,3.7652
REGION1,PWRBIOB02,2030,3.7652
REGION1,PWRBIOB02,2031,3.7652
REGION1,PWRBIOB02,2032,3.7652
REGION1,PWRBIOB02,2033,3.7652
REGION1,PWRBIOB02,2034,3.7652
REGION1,PWRBIOB02,2035,3.7652
REGION1,PWRBIOB02,2036,3.7652
REGION1,PWRBIOB02,2037,3.7652
REGION1,PWRBIOB02,2038,3.7652
REGION1,PWRBIOB02,2039,3.7652
REGION1,PWRBIOB02,2040,3.7652
REGION1,PWRBIOB02,2041,3.7652
REGION1,PWRBIOB02,2042,3.7652
REGION1,PWRBIOB02,2043,3.7652
REGION1,PWRBIOB02,2044,3.7652
REGION1,PWRBIOB02,2045,3.7652
REGION1,PWRBIOB02,2046,3.7652
REGION1,PWRBIOB02,2047,3.7652
REGION1,PWRBIOB02,2048,3.7652
REGION1,PWRBIOB02,2049,3.7652
REGION1,PWRBIOB02,2050,3.7652
REGION1,PWRBIOB03,2020,0.8055
REGION1,PWRBIOB03,2021,0.8055
REGION1,PWRBIOB03,2022,0.8055
REGION1,PWRBIOB03,2023,0.8055
REGION1,PWRBIOB03,2024,0.8055
REGION1,PWRBIOB03,2025,0.8055
REGION1,PWRBIOB03,2026,0.8055
REGION1,PWRBIOB03,2027,0.8055
REGION1,PWRBIOB03,2028,0.8055
REGION1,PWRBIOB03,2029,0.8055
REGION1,PWRBIOB03,2030,0.8055
REGION1,PWRBIOB03,2031,0.8055
REGION1,PWRBIOB03,2032,0.8055
REGION1,PWRBIOB03,2033,0.8055
REGION1,PWRBIOB03,2034,0.8055
REGION1,PWRBIOB03,2035,0.8055
REGION1,PWRBIOB03,2036,0.8055
REGION1,PWRBIOB03,2037,0.8055
REGION1,PWRBIOB03,2038,0.8055
REGION1,PWRBIOB03,2039,0.8055
REGION1,PWRBIOB03,2040,0.8055
REGION1,PWRBIOB03,2041,0.8055
REGION1,PWRBIOB03,2042,0.8055
REGION1,PWRBIOB03,2043,0.8055
REGION1,PWRBIOB03,2044,0.8055
REGION1,PWRBIOB03,2045,0.8055
REGION1,PWRBIOB03,2046,0.8055
REGION1,PWRBIOB03,2047,0.8055
REGION1,PWRBIOB03,2048,0.8055
REGION1,PWRBIOB03,2049,0.8055
REGION1,PWRBIOB03,2050,0.8055
REGION1,PWRBIOB04,2020,5.2263
REGION1,PWRBIOB04,2021,5.2263
REGION1,PWRBIOB04,2022,5.2263
REGION1,PWRBIOB04,2023,5.2263
REGION1,PWRBIOB04,2024,5.2263
REGION1,PWRBIOB04,2025,5.2263
REGION1,PWRBIOB04,2026,5.2263
REGION1,PWRBIOB04,2027,5.2263
REGION1,PWRBIOB04,2028,5.2263
REGION1,PWRBIOB04,2029,5.2263
REGION1,PWRBIOB04,2030,5.2263
REGION1,PWRBIOB04,2031,5.2263
REGION1,PWRBIOB04,2032,5.2263
REGION1,PWRBIOB04,2033,5.2263
REGION1,PWRBIOB04,2034,5.2263
REGION1,PWRBIOB04,2035,5.2263
REGION1,PWRBIOB04,2036,5.2263
REGION1,PWRBIOB04,2037,5.2263
REGION1,PWRBIOB04,2038,5.2263
REGION1,PWRBIOB04,2039,5.2263
REGION1,PWRBIOB04,2040,5.2263
REGION1,PWRBIOB04,2041,5.2263
REGION1,PWRBIOB04,2042,5.2263
REGION1,PWRBIOB04,2043,5.2263
REGION1,PWRBIOB04,2044,5.2263
REGION1,PWRBIOB04,2045,5.2263
REGION1,PWRBIOB04,2046,5.2263
REGION1,PWRBIOB04,2047,5.2263
REGION1,PWRBIOB04,2048,5.2263
REGION1,PWRBIOB04,2049,5.2263
REGION1,PWRBIOB04,2050,5.2263
REGION1,PWRBIOB05,2020,1.9482
REGION1,PWRBIOB05,2021,1.9482
REGION1,PWRBIOB05,2022,1.9482
REGION1,PWRBIOB05,2023,1.9482
REGION1,PWRBIOB05,2024,1.9482
REGION1,PWRBIOB05,2025,1.9482
REGION1,PWRBIOB05,2026,1.9482
REGION1,PWRBIOB05,2027,1.9482
REGION1,PWRBIOB05,2028,1.9482
REGION1,PWRBIOB05,2029,1.9482
REGION1,PWRBIOB05,2030,1.9482
REGION1,PWRBIOB05,2031,1.9482
REGION1,PWRBIOB05,2032,1.9482
REGION1,PWRBIOB05,2033,1.9482
REGION1,PWRBIOB05,2034,1.9482
REGION1,PWRBIOB05,2035,1.9482
REGION1,PWRBIOB05,2036,1.9482
REGION1,PWRBIOB05,2037,1.9482
REGION1,PWRBIOB05,2038,1.9482
REGION1,PWRBIOB05,2039,1.9482
REGION1,PWRBIOB05,2040,1.9482
REGION1,PWRBIOB05,2041,1.9482
REGION1,PWRBIOB05,2042,1.9482
REGION1,PWRBIOB05,2043,1.9482
REGION1,PWRBIOB05,2044,1.9482
REGION1,PWRBIOB05,2045,1.9482
REGION1,PWRBIOB05,2046,1.9482
REGION1,PWRBIOB05,2047,1.9482
REGION1,PWRBIOB05,2048,1.9482
REGION1,PWRBIOB05,2049,1.9482
REGION1,PWRBIOB05,2050,1.9482
REGION1,PWRBIOB06,2047,1.9168
REGION1,PWRBIOB06,2048,23.4257
REGION1,PWRBIOB06,2049,28.0049
REGION1,PWRBIOB06,2050,28.0049
REGION1,PWRGEOB01,2026,10.8648
REGION1,PWRGEOB01,2027,10.8648
REGION1,PWRGEOB01,2028,10.8648
REGION1,PWRGEOB01,2029,10.8648
REGION1,PWRGEOB01,2030,10.8648
REGION1,PWRGEOB01,2031,10.8648
REGION1,PWRGEOB01,2032,10.8648
REGION1,PWRGEOB01,2033,10.8648
REGION1,PWRGEOB01,2034,10.8648
REGION1,PWRGEOB01,2035,10.8648
REGION1,PWRGEOB01,2036,10.8648
REGION1,PWRGEOB01,2037,10.8648
REGION1,PWRGEOB01,2038,10.8648
REGION1,PWRGEOB01,2039,10.8648
REGION1,PWRGEOB01,2040,10.8648
REGION1,PWRGEOB01,2041,10.8648
REGION1,PWRGEOB01,2042,10.8648
REGION1,PWRGEOB01,2043,10.8648
REGION1,PWRGEOB01,2044,10.8648
REGION1,PWRGEOB01,2045,10.8648
REGION1,PWRGEOB01,2046,10.8648
REGION1,PWRGEOB01,2047,10.8648
REGION1,PWRGEOB01,2048,10.8648
REGION1,PWRGEOB01,2049,10.8648
REGION1,PWRGEOB01,2050,10.8648
REGION1,PWRGEOB02,2026,4.0846
REGION1,PWRGEOB02,2027,16.9162
REGION1,PWRGEOB02,2028,29.2816
REGION1,PWRGEOB02,2029,41.4694
REGION1,PWRGEOB02,2030,55.5775
REGION1,PWRGEOB02,2031,70.6211
REGION1,PWRGEOB02,2032,70.6211
REGION1,PWRGEOB02,2033,70.6211
REGION1,PWRGEOB02,2034,70.6211
REGION1,PWRGEOB02,2035,70.6211
REGION1,PWRGEOB02,2036,70.6211
REGION1,PWRGEOB02,2037,70.6211
REGION1,PWRGEOB02,2038,70.6211
REGION1,PWRGEOB02,2039,70.6211
REGION1,PWRGEOB02,2040,70.6211
REGION1,PWRGEOB02,2041,70.6211
REGION1,PWRGEOB02,2042,70.6211
REGION1,PWRGEOB02,2043,70.6211
REGION1,PWRGEOB02,2044,70.6211
REGION1,PWRGEOB02,2045,70.6211
REGION1,PWRGEOB02,2046,70.6211
REGION1,PWRGEOB02,2047,70.6211
REGION1,PWRGEOB02,2048,70.6211
REGION1,PWRGEOB02,2049,70.6211
REGION1,PWRGEOB02,2050,70.6211
REGION1,PWRGEOB03,2037,48.0122
REGION1,PWRGEOB03,2038,70.6211
REGION1,PWRGEOB03,2039,70.6211
REGION1,PWRGEOB03,2040,70.6211
REGION1,PWRGEOB03,2041,70.6211
REGION1,PWRGEOB03,2042,70.6211
REGION1,PWRGEOB03,2043,70.6211
REGION1,PWRGEOB03,2044,70.6211
REGION1,PWRGEOB03,2045,70.6211
REGION1,PWRGEOB03,2046,70.6211
REGION1,PWRGEOB03,2047,70.6211
REGION1,PWRGEOB03,2048,70.6211
REGION1,PWRGEOB03,2049,70.6211
REGION1,PWRGEOB03,2050,70.6211
REGION1,PWRHYDB01,2020,46.8778
REGION1,PWRHYDB01,2021,46.8778
REGION1,PWRHYDB01,2022,46.8778
REGION1,PWRHYDB01,2023,46.8778
REGION1,PWRHYDB01,2024,46.8778
REGION1,PWRHYDB01,2025,46.8778
REGION1,PWRHYDB01,2026,46.8778
REGION1,PWRHYDB01,2027,46.8778
REGION1,PWRHYDB01,2028,46.8778
REGION1,PWRHYDB01,2029,46.8778
REGION1,PWRHYDB01,2030,46.8778
REGION1,PWRHYDB01,2031,46.8778
REGION1,PWRHYDB01,2032,46.8778
REGION1,PWRHYDB01,2033,46.8778
REGION1,PWRHYDB01,2034,46.8778
REGION1,PWRHYDB01,2035,46.8778
REGION1,PWRHYDB01,2036,46.8778
REGION1,PWRHYDB01,2037,46.8778
REGION1,PWRHYDB01,2038,46.8778
REGION1,PWRHYDB01,2039,46.8778
REGION1,PWRHYDB01,2040,46.8778
REGION1,PWRHYDB01,2041,46.8778
REGION1,PWRHYDB01,2042,46.8778
REGION1,PWRHYDB01,2043,46.8778
REGION1,PWRHYDB01,2044,46.8778
REGION1,PWRHYDB01,2045,46.8778
REGION1,PWRHYDB01,2046,46.8778
REGION1,PWRHYDB01,2047,46.8778
REGION1,PWRHYDB01,2048,46.8778
REGION1,PWRHYDB01,2049,46.8778
REGION1,PWRHYDB01,2050,46.8778
REGION1,PWRHYDB02,2020,12.0637
REGION1,PWRHYDB02,2021,12.0637
REGION1,PWRHYDB02,2022,12.0637
REGION1,PWRHYDB02,2023,12.0637
REGION1,PWRHYDB02,2024,12.0637
REGION1,PWRHYDB02,2025,12.0637
REGION1,PWRHYDB02,2026,12.0637
REGION1,PWRHYDB02,2027,12.0637
REGION1,PWRHYDB02,2028,12.0637
REGION1,PWRHYDB02,2029,12.0637
REGION1,PWRHYDB02,2030,12.0637
REGION1,PWRHYDB02,2031,12.0637
REGION1,PWRHYDB02,2032,12.0637
REGION1,PWRHYDB02,2033,12.0637
REGION1,PWRHYDB02,2034,12.0637
REGION1,PWRHYDB02,2035,12.0637
REGION1,PWRHYDB02,2036,12.0637
REGION1,PWRHYDB02,2037,12.0637
REGION1,PWRHYDB02,2038,12.0637
REGION1,PWRHYDB02,2039,12.0637
REGION1,PWRHYDB02,2040,12.0637
REGION1,PWRHYDB02,2041,12.0637
REGION1,PWRHYDB02,2042,12.0637
REGION1,PWRHYDB02,2043,12.0637
REGION1,PWRHYDB02,2044,12.0637
REGION1,PWRHYDB02,2045,12.0637
REGION1,PWRHYDB02,2046,12.0637
REGION1,PWRHYDB02,2047,12.0637
REGION1,PWRHYDB02,2048,12.0637
REGION1,PWRHYDB02,2049,12.0637
REGION1,PWRHYDB02,2050,12.0637
REGION1,PWRHYDB03,2020,3.9681
REGION1,PWRHYDB03,2021,3.9681
REGION1,PWRHYDB03,2022,3.9681
REGION1,PWRHYDB03,2023,3.9681
REGION1,PWRHYDB03,2024,3.9681
REGION1,PWRHYDB03,2025,3.9681
REGION1,PWRHYDB03,2026,3.9681
REGION1,PWRHYDB03,2027,3.9681
REGION1,PWRHYDB03,2028,3.9681
REGION1,PWRHYDB03,2029,3.9681
REGION1,PWRHYDB03,2030,3.9681
REGION1,PWRHYDB03,2031,3.9681
REGION1,PWRHYDB03,2032,3.9681
REGION1,PWRHYDB03,2033,3.9681
REGION1,PWRHYDB03,2034,3.9681
REGION1,PWRHYDB03,2035,3.9681
REGION1,PWRHYDB03,2036,3.9681
REGION1,PWRHYDB03,2037,3.9681
REGION1,PWRHYDB03,2038,3.9681
REGION1,PWRHYDB03,2039,3.9681
REGION1,PWRHYDB03,2040,3.9681
REGION1,PWRHYDB03,2041,3.9681
REGION1,PWRHYDB03,2042,3.9681
REGION1,PWRHYDB03,2043,3.9681
REGION1,PWRHYDB03,2044,3.9681
REGION1,PWRHYDB03,2045,3.9681
REGION1,PWRHYDB03,2046,3.9681
REGION1,PWRHYDB03,2047,3.9681
REGION1,PWRHYDB03,2048,3.9681
REGION1,PWRHYDB03,2049,3.9681
REGION1,PWRHYDB03,2050,3.9681
REGION1,PWRHYDB04,2020,11.689
REGION1,PWRHYDB04,2021,11.689
REGION1,PWRHYDB04,2022,11.689
REGION1,PWRHYDB04,2023,11.689
REGION1,PWRHYDB04,2024,11.689
REGION1,PWRHYDB04,2025,11.689
REGION1,PWRHYDB04,2026,11.689
REGION1,PWRHYDB04,2027,11.689
REGION1,PWRHYDB04,2028,11.689
REGION1,PWRHYDB04,2029,11.689
REGION1,PWRHYDB04,2030,11.689
REGION1,PWRHYDB04,2031,11.689
REGION1,PWRHYDB04,2032,11.689
REGION1,PWRHYDB04,2033,11.689
REGION1,PWRHYDB04,2034,11.689
REGION1,PWRHYDB04,2035,11.689
REGION1,PWRHYDB04,2036,11.689
REGION1,PWRHYDB04,2037,11.689
REGION1,PWRHYDB04,2038,11.689
REGION1,PWRHYDB04,2039,11.689
REGION1,PWRHYDB04,2040,11.689
REGION1,PWRHYDB04,2041,11.689
REGION1,PWRHYDB04,2042,11.689
REGION1,PWRHYDB04,2043,11.689
REGION1,PWRHYDB04,2044,11.689
REGION1,PWRHYDB04,2045,11.689
REGION1,PWRHYDB04,2046,11.689
REGION1,PWRHYDB04,2047,11.689
REGION1,PWRHYDB04,2048,11.689
REGION1,PWRHYDB04,2049,11.689
REGION1,PWRHYDB04,2050,11.689
REGION1,PWRHYDB05,2020,0.7493
REGION1,PWRHYDB05,2021,0.7493
REGION1,PWRHYDB05,2022,0.7493
REGION1,PWRHYDB05,2023,0.7493
REGION1,PWRHYDB05,2024,0.7493
REGION1,PWRHYDB05,2025,0.7493
REGION1,PWRHYDB05,2026,0.7493
REGION1,PWRHYDB05,2027,0.7493
REGION1,PWRHYDB05,2028,0.7493
REGION1,PWRHYDB05,2029,0.7493
REGION1,PWRHYDB05,2030,0.7493
REGION1,PWRHYDB05,2031,0.7493
REGION1,PWRHYDB05,2032,0.7493
REGION1,PWRHYDB05,2033,0.7493
REGION1,PWRHYDB05,2034,0.7493
REGION1,PWRHYDB05,2035,0.7493
REGION1,PWRHYDB05,2036,0.7493
REGION1,PWRHYDB05,2037,0.7493
REGION1,PWRHYDB05,2038,0.7493
REGION1,PWRHYDB05,2039,0.7493
REGION1,PWRHYDB05,2040,0.7493
REGION1,PWRHYDB05,2041,0.7493
REGION1,PWRHYDB05,2042,0.7493
REGION1,PWRHYDB05,2043,0.7493
REGION1,PWRHYDB05,2044,0.7493
REGION1,PWRHYDB05,2045,0.7493
REGION1,PWRHYDB05,2046,0.7493
REGION1,PWRHYDB05,2047,0.7493
REGION1,PWRHYDB05,2048,0.7493
REGION1,PWRHYDB05,2049,0.7493
REGION1,PWRHYDB05,2050,0.7493
REGION1,PWRHYDB06,2020,26.6156
REGION1,PWRHYDB06,2021,26.6156
REGION1,PWRHYDB06,2022,26.6156
REGION1,PWRHYDB06,2023,26.6156
REGION1,PWRHYDB06,2024,26.6156
REGION1,PWRHYDB06,2025,26.6156
REGION1,PWRHYDB06,2026,26.6156
REGION1,PWRHYDB06,2027,26.6156
REGION1,PWRHYDB06,2028,26.6156
REGION1,PWRHYDB06,2029,26.6156
REGION1,PWRHYDB06,2030,26.6156
REGION1,PWRHYDB06,2031,26.6156
REGION1,PWRHYDB06,2032,26.6156
REGION1,PWRHYDB06,2033,26.6156
REGION1,PWRHYDB06,2034,26.6156
REGION1,PWRHYDB06,2035,26.6156
REGION1,PWRHYDB06,2036,26.6156
REGION1,PWRHYDB06,2037,26.6156
REGION1,PWRHYDB06,2038,26.6156
REGION1,PWRHYDB06,2039,26.6156
REGION1,PWRHYDB06,2040,26.6156
REGION1,PWRHYDB06,2041,26.6156
REGION1,PWRHYDB06,2042,26.6156
REGION1,PWRHYDB06,2043,26.6156
REGION1,PWRHYDB06,2044,26.6156
REGION1,PWRHYDB06,2045,26.6156
REGION1,PWRHYDB06,2046,26.6156
REGION1,PWRHYDB06,2047,26.6156
REGION1,PWRHYDB06,2048,26.6156
REGION1,PWRHYDB06,2049,26.6156
REGION1,PWRHYDB06,2050,26.6156
REGION1,PWRHYDB07,2020,0.5869
REGION1,PWRHYDB07,2021,0.5869
REGION1,PWRHYDB07,2022,0.5869
REGION1,PWRHYDB07,2023,0.5869
REGION1,PWRHYDB07,2024,0.5869
REGION1,PWRHYDB07,2025,0.5869
REGION1,PWRHYDB07,2026,0.5869
REGION1,PWRHYDB07,2027,0.5869
REGION1,PWRHYDB07,2028,0.5869
REGION1,PWRHYDB07,2029,0.5869
REGION1,PWRHYDB07,2030,0.5869
REGION1,PWRHYDB07,2031,0.5869
REGION1,PWRHYDB07,2032,0.5869
REGION1,PWRHYDB07,2033,0.5869
REGION1,PWRHYDB07,2034,0.5869
REGION1,PWRHYDB07,2035,0.5869
REGION1,PWRHYDB07,2036,0.5869
REGION1,PWRHYDB07,2037,0.5869
REGION1,PWRHYDB07,2038,0.5869
REGION1,PWRHYDB07,2039,0.5869
REGION1,PWRHYDB07,2040,0.5869
REGION1,PWRHYDB07,2041,0.5869
REGION1,PWRHYDB07,2042,0.5869
REGION1,PWRHYDB07,2043,0.5869
REGION1,PWRHYDB07,2044,0.5869
REGION1,PWRHYDB07,2045,0.5869
REGION1,PWRHYDB07,2046,0.5869
REGION1,PWRHYDB07,2047,0.5869
REGION1,PWRHYDB07,2048,0.5869
REGION1,PWRHYDB07,2049,0.5869
REGION1,PWRHYDB07,2050,0.5869
REGION1,PWRHYDB08,2020,9.1789
REGION1,PWRHYDB08,2021,9.1789
REGION1,PWRHYDB08,2022,9.1789
REGION1,PWRHYDB08,2023,9.1789
REGION1,PWRHYDB08,2024,9.1789
REGION1,PWRHYDB08,2025,9.1789
REGION1,PWRHYDB08,2026,9.1789
REGION1,PWRHYDB08,2027,9.1789
REGION1,PWRHYDB08,2028,9.1789
REGION1,PWRHYDB08,2029,9.1789
REGION1,PWRHYDB08,2030,9.1789
REGION1,PWRHYDB08,2031,9.1789
REGION1,PWRHYDB08,2032,9.1789
REGION1,PWRHYDB08,2033,9.1789
REGION1,PWRHYDB08,2034,9.1789
REGION1,PWRHYDB08,2035,9.1789
REGION1,PWRHYDB08,2036,9.1789
REGION1,PWRHYDB08,2037,9.1789
REGION1,PWRHYDB08,2038,9.1789
REGION1,PWRHYDB08,2039,9.1789
REGION1,PWRHYDB08,2040,9.1789
REGION1,PWRHYDB08,2041,9.1789
REGION1,PWRHYDB08,2042,9.1789
REGION1,PWRHYDB08,2043,9.1789
REGION1,PWRHYDB08,2044,9.1789
REGION1,PWRHYDB08,2045,9.1789
REGION1,PWRHYDB08,2046,9.1789
REGION1,PWRHYDB08,2047,9.1789
REGION1,PWRHYDB08,2048,9.1789
REGION1,PWRHYDB08,2049,9.1789
REGION1,PWRHYDB08,2050,9.1789
REGION1,PWRHYDB09,2020,33.1563
REGION1,PWRHYDB09,2021,33.1563
REGION1,PWRHYDB09,2022,33.1563
REGION1,PWRHYDB09,2023,33.1563
REGION1,PWRHYDB09,2024,33.1563
REGION1,PWRHYDB09,2025,33.1563
REGION1,PWRHYDB09,2026,33.1563
REGION1,PWRHYDB09,2027,33.1563
REGION1,PWRHYDB09,2028,33.1563
REGION1,PWRHYDB09,2029,33.1563
REGION1,PWRHYDB09,2030,33.1563
REGION1,PWRHYDB09,2031,33.1563
REGION1,PWRHYDB09,2032,33.1563
REGION1,PWRHYDB09,2033,33.1563
REGION1,PWRHYDB09,2034,33.1563
REGION1,PWRHYDB09,2035,33.1563
REGION1,PWRHYDB09,2036,33.1563
REGION1,PWRHYDB09,2037,33.1563
REGION1,PWRHYDB09,2038,33.1563
REGION1,PWRHYDB09,2039,33.1563
REGION1,PWRHYDB09,2040,33.1563
REGION1,PWRHYDB09,2041,33.1563
REGION1,PWRHYDB09,2042,33.1563
REGION1,PWRHYDB09,2043,33.1563
REGION1,PWRHYDB09,2044,33.1563
REGION1,PWRHYDB09,2045,33.1563
REGION1,PWRHYDB09,2046,33.1563
REGION1,PWRHYDB09,2047,33.1563
REGION1,PWRHYDB09,2048,33.1563
REGION1,PWRHYDB09,2049,33.1563
REGION1,PWRHYDB09,2050,33.1563
REGION1,PWRHYDB10,2020,30.1966
REGION1,PWRHYDB10,2021,30.1966
REGION1,PWRHYDB10,2022,30.1966
REGION1,PWRHYDB10,2023,30.1966
REGION1,PWRHYDB10,2024,30.1966
REGION1,PWRHYDB10,2025,30.1966
REGION1,PWRHYDB10,2026,30.1966
REGION1,PWRHYDB10,2027,30.1966
REGION1,PWRHYDB10,2028,30.1966
REGION1,PWRHYDB10,2029,30.1966
REGION1,PWRHYDB10,2030,30.1966
REGION1,PWRHYDB10,2031,30.1966
REGION1,PWRHYDB10,2032,30.1966
REGION1,PWRHYDB10,2033,30.1966
REGION1,PWRHYDB10,2034,30.1966
REGION1,PWRHYDB10,2035,30.1966
REGION1,PWRHYDB10,2036,30.1966
REGION1,PWRHYDB10,2037,30.1966
REGION1,PWRHYDB10,2038,30.1966
REGION1,PWRHYDB10,2039,30.1966
REGION1,PWRHYDB10,2040,30.1966
REGION1,PWRHYDB10,2041,30.1966
REGION1,PWRHYDB10,2042,30.1966
REGION1,PWRHYDB10,2043,30.1966
REGION1,PWRHYDB10,2044,30.1966
REGION1,PWRHYDB10,2045,30.1966
REGION1,PWRHYDB10,2046,30.1966
REGION1,PWRHYDB10,2047,30.1966
REGION1,PWRHYDB10,2048,30.1966
REGION1,PWRHYDB10,2049,30.1966
REGION1,PWRHYDB10,2050,30.1966
REGION1,PWRHYDB11,2020,12.6444
REGION1,PWRHYDB11,2021,12.6444
REGION1,PWRHYDB11,2022,12.6444
REGION1,PWRHYDB11,2023,12.6444
REGION1,PWRHYDB11,2024,12.6444
REGION1,PWRHYDB11,2025,12.6444
REGION1,PWRHYDB11,2026,12.6444
REGION1,PWRHYDB11,2027,12.6444
REGION1,PWRHYDB11,2028,12.6444
REGION1,PWRHYDB11,2029,12.6444
REGION1,PWRHYDB11,2030,12.6444
REGION1,PWRHYDB11,2031,12.6444
REGION1,PWRHYDB11,2032,12.6444
REGION1,PWRHYDB11,2033,12.6444
REGION1,PWRHYDB11,2034,12.6444
REGION1,PWRHYDB11,2035,12.6444
REGION1,PWRHYDB11,2036,12.6444
REGION1,PWRHYDB11,2037,12.6444
REGION1,PWRHYDB11,2038,12.6444
REGION1,PWRHYDB11,2039,12.6444
REGION1,PWRHYDB11,2040,12.6444
REGION1,PWRHYDB11,2041,12.6444
REGION1,PWRHYDB11,2042,12.6444
REGION1,PWRHYDB11,2043,12.6444
REGION1,PWRHYDB11,2044,12.6444
REGION1,PWRHYDB11,2045,12.6444
REGION1,PWRHYDB11,2046,12.6444
REGION1,PWRHYDB11,2047,12.6444
REGION1,PWRHYDB11,2048,12.6444
REGION1,PWRHYDB11,2049,12.6444
REGION1,PWRHYDB11,2050,12.6444
REGION1,PWRHYDB12,2020,12.738
REGION1,PWRHYDB12,2021,12.738
REGION1,PWRHYDB12,2022,12.738
REGION1,PWRHYDB12,2023,12.738
REGION1,PWRHYDB12,2024,12.738
REGION1,PWRHYDB12,2025,12.738
REGION1,PWRHYDB12,2026,12.738
REGION1,PWRHYDB12,2027,12.738
REGION1,PWRHYDB12,2028,12.738
REGION1,PWRHYDB12,2029,12.738
REGION1,PWRHYDB12,2030,12.738
REGION1,PWRHYDB12,2031,12.738
REGION1,PWRHYDB12,2032,12.738
REGION1,PWRHYDB12,2033,12.738
REGION1,PWRHYDB12,2034,12.738
REGION1,PWRHYDB12,2035,12.738
REGION1,PWRHYDB12,2036,12.738
REGION1,PWRHYDB12,2037,12.738
REGION1,PWRHYDB12,2038,12.738
REGION1,PWRHYDB12,2039,12.738
REGION1,PWRHYDB12,2040,12.738
REGION1,PWRHYDB12,2041,12.738
REGION1,PWRHYDB12,2042,12.738
REGION1,PWRHYDB12,2043,12.738
REGION1,PWRHYDB12,2044,12.738
REGION1,PWRHYDB12,2045,12.738
REGION1,PWRHYDB12,2046,12.738
REGION1,PWRHYDB12,2047,12.738
REGION1,PWRHYDB12,2048,12.738
REGION1,PWRHYDB12,2049,12.738
REGION1,PWRHYDB12,2050,12.738
REGION1,PWRHYDB13,2025,13.7371
REGION1,PWRHYDB13,2026,13.7371
REGION1,PWRHYDB13,2027,13.7371
REGION1,PWRHYDB13,2028,13.7371
REGION1,PWRHYDB13,2029,13.7371
REGION1,PWRHYDB13,2030,13.7371
REGION1,PWRHYDB13,2031,13.7371
REGION1,PWRHYDB13,2032,13.7371
REGION1,PWRHYDB13,2033,13.7371
REGION1,PWRHYDB13,2034,13.7371
REGION1,PWRHYDB13,2035,13.7371
REGION1,PWRHYDB13,2036,13.7371
REGION1,PWRHYDB13,2037,13.7371
REGION1,PWRHYDB13,2038,13.7371
REGION1,PWRHYDB13,2039,13.7371
REGION1,PWRHYDB13,2040,13.7371
REGION1,PWRHYDB13,2041,13.7371
REGION1,PWRHYDB13,2042,26.6082
REGION1,PWRHYDB13,2043,59.1665
REGION1,PWRHYDB13,2044,90.0371
REGION1,PWRHYDB13,2045,120.5796
REGION1,PWRHYDB13,2046,149.8591
REGION1,PWRHYDB13,2047,149.8591
REGION1,PWRHYDB13,2048,149.8591
REGION1,PWRHYDB13,2049,149.8591
REGION1,PWRHYDB13,2050,149.8591
REGION1,PWRNGSB01,2024,7.9096
REGION1,PWRNGSB01,2039,0.6698
REGION1,PWRNGSB01,2040,2.2284
REGION1,PWRNGSB01,2041,3.7867
REGION1,PWRNGSB01,2042,3.5507
REGION1,PWRNGSB01,2043,0.4993
REGION1,PWRNGSB01,2049,25.7988
REGION1,PWRSOLB01,2020,0.0055
REGION1,PWRSOLB01,2021,0.0055
REGION1,PWRSOLB01,2022,0.0055
REGION1,PWRSOLB01,2023,0.0055
REGION1,PWRSOLB01,2024,0.0055
REGION1,PWRSOLB01,2025,0.0055
REGION1,PWRSOLB01,2026,0.0055
REGION1,PWRSOLB01,2027,0.0055
REGION1,PWRSOLB01,2028,0.0055
REGION1,PWRSOLB01,2029,0.0055
REGION1,PWRSOLB01,2030,0.0055
REGION1,PWRSOLB01,2031,0.0055
REGION1,PWRSOLB01,2032,0.0055
REGION1,PWRSOLB01,2033,0.0055
REGION1,PWRSOLB01,2034,0.0055
REGION1,PWRSOLB01,2035,0.0055
REGION1,PWRSOLB01,2036,0.0055
REGION1,PWRSOLB01,2037,0.0055
REGION1,PWRSOLB01,2038,29.2919
REGION1,PWRSOLB01,2039,79.9415
REGION1,PWRSOLB01,2040,128.5993
REGION1,PWRSOLB01,2041,177.2463
REGION1,PWRSOLB01,2042,214.8054
REGION1,PWRSOLB01,2043,237.9343
REGION1,PWRSOLB01,2044,257.7572
REGION1,PWRSOLB01,2045,277.6773
REGION1,PWRSOLB01,2046,296.7384
REGION1,PWRSOLB01,2047,296.7384
REGION1,PWRSOLB01,2048,310.3871
REGION1,PWRSOLB01,2049,330.2144
REGION1,PWRSOLB01,2050,405.7572
REGION1,PWRTRNB01,2020,233.85
REGION1,PWRTRNB01,2021,237.44
REGION1,PWRTRNB01,2022,240.92
REGION1,PWRTRNB01,2023,244.69
REGION1,PWRTRNB01,2024,260.17
REGION1,PWRTRNB01,2025,265.42
REGION1,PWRTRNB01,2026,280.43
REGION1,PWRTRNB01,2027,291.99
REGION1,PWRTRNB01,2028,303.13
REGION1,PWRTRNB01,2029,314.11
REGION1,PWRTRNB01,2030,326.82
REGION1,PWRTRNB01,2031,372.05
REGION1,PWRTRNB01,2032,417.28
REGION1,PWRTRNB01,2033,462.49
REGION1,PWRTRNB01,2034,507.73
REGION1,PWRTRNB01,2035,552.96
REGION1,PWRTRNB01,2036,598.18
REGION1,PWRTRNB01,2037,643.4
REGION1,PWRTRNB01,2038,688.63
REGION1,PWRTRNB01,2039,733.85
REGION1,PWRTRNB01,2040,779.09
REGION1,PWRTRNB01,2041,824.32
REGION1,PWRTRNB01,2042,869.54
REGION1,PWRTRNB01,2043,914.76
REGION1,PWRTRNB01,2044,959.98
REGION1,PWRTRNB01,2045,1005.2
REGION1,PWRTRNB01,2046,1050.46
REGION1,PWRTRNB01,2047,1095.67
REGION1,PWRTRNB01,2048,1140.89
REGION1,PWRTRNB01,2049,1186.12
REGION1,PWRTRNB01,2050,1231.337
REGION1,PWRURNB01,2031,35.1617
REGION1,PWRURNB01,2032,85.367
REGION1,PWRURNB01,2033,135.5501
REGION1,PWRURNB01,2034,185.7665
REGION1,PWRURNB01,2035,236.6658
REGION1,PWRURNB01,2036,286.86
REGION1,PWRURNB01,2037,290.352
REGION1,PWRURNB01,2038,290.352
REGION1,PWRURNB01,2039,290.352
REGION1,PWRURNB01,2040,290.352
REGION1,PWRURNB01,2041,290.352
REGION1,PWRURNB01,2042,290.352
REGION1,PWRURNB01,2043,290.352
REGION1,PWRURNB01,2044,290.352
REGION1,PWRURNB01,2045,290.352
REGION1,PWRURNB01,2046,290.352
REGION1,PWRURNB01,2047,290.352
REGION1,PWRURNB01,2048,290.352
REGION1,PWRURNB01,2049,290.352
REGION1,PWRURNB01,2050,225.5981
REGION1,PWRWNDB01,2020,1.3099
REGION1,PWRWNDB01,2021,1.3099
REGION1,PWRWNDB01,2022,1.3099
REGION1,PWRWNDB01,2023,1.3099
REGION1,PWRWNDB01,2024,1.3099
REGION1,PWRWNDB01,2025,1.3099
REGION1,PWRWNDB01,2026,1.3099
REGION1,PWRWNDB01,2027,1.3099
REGION1,PWRWNDB01,2028,1.3099
REGION1,PWRWNDB01,2029,1.3099
REGION1,PWRWNDB01,2030,1.3099
REGION1,PWRWNDB01,2031,1.3099
REGION1,PWRWNDB01,2032,1.3099
REGION1,PWRWNDB01,2033,1.3099
REGION1,PWRWNDB01,2034,1.3099
REGION1,PWRWNDB01,2035,1.3099
REGION1,PWRWNDB01,2036,1.3099
REGION1,PWRWNDB02,2020,0.694
REGION1,PWRWNDB02,2021,0.694
REGION1,PWRWNDB02,2022,0.694
REGION1,PWRWNDB02,2023,0.694
REGION1,PWRWNDB02,2024,0.694
REGION1,PWRWNDB02,2025,0.694
REGION1,PWRWNDB02,2026,0.694
REGION1,PWRWNDB02,2027,0.694
REGION1,PWRWNDB02,2028,0.694
REGION1,PWRWNDB02,2029,0.694
REGION1,PWRWNDB02,2030,0.694
REGION1,PWRWNDB02,2031,0.694
REGION1,PWRWNDB02,2032,0.694
REGION1,PWRWNDB02,2033,0.694
REGION1,PWRWNDB02,2034,0.694
REGION1,PWRWNDB03,2020,1.6901
REGION1,PWRWNDB03,2021,1.6901
REGION1,PWRWNDB03,2022,1.6901
REGION1,PWRWNDB03,2023,1.6901
REGION1,PWRWNDB03,2024,1.6901
REGION1,PWRWNDB03,2025,1.6901
REGION1,PWRWNDB03,2026,1.6901
REGION1,PWRWNDB03,2027,1.6901
REGION1,PWRWNDB03,2028,1.6901
REGION1,PWRWNDB03,2029,1.6901
REGION1,PWRWNDB03,2030,1.6901
REGION1,PWRWNDB03,2031,1.6901
REGION1,PWRWNDB03,2032,1.6901
REGION1,PWRWNDB03,2033,1.6901
REGION1,PWRWNDB03,2034,1.6901
REGION1,PWRWNDB03,2035,1.6901
REGION1,PWRWNDB03,2036,1.6901
REGION1,PWRWNDB03,2037,1.6901
REGION1,PWRWNDB04,2020,1.9449
REGION1,PWRWNDB04,2021,1.9449
REGION1,PWRWNDB04,2022,1.9449
REGION1,PWRWNDB04,2023,1.9449
REGION1,PWRWNDB04,2024,1.9449
REGION1,PWRWNDB04,2025,1.9449
REGION1,PWRWNDB04,2026,1.9449
REGION1,PWRWNDB04,2027,1.9449
REGION1,PWRWNDB04,2028,1.9449
REGION1,PWRWNDB04,2029,1.9449
REGION1,PWRWNDB04,2030,1.9449
REGION1,PWRWNDB04,2031,1.9449
REGION1,PWRWNDB04,2032,1.9449
REGION1,PWRWNDB04,2033,1.9449
REGION1,PWRWNDB04,2034,1.9449
REGION1,PWRWNDB04,2035,1.9449
REGION1,PWRWNDB04,2036,1.9449
REGION1,PWRWNDB04,2037,1.9449
REGION1,PWRWNDB04,2038,1.9449
REGION1,PWRWNDB04,2039,1.9449
REGION1,PWRWNDB04,2040,1.9449
REGION1,PWRWNDB04,2041,1.9449
REGION1,PWRWNDB04,2042,1.9449
REGION1,PWRWNDB05,2020,0.2684
REGION1,PWRWNDB05,2021,0.2684
REGION1,PWRWNDB05,2022,0.2684
REGION1,PWRWNDB05,2023,0.2684
REGION1,PWRWNDB05,2024,0.2684
REGION1,PWRWNDB05,2025,0.2684
REGION1,PWRWNDB05,2026,0.2684
REGION1,PWRWNDB05,2027,0.2684
REGION1,PWRWNDB05,2028,0.2684
REGION1,PWRWNDB05,2029,0.2684
REGION1,PWRWNDB05,2030,0.2684
REGION1,PWRWNDB05,2031,0.2684
REGION1,PWRWNDB05,2032,0.2684
REGION1,PWRWNDB05,2033,0.2684
REGION1,PWRWNDB05,2034,0.2684
REGION1,PWRWNDB05,2035,0.2684
REGION1,PWRWNDB05,2036,0.2684
REGION1,PWRWNDB05,2037,0.2684
REGION1,PWRWNDB05,2038,0.2684
REGION1,PWRWNDB05,2039,0.2684
REGION1,PWRWNDB05,2040,0.2684
REGION1,PWRWNDB05,2041,0.2684
REGION1,PWRWNDB05,2042,0.2684
REGION1,PWRWNDB05,2043,0.2684
REGION1,PWRWNDB05,2044,0.2684
REGION1,PWRWNDB06,2020,1.1251
REGION1,PWRWNDB06,2021,1.1251
REGION1,PWRWNDB06,2022,1.1251
REGION1,PWRWNDB06,2023,1.1251
REGION1,PWRWNDB06,2024,1.1251
REGION1,PWRWNDB06,2025,1.1251
REGION1,PWRWNDB06,2026,1.1251
REGION1,PWRWNDB06,2027,1.1251
REGION1,PWRWNDB06,2028,1.1251
REGION1,PWRWNDB06,2029,1.1251
REGION1,PWRWNDB06,2030,1.1251
REGION1,PWRWNDB06,2031,1.1251
REGION1,PWRWNDB06,2032,1.1251
REGION1,PWRWNDB06,2033,1.1251
REGION1,PWRWNDB06,2034,1.1251
REGION1,PWRWNDB06,2035,1.1251
REGION1,PWRWNDB06,2036,1.1251
REGION1,PWRWNDB06,2037,1.1251
REGION1,PWRWNDB06,2038,1.1251
REGION1,PWRWNDB07,2020,0.2371
REGION1,PWRWNDB07,2021,0.2371
REGION1,PWRWNDB07,2022,0.2371
REGION1,PWRWNDB07,2023,0.2371
REGION1,PWRWNDB07,2024,0.2371
REGION1,PWRWNDB07,2025,0.2371
REGION1,PWRWNDB07,2026,0.2371
REGION1,PWRWNDB07,2027,0.2371
REGION1,PWRWNDB07,2028,0.2371
REGION1,PWRWNDB07,2029,0.2371
REGION1,PWRWNDB07,2030,0.2371
REGION1,PWRWNDB07,2031,0.2371
REGION1,PWRWNDB07,2032,0.2371
REGION1,PWRWNDB07,2033,0.2371
REGION1,PWRWNDB07,2034,0.2371
REGION1,PWRWNDB07,2035,0.2371
REGION1,PWRWNDB07,2036,0.2371
REGION1,PWRWNDB07,2037,0.2371
REGION1,PWRWNDB07,2038,0.2371
REGION1,PWRWNDB07,2039,0.2371
REGION1,PWRWNDB07,2040,0.2371
REGION1,PWRWNDB07,2041,0.2371
REGION1,PWRWNDB07,2042,0.2371
REGION1,PWRWNDB08,2020,0.2596
REGION1,PWRWNDB08,2021,0.2596
REGION1,PWRWNDB08,2022,0.2596
REGION1,PWRWNDB08,2023,0.2596
REGION1,PWRWNDB08,2024,0.2596
REGION1,PWRWNDB08,2025,0.2596
REGION1,PWRWNDB08,2026,0.2596
REGION1,PWRWNDB08,2027,0.2596
REGION1,PWRWNDB08,2028,0.2596
REGION1,PWRWNDB08,2029,0.2596
REGION1,PWRWNDB08,2030,0.2596
REGION1,PWRWNDB08,2031,0.2596
REGION1,PWRWNDB08,2032,0.2596
REGION1,PWRWNDB08,2033,0.2596
REGION1,PWRWNDB08,2034,0.2596
REGION1,PWRWNDB08,2035,0.2596
REGION1,PWRWNDB08,2036,0.2596
REGION1,PWRWNDB08,2037,0.2596
REGION1,PWRWNDB08,2038,0.2596
REGION1,PWRWNDB08,2039,0.2596
REGION1,PWRWNDB08,2040,0.2596
REGION1,PWRWNDB08,2041,0.2596
REGION1,PWRWNDB08,2042,0.2596
REGION1,PWRWNDB09,2020,38.6271
REGION1,PWRWNDB09,2021,42.612
REGION1,PWRWNDB09,2022,46.4748
REGION1,PWRWNDB09,2023,50.6595
REGION1,PWRWNDB09,2024,59.9327
REGION1,PWRWNDB09,2025,59.9327
REGION1,PWRWNDB09,2026,61.6444
REGION1,PWRWNDB09,2027,61.6444
REGION1,PWRWNDB09,2028,61.6444
REGION1,PWRWNDB09,2029,61.6444
REGION1,PWRWNDB09,2030,61.6444
REGION1,PWRWNDB09,2031,61.6444
REGION1,PWRWNDB09,2032,61.6444
REGION1,PWRWNDB09,2033,61.6444
REGION1,PWRWNDB09,2034,61.6444
REGION1,PWRWNDB09,2035,61.6444
REGION1,PWRWNDB09,2036,61.6444
REGION1,PWRWNDB09,2037,61.6444
REGION1,PWRWNDB09,2038,61.6444
REGION1,PWRWNDB09,2039,61.6444
REGION1,PWRWNDB09,2040,61.6444
REGION1,PWRWNDB09,2041,61.6444
REGION1,PWRWNDB09,2042,61.6444
REGION1,PWRWNDB09,2043,61.6444
REGION1,PWRWNDB09,2044,61.6444
REGION1,PWRWNDB09,2045,61.6444
REGION1,PWRWNDB09,2046,61.6444
REGION1,PWRWNDB09,2047,61.6444
REGION1,PWRWNDB09,2048,61.6444
REGION1,PWRWNDB09,2049,61.6444
REGION1,PWRWNDB09,2050,61.6444
REGION1,PWRWNDB10,2046,1.898
REGION1,PWRWNDB10,2047,50.1643
REGION1,PWRWNDB10,2048,65.2008
REGION1,PWRWNDB10,2049,65.2008
REGION1,PWRWNDB10,2050,65.2008
REGION1,PWRWNDB11,2050,65.2008
REGION1,RNWBIO,2020,233.3695
REGION1,RNWBIO,2021,233.9895
REGION1,RNWBIO,2022,234.3595
REGION1,RNWBIO,2023,235.0395
REGION1,RNWBIO,2024,235.8895
REGION1,RNWBIO,2025,235.4695
REGION1,RNWBIO,2026,233.7995
REGION1,RNWBIO,2027,232.2295
REGION1,RNWBIO,2028,230.6395
REGION1,RNWBIO,2029,228.5795
REGION1,RNWBIO,2030,226.3595
REGION1,RNWBIO,2031,216.8795
REGION1,RNWBIO,2032,207.4095
REGION1,RNWBIO,2033,197.9395
REGION1,RNWBIO,2034,188.4595
REGION1,RNWBIO,2035,178.9895
REGION1,RNWBIO,2036,169.5295
REGION1,RNWBIO,2037,160.0495
REGION1,RNWBIO,2038,150.5795
REGION1,RNWBIO,2039,141.0895
REGION1,RNWBIO,2040,131.6295
REGION1,RNWBIO,2041,122.1595
REGION1,RNWBIO,2042,112.6695
REGION1,RNWBIO,2043,103.2095
REGION1,RNWBIO,2044,93.7295
REGION1,RNWBIO,2045,84.2595
REGION1,RNWBIO,2046,74.7895
REGION1,RNWBIO,2047,70.7825
REGION1,RNWBIO,2048,122.6128
REGION1,RNWBIO,2049,126.1835
REGION1,RNWBIO,2050,116.7135
REGION1,RNWGEO,2026,99.7125
REGION1,RNWGEO,2027,185.2993
REGION1,RNWGEO,2028,267.7765
REGION1,RNWGEO,2029,349.0691
REGION1,RNWGEO,2030,443.1701
REGION1,RNWGEO,2031,543.5108
REGION1,RNWGEO,2032,543.5108
REGION1,RNWGEO,2033,543.5108
REGION1,RNWGEO,2034,543.5108
REGION1,RNWGEO,2035,543.5108
REGION1,RNWGEO,2036,543.5108
REGION1,RNWGEO,2037,863.7518
REGION1,RNWGEO,2038,1014.5534
REGION1,RNWGEO,2039,1014.5534
REGION1,RNWGEO,2040,1014.5534
REGION1,RNWGEO,2041,1014.5534
REGION1,RNWGEO,2042,1014.5534
REGION1,RNWGEO,2043,1014.5534
REGION1,RNWGEO,2044,1014.5534
REGION1,RNWGEO,2045,1014.5534
REGION1,RNWGEO,2046,1014.5534
REGION1,RNWGEO,2047,1014.5534
REGION1,RNWGEO,2048,1014.5534
REGION1,RNWGEO,2049,1014.5534
REGION1,RNWGEO,2050,1014.5534
REGION1,RNWHYD,2020,240.933
REGION1,RNWHYD,2021,240.933
REGION1,RNWHYD,2022,240.933
REGION1,RNWHYD,2023,240.933
REGION1,RNWHYD,2024,240.933
REGION1,RNWHYD,2025,258.1044
REGION1,RNWHYD,2026,258.1044
REGION1,RNWHYD,2027,258.1044
REGION1,RNWHYD,2028,258.1044
REGION1,RNWHYD,2029,258.1044
REGION1,RNWHYD,2030,258.1044
REGION1,RNWHYD,2031,258.1044
REGION1,RNWHYD,2032,258.1044
REGION1,RNWHYD,2033,258.1044
REGION1,RNWHYD,2034,258.1044
REGION1,RNWHYD,2035,258.1044
REGION1,RNWHYD,2036,258.1044
REGION1,RNWHYD,2037,258.1044
REGION1,RNWHYD,2038,258.1044
REGION1,RNWHYD,2039,258.1044
REGION1,RNWHYD,2040,258.1044
REGION1,RNWHYD,2041,258.1044
REGION1,RNWHYD,2042,274.1932
REGION1,RNWHYD,2043,314.8912
REGION1,RNWHYD,2044,353.4794
REGION1,RNWHYD,2045,391.6575
REGION1,RNWHYD,2046,428.2569
REGION1,RNWHYD,2047,428.2569
REGION1,RNWHYD,2048,428.2569
REGION1,RNWHYD,2049,428.2569
REGION1,RNWHYD,2050,428.2569
REGION1,RNWSOL,2020,0.0157
REGION1,RNWSOL,2021,0.0157
REGION1,RNWSOL,2022,0.0157
REGION1,RNWSOL,2023,0.0157
REGION1,RNWSOL,2024,0.0157
REGION1,RNWSOL,2025,0.0157
REGION1,RNWSOL,2026,0.0157
REGION1,RNWSOL,2027,0.0157
REGION1,RNWSOL,2028,0.0157
REGION1,RNWSOL,2029,0.0157
REGION1,RNWSOL,2030,0.0157
REGION1,RNWSOL,2031,0.0157
REGION1,RNWSOL,2032,0.0157
REGION1,RNWSOL,2033,0.0157
REGION1,RNWSOL,2034,0.0157
REGION1,RNWSOL,2035,0.0157
REGION1,RNWSOL,2036,0.0157
REGION1,RNWSOL,2037,0.0157
REGION1,RNWSOL,2038,83.4821
REGION1,RNWSOL,2039,227.8332
REGION1,RNWSOL,2040,366.5079
REGION1,RNWSOL,2041,505.1519
REGION1,RNWSOL,2042,612.1953
REGION1,RNWSOL,2043,678.1126
REGION1,RNWSOL,2044,734.6079
REGION1,RNWSOL,2045,791.3802
REGION1,RNWSOL,2046,845.7043
REGION1,RNWSOL,2047,845.7043
REGION1,RNWSOL,2048,884.6034
REGION1,RNWSOL,2049,941.1111
REGION1,RNWSOL,2050,1156.4079
REGION1,RNWWND,2020,153.7001
REGION1,RNWWND,2021,166.9698
REGION1,RNWWND,2022,179.833
REGION1,RNWWND,2023,193.768
REGION1,RNWWND,2024,224.6478
REGION1,RNWWND,2025,224.6478
REGION1,RNWWND,2026,230.3478
REGION1,RNWWND,2027,230.3478
REGION1,RNWWND,2028,230.3478
REGION1,RNWWND,2029,230.3478
REGION1,RNWWND,2030,230.3478
REGION1,RNWWND,2031,230.3478
REGION1,RNWWND,2032,230.3478
REGION1,RNWWND,2033,230.3478
REGION1,RNWWND,2034,230.3478
REGION1,RNWWND,2035,228.0368
REGION1,RNWWND,2036,228.0368
REGION1,RNWWND,2037,223.6749
REGION1,RNWWND,2038,218.0469
REGION1,RNWWND,2039,214.3002
REGION1,RNWWND,2040,214.3002
REGION1,RNWWND,2041,214.3002
REGION1,RNWWND,2042,214.3002
REGION1,RNWWND,2043,206.1696
REGION1,RNWWND,2044,206.1696
REGION1,RNWWND,2045,205.276
REGION1,RNWWND,2046,211.5964
REGION1,RNWWND,2047,372.3231
REGION1,RNWWND,2048,422.3947
REGION1,RNWWND,2049,422.3947
REGION1,RNWWND,2050,639.5135
