r,t,y,NewCapacity
REGION1,DEMAGRDSL,2020,15.0303
REGION1,DEMAGRDSL,2021,15.7758
REGION1,DEMAGRDSL,2022,16.4313
REGION1,DEMAGRDSL,2023,16.8202
REGION1,DEMAGRDSL,2024,17.7717
REGION1,DEMAGRDSL,2025,18.3242
REGION1,DEMAGRDSL,2026,17.5909
REGION1,DEMAGRDSL,2027,16.8576
REGION1,DEMAGRDSL,2028,16.1253
REGION1,DEMAGRDSL,2029,15.3919
REGION1,DEMAGRDSL,2030,14.6596
REGION1,DEMAGRDSL,2031,13.9263
REGION1,DEMAGRDSL,2032,13.1929
REGION1,DEMAGRDSL,2033,12.4606
REGION1,DEMAGRDSL,2034,11.7273
REGION1,DEMAGRDSL,2035,10.9949
REGION1,DEMAGRDSL,2036,10.2616
REGION1,DEMAGRDSL,2037,9.5293
REGION1,DEMAGRDSL,2038,8.796
REGION1,DEMAGRDSL,2039,8.0626
REGION1,DEMAGRDSL,2040,7.3303
REGION1,DEMAGRDSL,2041,6.597
REGION1,DEMAGRDSL,2042,5.8646
REGION1,DEMAGRDSL,2043,5.1313
REGION1,DEMAGRDSL,2044,4.398
REGION1,DEMAGRDSL,2045,3.6657
REGION1,DEMAGRDSL,2046,2.9323
REGION1,DEMAGRDSL,2047,2.2
REGION1,DEMAGRDSL,2048,1.4667
REGION1,DEMAGRDSL,2049,0.7343
REGION1,DEMAGRELCB02,2026,1.9933
REGION1,DEMAGRELCB02,2027,3.9867
REGION1,DEMAGRELCB02,2028,5.9656
REGION1,DEMAGRELCB02,2029,7.9589
REGION1,DEMAGRELCB02,2030,9.9522
REGION1,DEMAGRELCB02,2031,11.9456
REGION1,DEMAGRELCB02,2032,13.9389
REGION1,DEMAGRELCB02,2033,15.9178
REGION1,DEMAGRELCB02,2034,17.9111
REGION1,DEMAGRELCB02,2035,19.9044
REGION1,DEMAGRELCB02,2036,21.8978
REGION1,DEMAGRELCB02,2037,23.8767
REGION1,DEMAGRELCB02,2038,25.87
REGION1,DEMAGRELCB02,2039,27.8633
REGION1,DEMAGRELCB02,2040,29.8567
REGION1,DEMAGRELCB02,2041,31.85
REGION1,DEMAGRELCB02,2042,33.8289
REGION1,DEMAGRELCB02,2043,35.8222
REGION1,DEMAGRELCB02,2044,37.8156
REGION1,DEMAGRELCB02,2045,39.8089
REGION1,DEMAGRELCB02,2046,41.8022
REGION1,DEMAGRELCB02,2047,43.7811
REGION1,DEMAGRELCB02,2048,45.7744
REGION1,DEMAGRELCB02,2049,47.7678
REGION1,DEMAGRELCB02,2050,49.7568
REGION1,DEMAGRSURBC1,2020,0.36
REGION1,DEMAGRSURBC1,2021,0.4289
REGION1,DEMAGRSURBC1,2022,0.4272
REGION1,DEMAGRSURBC1,2023,0.4262
REGION1,DEMAGRSURBC1,2024,0.428
REGION1,DEMAGRSURBC1,2025,0.4536
REGION1,DEMAGRSURBC1,2026,0.4874
REGION1,DEMAGRSURBC1,2027,0.5723
REGION1,DEMAGRSURBC1,2028,0.6101
REGION1,DEMAGRSURBC1,2029,0.6421
REGION1,DEMAGRSURBC1,2030,0.6787
REGION1,DEMAGRSURBC1,2031,0.7145
REGION1,DEMAGRSURBC1,2032,0.7415
REGION1,DEMAGRSURBC1,2033,0.7758
REGION1,DEMAGRSURBC1,2034,0.8091
REGION1,DEMAGRSURBC1,2035,1.7229
REGION1,DEMAGRSURBC1,2036,1.8128
REGION1,DEMAGRSURBC1,2037,1.8505
REGION1,DEMAGRSURBC1,2038,1.8873
REGION1,DEMAGRSURBC1,2039,1.9234
REGION1,DEMAGRSURBC1,2040,1.9308
REGION1,DEMAGRSURBC1,2041,1.94
REGION1,DEMAGRSURBC1,2042,1.9481
REGION1,DEMAGRSURBC1,2043,1.9574
REGION1,DEMAGRSURBC1,2044,1.9656
REGION1,DEMAGRSURBC1,2045,1.9743
REGION1,DEMAGRSURBC1,2046,1.9824
REGION1,DEMAGRSURBC1,2047,1.9906
REGION1,DEMAGRSURBC1,2048,1.9994
REGION1,DEMAGRSURBC1,2049,2.0084
REGION1,DEMAGRSURBC1,2050,2.0166
REGION1,DEMCOMBIO,2020,0.1212
REGION1,DEMCOMBIO,2021,0.1717
REGION1,DEMCOMBIO,2022,0.2222
REGION1,DEMCOMBIO,2023,0.2626
REGION1,DEMCOMBIO,2024,0.3131
REGION1,DEMCOMBIO,2025,0.3535
REGION1,DEMCOMBIO,2026,0.3434
REGION1,DEMCOMBIO,2027,0.3232
REGION1,DEMCOMBIO,2028,0.3131
REGION1,DEMCOMBIO,2029,0.2929
REGION1,DEMCOMBIO,2030,0.2828
REGION1,DEMCOMBIO,2031,0.2727
REGION1,DEMCOMBIO,2032,0.2525
REGION1,DEMCOMBIO,2033,0.2424
REGION1,DEMCOMBIO,2034,0.2222
REGION1,DEMCOMBIO,2035,0.2333
REGION1,DEMCOMBIO,2036,0.2222
REGION1,DEMCOMBIO,2037,0.2
REGION1,DEMCOMBIO,2038,0.1889
REGION1,DEMCOMBIO,2039,0.1667
REGION1,DEMCOMBIO,2040,0.1556
REGION1,DEMCOMBIO,2041,0.1444
REGION1,DEMCOMBIO,2042,0.1222
REGION1,DEMCOMBIO,2043,0.1111
REGION1,DEMCOMBIO,2044,0.0889
REGION1,DEMCOMBIO,2045,0.0778
REGION1,DEMCOMBIO,2046,0.0667
REGION1,DEMCOMBIO,2047,0.0444
REGION1,DEMCOMBIO,2048,0.0333
REGION1,DEMCOMBIO,2049,0.0111
REGION1,DEMCOMELCB02,2020,82.3333
REGION1,DEMCOMELCB02,2021,84.1967
REGION1,DEMCOMELCB02,2022,85.7422
REGION1,DEMCOMELCB02,2023,87.0133
REGION1,DEMCOMELCB02,2024,88.0533
REGION1,DEMCOMELCB02,2025,89.1078
REGION1,DEMCOMELCB02,2026,91.8089
REGION1,DEMCOMELCB02,2027,94.51
REGION1,DEMCOMELCB02,2028,97.2256
REGION1,DEMCOMELCB02,2029,99.9267
REGION1,DEMCOMELCB02,2030,102.6278
REGION1,DEMCOMELCB02,2031,105.3289
REGION1,DEMCOMELCB02,2032,108.03
REGION1,DEMCOMELCB02,2033,110.7311
REGION1,DEMCOMELCB02,2034,113.4467
REGION1,DEMCOMELCB02,2035,116.1478
REGION1,DEMCOMELCB02,2036,118.8489
REGION1,DEMCOMELCB02,2037,121.55
REGION1,DEMCOMELCB02,2038,124.2511
REGION1,DEMCOMELCB02,2039,126.9522
REGION1,DEMCOMELCB02,2040,129.6678
REGION1,DEMCOMELCB02,2041,132.3689
REGION1,DEMCOMELCB02,2042,135.07
REGION1,DEMCOMELCB02,2043,137.7711
REGION1,DEMCOMELCB02,2044,140.4722
REGION1,DEMCOMELCB02,2045,143.1733
REGION1,DEMCOMELCB02,2046,145.8889
REGION1,DEMCOMELCB02,2047,148.59
REGION1,DEMCOMELCB02,2048,151.2911
REGION1,DEMCOMELCB02,2049,153.9922
REGION1,DEMCOMELCB02,2050,156.6933
REGION1,DEMCOMKER,2020,10.6768
REGION1,DEMCOMKER,2021,10.9091
REGION1,DEMCOMKER,2022,11.1111
REGION1,DEMCOMKER,2023,11.2828
REGION1,DEMCOMKER,2024,11.4444
REGION1,DEMCOMKER,2025,11.596
REGION1,DEMCOMKER,2026,11.1313
REGION1,DEMCOMKER,2027,10.6667
REGION1,DEMCOMKER,2028,10.202
REGION1,DEMCOMKER,2029,9.7374
REGION1,DEMCOMKER,2030,9.2727
REGION1,DEMCOMKER,2031,8.8182
REGION1,DEMCOMKER,2032,8.3535
REGION1,DEMCOMKER,2033,7.8889
REGION1,DEMCOMKER,2034,7.4242
REGION1,DEMCOMKER,2035,6.9596
REGION1,DEMCOMKER,2036,6.4949
REGION1,DEMCOMKER,2037,6.0303
REGION1,DEMCOMKER,2038,5.5657
REGION1,DEMCOMKER,2039,5.101
REGION1,DEMCOMKER,2040,4.6364
REGION1,DEMCOMKER,2041,4.1717
REGION1,DEMCOMKER,2042,3.7071
REGION1,DEMCOMKER,2043,3.2525
REGION1,DEMCOMKER,2044,2.7879
REGION1,DEMCOMKER,2045,2.3232
REGION1,DEMCOMKER,2046,1.8586
REGION1,DEMCOMKER,2047,1.3939
REGION1,DEMCOMKER,2048,0.9293
REGION1,DEMCOMKER,2049,0.4646
REGION1,DEMCOMNGS,2020,84.899
REGION1,DEMCOMNGS,2021,84.9495
REGION1,DEMCOMNGS,2022,84.8889
REGION1,DEMCOMNGS,2023,84.9596
REGION1,DEMCOMNGS,2024,85.4848
REGION1,DEMCOMNGS,2025,86.5253
REGION1,DEMCOMNGS,2026,83.0606
REGION1,DEMCOMNGS,2027,79.6061
REGION1,DEMCOMNGS,2028,76.1414
REGION1,DEMCOMNGS,2029,72.6768
REGION1,DEMCOMNGS,2030,69.2222
REGION1,DEMCOMNGS,2031,65.7576
REGION1,DEMCOMNGS,2032,62.303
REGION1,DEMCOMNGS,2033,58.8384
REGION1,DEMCOMNGS,2034,55.3737
REGION1,DEMCOMNGS,2035,51.9192
REGION1,DEMCOMNGS,2036,48.4545
REGION1,DEMCOMNGS,2037,44.9899
REGION1,DEMCOMNGS,2038,41.5354
REGION1,DEMCOMNGS,2039,38.0707
REGION1,DEMCOMNGS,2040,34.6061
REGION1,DEMCOMNGS,2041,31.1515
REGION1,DEMCOMNGS,2042,27.6869
REGION1,DEMCOMNGS,2043,25.7627
REGION1,DEMCOMNGS,2044,22.8444
REGION1,DEMCOMNGS,2045,19.0333
REGION1,DEMCOMNGS,2046,15.2333
REGION1,DEMCOMNGS,2047,10.3838
REGION1,DEMCOMNGS,2048,6.9192
REGION1,DEMCOMNGS,2049,3.4646
REGION1,DEMINDBIO,2020,161.6566
REGION1,DEMINDBIO,2021,162.3131
REGION1,DEMINDBIO,2022,162.7475
REGION1,DEMINDBIO,2023,163.4646
REGION1,DEMINDBIO,2024,164.2828
REGION1,DEMINDBIO,2025,163.7778
REGION1,DEMINDBIO,2026,163.5556
REGION1,DEMINDBIO,2027,163.4546
REGION1,DEMINDBIO,2028,163.3131
REGION1,DEMINDBIO,2029,162.7071
REGION1,DEMINDBIO,2030,161.9293
REGION1,DEMINDBIO,2031,153.8283
REGION1,DEMINDBIO,2032,145.7374
REGION1,DEMINDBIO,2033,137.6364
REGION1,DEMINDBIO,2034,129.5454
REGION1,DEMINDBIO,2035,121.4444
REGION1,DEMINDBIO,2036,116.0773
REGION1,DEMINDBIO,2037,106.0824
REGION1,DEMINDBIO,2038,98.1389
REGION1,DEMINDBIO,2039,91.1561
REGION1,DEMINDBIO,2040,83.6995
REGION1,DEMINDBIO,2041,74.2874
REGION1,DEMINDBIO,2042,67.0399
REGION1,DEMINDBIO,2043,59.0076
REGION1,DEMINDBIO,2044,51.3116
REGION1,DEMINDBIO,2045,43.2217
REGION1,DEMINDBIO,2046,35.1217
REGION1,DEMINDBIO,2047,26.5955
REGION1,DEMINDBIO,2048,17.8111
REGION1,DEMINDBIO,2049,8.9111
REGION1,DEMINDDSL,2020,109.5556
REGION1,DEMINDDSL,2021,109.2222
REGION1,DEMINDDSL,2022,108.4646
REGION1,DEMINDDSL,2023,108.0303
REGION1,DEMINDDSL,2024,108.4141
REGION1,DEMINDDSL,2025,109.2424
REGION1,DEMINDDSL,2026,110.5556
REGION1,DEMINDDSL,2027,111.7475
REGION1,DEMINDDSL,2028,112.3939
REGION1,DEMINDDSL,2029,112.4141
REGION1,DEMINDDSL,2030,112.505
REGION1,DEMINDDSL,2031,106.8788
REGION1,DEMINDDSL,2032,101.2525
REGION1,DEMINDDSL,2033,95.6263
REGION1,DEMINDDSL,2034,90.0
REGION1,DEMINDDSL,2035,84.3838
REGION1,DEMINDDSL,2036,78.7576
REGION1,DEMINDDSL,2037,73.1313
REGION1,DEMINDDSL,2038,67.5051
REGION1,DEMINDDSL,2039,61.8788
REGION1,DEMINDDSL,2040,56.2525
REGION1,DEMINDDSL,2041,50.6263
REGION1,DEMINDDSL,2042,45.0
REGION1,DEMINDDSL,2043,39.3737
REGION1,DEMINDDSL,2044,33.7475
REGION1,DEMINDDSL,2045,28.1313
REGION1,DEMINDDSL,2046,22.5051
REGION1,DEMINDDSL,2047,16.8788
REGION1,DEMINDDSL,2048,11.2525
REGION1,DEMINDDSL,2049,5.6263
REGION1,DEMINDELCB02,2020,146.0911
REGION1,DEMINDELCB02,2021,146.4667
REGION1,DEMINDELCB02,2022,147.0011
REGION1,DEMINDELCB02,2023,147.8389
REGION1,DEMINDELCB02,2024,165.9378
REGION1,DEMINDELCB02,2025,168.9856
REGION1,DEMINDELCB02,2026,208.0433
REGION1,DEMINDELCB02,2027,247.1156
REGION1,DEMINDELCB02,2028,286.1733
REGION1,DEMINDELCB02,2029,325.2311
REGION1,DEMINDELCB02,2030,364.2889
REGION1,DEMINDELCB02,2031,403.3611
REGION1,DEMINDELCB02,2032,442.4189
REGION1,DEMINDELCB02,2033,481.4767
REGION1,DEMINDELCB02,2034,520.5344
REGION1,DEMINDELCB02,2035,559.6067
REGION1,DEMINDELCB02,2036,598.6644
REGION1,DEMINDELCB02,2037,637.7222
REGION1,DEMINDELCB02,2038,676.78
REGION1,DEMINDELCB02,2039,715.8522
REGION1,DEMINDELCB02,2040,754.91
REGION1,DEMINDELCB02,2041,793.9678
REGION1,DEMINDELCB02,2042,833.0256
REGION1,DEMINDELCB02,2043,872.0978
REGION1,DEMINDELCB02,2044,911.1556
REGION1,DEMINDELCB02,2045,950.2133
REGION1,DEMINDELCB02,2046,989.2711
REGION1,DEMINDELCB02,2047,1028.3433
REGION1,DEMINDELCB02,2048,1067.4011
REGION1,DEMINDELCB02,2049,1106.4589
REGION1,DEMINDELCB02,2050,1145.5167
REGION1,DEMINDNGS,2020,227.1313
REGION1,DEMINDNGS,2021,221.5354
REGION1,DEMINDNGS,2022,216.0808
REGION1,DEMINDNGS,2023,213.7677
REGION1,DEMINDNGS,2024,223.5758
REGION1,DEMINDNGS,2025,245.2828
REGION1,DEMINDNGS,2026,277.9091
REGION1,DEMINDNGS,2027,286.0303
REGION1,DEMINDNGS,2028,287.4848
REGION1,DEMINDNGS,2029,289.4546
REGION1,DEMINDNGS,2030,307.7778
REGION1,DEMINDNGS,2031,292.3939
REGION1,DEMINDNGS,2032,277.0
REGION1,DEMINDNGS,2033,261.6162
REGION1,DEMINDNGS,2034,246.2222
REGION1,DEMINDNGS,2035,230.8384
REGION1,DEMINDNGS,2036,215.4444
REGION1,DEMINDNGS,2037,200.0606
REGION1,DEMINDNGS,2038,184.6667
REGION1,DEMINDNGS,2039,169.2828
REGION1,DEMINDNGS,2040,153.8889
REGION1,DEMINDNGS,2041,138.505
REGION1,DEMINDNGS,2042,123.1111
REGION1,DEMINDNGS,2043,107.7273
REGION1,DEMINDNGS,2044,94.1362
REGION1,DEMINDNGS,2045,79.6193
REGION1,DEMINDNGS,2046,61.8686
REGION1,DEMINDNGS,2047,46.1717
REGION1,DEMINDNGS,2048,30.7778
REGION1,DEMINDNGS,2049,15.3939
REGION1,DEMPUBSURBC1,2020,0.8586
REGION1,DEMPUBSURBC1,2021,0.8687
REGION1,DEMPUBSURBC1,2022,0.8687
REGION1,DEMPUBSURBC1,2023,0.8788
REGION1,DEMPUBSURBC1,2024,0.8889
REGION1,DEMPUBSURBC1,2025,0.899
REGION1,DEMPUBSURBC1,2026,0.9091
REGION1,DEMPUBSURBC1,2027,0.9192
REGION1,DEMPUBSURBC1,2028,0.9293
REGION1,DEMPUBSURBC1,2029,0.9394
REGION1,DEMPUBSURBC1,2030,0.9495
REGION1,DEMPUBSURBC1,2031,0.9596
REGION1,DEMPUBSURBC1,2032,0.9697
REGION1,DEMPUBSURBC1,2033,0.9899
REGION1,DEMPUBSURBC1,2034,1.0
REGION1,DEMPUBSURBC1,2035,1.0101
REGION1,DEMPUBSURBC1,2036,1.0202
REGION1,DEMPUBSURBC1,2037,1.0303
REGION1,DEMPUBSURBC1,2038,1.0404
REGION1,DEMPUBSURBC1,2039,1.0505
REGION1,DEMPUBSURBC1,2040,1.0606
REGION1,DEMPUBSURBC1,2041,1.0707
REGION1,DEMPUBSURBC1,2042,1.0909
REGION1,DEMPUBSURBC1,2043,1.101
REGION1,DEMPUBSURBC1,2044,1.1111
REGION1,DEMPUBSURBC1,2045,1.1212
REGION1,DEMPUBSURBC1,2046,1.1313
REGION1,DEMPUBSURBC1,2047,1.1515
REGION1,DEMPUBSURBC1,2048,1.1616
REGION1,DEMPUBSURBC1,2049,1.1717
REGION1,DEMPUBSURBC1,2050,1.1818
REGION1,DEMPWRBIO,2020,37.2722
REGION1,DEMPWRBIO,2021,37.2722
REGION1,DEMPWRBIO,2022,37.2722
REGION1,DEMPWRBIO,2023,37.2722
REGION1,DEMPWRBIO,2024,37.2722
REGION1,DEMPWRBIO,2025,37.2722
REGION1,DEMPWRBIO,2026,37.2722
REGION1,DEMPWRBIO,2027,37.2722
REGION1,DEMPWRBIO,2028,37.2722
REGION1,DEMPWRBIO,2029,37.2722
REGION1,DEMPWRBIO,2030,37.2722
REGION1,DEMPWRBIO,2031,37.2722
REGION1,DEMPWRBIO,2032,37.2722
REGION1,DEMPWRBIO,2033,37.2722
REGION1,DEMPWRBIO,2034,37.2722
REGION1,DEMPWRBIO,2035,56.4509
REGION1,DEMPWRBIO,2036,64.7119
REGION1,DEMPWRBIO,2037,64.7119
REGION1,DEMPWRBIO,2038,64.7119
REGION1,DEMPWRBIO,2039,64.7119
REGION1,DEMPWRBIO,2040,64.7119
REGION1,DEMPWRBIO,2041,64.7119
REGION1,DEMPWRBIO,2042,64.7119
REGION1,DEMPWRBIO,2043,64.7119
REGION1,DEMPWRBIO,2044,64.7119
REGION1,DEMPWRBIO,2045,64.7119
REGION1,DEMPWRBIO,2046,64.7119
REGION1,DEMPWRBIO,2047,64.7119
REGION1,DEMPWRBIO,2048,64.7119
REGION1,DEMPWRBIO,2049,64.7119
REGION1,DEMPWRBIO,2050,112.4757
REGION1,DEMPWRGEO,2026,277.3615
REGION1,DEMPWRGEO,2027,549.0008
REGION1,DEMPWRGEO,2028,549.0008
REGION1,DEMPWRGEO,2029,549.0008
REGION1,DEMPWRGEO,2030,549.0008
REGION1,DEMPWRGEO,2031,549.0008
REGION1,DEMPWRGEO,2032,549.0008
REGION1,DEMPWRGEO,2033,549.0008
REGION1,DEMPWRGEO,2034,549.0008
REGION1,DEMPWRGEO,2035,549.0008
REGION1,DEMPWRGEO,2036,623.7331
REGION1,DEMPWRGEO,2037,631.0354
REGION1,DEMPWRGEO,2038,631.0354
REGION1,DEMPWRGEO,2039,631.0354
REGION1,DEMPWRGEO,2040,631.0354
REGION1,DEMPWRGEO,2041,631.0354
REGION1,DEMPWRGEO,2042,631.0354
REGION1,DEMPWRGEO,2043,631.0354
REGION1,DEMPWRGEO,2044,631.0354
REGION1,DEMPWRGEO,2045,631.0354
REGION1,DEMPWRGEO,2046,631.0354
REGION1,DEMPWRGEO,2047,631.0354
REGION1,DEMPWRGEO,2048,631.0354
REGION1,DEMPWRGEO,2049,631.0354
REGION1,DEMPWRGEO,2050,631.0354
REGION1,DEMPWRHYD,2020,340.2499
REGION1,DEMPWRHYD,2021,342.9656
REGION1,DEMPWRHYD,2022,345.7052
REGION1,DEMPWRHYD,2023,349.1003
REGION1,DEMPWRHYD,2024,360.918
REGION1,DEMPWRHYD,2025,381.4267
REGION1,DEMPWRHYD,2026,405.1665
REGION1,DEMPWRHYD,2027,428.459
REGION1,DEMPWRHYD,2028,452.3686
REGION1,DEMPWRHYD,2029,468.4683
REGION1,DEMPWRHYD,2030,494.2608
REGION1,DEMPWRHYD,2031,520.3936
REGION1,DEMPWRHYD,2032,546.5196
REGION1,DEMPWRHYD,2033,572.6321
REGION1,DEMPWRHYD,2034,598.7581
REGION1,DEMPWRHYD,2035,613.1828
REGION1,DEMPWRHYD,2036,616.3364
REGION1,DEMPWRHYD,2037,616.3364
REGION1,DEMPWRHYD,2038,616.3364
REGION1,DEMPWRHYD,2039,616.3364
REGION1,DEMPWRHYD,2040,616.3364
REGION1,DEMPWRHYD,2041,616.3364
REGION1,DEMPWRHYD,2042,616.3364
REGION1,DEMPWRHYD,2043,616.3364
REGION1,DEMPWRHYD,2044,616.3364
REGION1,DEMPWRHYD,2045,616.3364
REGION1,DEMPWRHYD,2046,666.5
REGION1,DEMPWRHYD,2047,716.6245
REGION1,DEMPWRHYD,2048,804.4199
REGION1,DEMPWRHYD,2049,892.238
REGION1,DEMPWRHYD,2050,1046.0144
REGION1,DEMPWRNGS,2024,21.5716
REGION1,DEMPWRNGS,2027,7.0452
REGION1,DEMPWRNGS,2037,41.8133
REGION1,DEMPWRNGS,2038,86.6435
REGION1,DEMPWRNGS,2039,133.846
REGION1,DEMPWRNGS,2040,179.8358
REGION1,DEMPWRNGS,2041,225.8265
REGION1,DEMPWRNGS,2042,271.8044
REGION1,DEMPWRNGS,2043,316.0151
REGION1,DEMPWRNGS,2044,361.9931
REGION1,DEMPWRNGS,2045,407.784
REGION1,DEMPWRNGS,2046,385.3578
REGION1,DEMPWRNGS,2047,362.9491
REGION1,DEMPWRNGS,2048,286.5798
REGION1,DEMPWRNGS,2049,210.1908
REGION1,DEMPWRSOL,2020,0.0403
REGION1,DEMPWRSOL,2021,0.0403
REGION1,DEMPWRSOL,2022,0.0403
REGION1,DEMPWRSOL,2023,0.0403
REGION1,DEMPWRSOL,2024,0.0403
REGION1,DEMPWRSOL,2025,0.0403
REGION1,DEMPWRSOL,2026,0.0403
REGION1,DEMPWRSOL,2027,0.0403
REGION1,DEMPWRSOL,2028,0.0403
REGION1,DEMPWRSOL,2029,0.0403
REGION1,DEMPWRSOL,2030,0.0403
REGION1,DEMPWRSOL,2031,0.0403
REGION1,DEMPWRSOL,2032,0.0403
REGION1,DEMPWRSOL,2033,0.0403
REGION1,DEMPWRSOL,2034,0.0403
REGION1,DEMPWRSOL,2035,0.0403
REGION1,DEMPWRSOL,2036,0.0403
REGION1,DEMPWRSOL,2037,0.0403
REGION1,DEMPWRSOL,2038,0.0403
REGION1,DEMPWRSOL,2039,0.0403
REGION1,DEMPWRSOL,2040,0.0403
REGION1,DEMPWRSOL,2048,128.8755
REGION1,DEMPWRSOL,2049,257.7844
REGION1,DEMPWRSOL,2050,257.7844
REGION1,DEMPWRSURBC1,2020,0.3806
REGION1,DEMPWRSURBC1,2021,0.3806
REGION1,DEMPWRSURBC1,2022,0.3806
REGION1,DEMPWRSURBC1,2023,0.3806
REGION1,DEMPWRSURBC1,2024,0.5619
REGION1,DEMPWRSURBC1,2025,0.3806
REGION1,DEMPWRSURBC1,2026,0.4679
REGION1,DEMPWRSURBC1,2027,0.6126
REGION1,DEMPWRSURBC1,2028,2.2897
REGION1,DEMPWRSURBC1,2029,4.1808
REGION1,DEMPWRSURBC1,2030,5.9413
REGION1,DEMPWRSURBC1,2031,7.7026
REGION1,DEMPWRSURBC1,2032,9.4635
REGION1,DEMPWRSURBC1,2033,11.2235
REGION1,DEMPWRSURBC1,2034,12.9844
REGION1,DEMPWRSURBC1,2035,14.97
REGION1,DEMPWRSURBC1,2036,16.8384
REGION1,DEMPWRSURBC1,2037,18.9492
REGION1,DEMPWRSURBC1,2038,21.095
REGION1,DEMPWRSURBC1,2039,23.2344
REGION1,DEMPWRSURBC1,2040,25.319
REGION1,DEMPWRSURBC1,2041,27.4038
REGION1,DEMPWRSURBC1,2042,29.4879
REGION1,DEMPWRSURBC1,2043,31.6602
REGION1,DEMPWRSURBC1,2044,33.7443
REGION1,DEMPWRSURBC1,2045,35.8381
REGION1,DEMPWRSURBC1,2046,36.7896
REGION1,DEMPWRSURBC1,2047,37.7404
REGION1,DEMPWRSURBC1,2048,37.0983
REGION1,DEMPWRSURBC1,2049,36.4561
REGION1,DEMPWRSURBC1,2050,35.1766
REGION1,DEMPWRURN,2028,137.7989
REGION1,DEMPWRURN,2029,287.8883
REGION1,DEMPWRURN,2030,427.6058
REGION1,DEMPWRURN,2031,567.3957
REGION1,DEMPWRURN,2032,707.1493
REGION1,DEMPWRURN,2033,846.8307
REGION1,DEMPWRURN,2034,986.5843
REGION1,DEMPWRURN,2035,1128.6354
REGION1,DEMPWRURN,2036,1268.3529
REGION1,DEMPWRURN,2037,1407.7971
REGION1,DEMPWRURN,2038,1548.1886
REGION1,DEMPWRURN,2039,1686.4816
REGION1,DEMPWRURN,2040,1821.2401
REGION1,DEMPWRURN,2041,1956.0166
REGION1,DEMPWRURN,2042,2090.7403
REGION1,DEMPWRURN,2043,2233.6478
REGION1,DEMPWRURN,2044,2368.3715
REGION1,DEMPWRURN,2045,2503.9899
REGION1,DEMPWRURN,2046,2594.47
REGION1,DEMPWRURN,2047,2684.8799
REGION1,DEMPWRURN,2048,2684.8799
REGION1,DEMPWRURN,2049,2684.8799
REGION1,DEMPWRURN,2050,2684.8799
REGION1,DEMPWRWND,2020,208.0146
REGION1,DEMPWRWND,2021,226.512
REGION1,DEMPWRWND,2022,244.4425
REGION1,DEMPWRWND,2023,263.8673
REGION1,DEMPWRWND,2024,306.9122
REGION1,DEMPWRWND,2025,306.9122
REGION1,DEMPWRWND,2026,314.8577
REGION1,DEMPWRWND,2027,314.8577
REGION1,DEMPWRWND,2028,314.8577
REGION1,DEMPWRWND,2029,314.8577
REGION1,DEMPWRWND,2030,314.8577
REGION1,DEMPWRWND,2031,314.8577
REGION1,DEMPWRWND,2032,314.8577
REGION1,DEMPWRWND,2033,314.8577
REGION1,DEMPWRWND,2034,314.8577
REGION1,DEMPWRWND,2035,312.4214
REGION1,DEMPWRWND,2036,312.4214
REGION1,DEMPWRWND,2037,307.849
REGION1,DEMPWRWND,2038,301.88
REGION1,DEMPWRWND,2039,296.3142
REGION1,DEMPWRWND,2040,296.3142
REGION1,DEMPWRWND,2041,296.3142
REGION1,DEMPWRWND,2042,296.3142
REGION1,DEMPWRWND,2043,287.1023
REGION1,DEMPWRWND,2044,287.1023
REGION1,DEMPWRWND,2045,286.1446
REGION1,DEMPWRWND,2046,286.1446
REGION1,DEMPWRWND,2047,286.1446
REGION1,DEMPWRWND,2048,286.1446
REGION1,DEMPWRWND,2049,286.1446
REGION1,DEMPWRWND,2050,286.1446
REGION1,DEMRESBIO,2020,13.1111
REGION1,DEMRESBIO,2021,13.3636
REGION1,DEMRESBIO,2022,13.5859
REGION1,DEMRESBIO,2023,13.8586
REGION1,DEMRESBIO,2024,14.1414
REGION1,DEMRESBIO,2025,14.404
REGION1,DEMRESBIO,2026,13.8283
REGION1,DEMRESBIO,2027,13.2525
REGION1,DEMRESBIO,2028,12.6768
REGION1,DEMRESBIO,2029,12.101
REGION1,DEMRESBIO,2030,11.5253
REGION1,DEMRESBIO,2031,10.9495
REGION1,DEMRESBIO,2032,10.3737
REGION1,DEMRESBIO,2033,9.798
REGION1,DEMRESBIO,2034,9.2222
REGION1,DEMRESBIO,2035,9.2209
REGION1,DEMRESBIO,2036,8.0707
REGION1,DEMRESBIO,2037,8.2444
REGION1,DEMRESBIO,2038,7.6111
REGION1,DEMRESBIO,2039,6.9667
REGION1,DEMRESBIO,2040,5.7576
REGION1,DEMRESBIO,2041,5.7
REGION1,DEMRESBIO,2042,5.0667
REGION1,DEMRESBIO,2043,4.4333
REGION1,DEMRESBIO,2044,3.4545
REGION1,DEMRESBIO,2045,2.8788
REGION1,DEMRESBIO,2046,2.303
REGION1,DEMRESBIO,2047,1.9
REGION1,DEMRESBIO,2048,1.2667
REGION1,DEMRESBIO,2049,0.6333
REGION1,DEMRESELCB02,2020,107.5678
REGION1,DEMRESELCB02,2021,109.9656
REGION1,DEMRESELCB02,2022,112.2478
REGION1,DEMRESELCB02,2023,114.7756
REGION1,DEMRESELCB02,2024,117.1011
REGION1,DEMRESELCB02,2025,119.4267
REGION1,DEMRESELCB02,2026,122.2289
REGION1,DEMRESELCB02,2027,125.0456
REGION1,DEMRESELCB02,2028,127.8478
REGION1,DEMRESELCB02,2029,130.65
REGION1,DEMRESELCB02,2030,133.4522
REGION1,DEMRESELCB02,2031,136.2689
REGION1,DEMRESELCB02,2032,139.0711
REGION1,DEMRESELCB02,2033,141.8733
REGION1,DEMRESELCB02,2034,144.6756
REGION1,DEMRESELCB02,2035,147.4922
REGION1,DEMRESELCB02,2036,150.2944
REGION1,DEMRESELCB02,2037,153.0967
REGION1,DEMRESELCB02,2038,155.9133
REGION1,DEMRESELCB02,2039,158.7156
REGION1,DEMRESELCB02,2040,161.5178
REGION1,DEMRESELCB02,2041,164.32
REGION1,DEMRESELCB02,2042,167.1367
REGION1,DEMRESELCB02,2043,169.9389
REGION1,DEMRESELCB02,2044,172.7411
REGION1,DEMRESELCB02,2045,175.5433
REGION1,DEMRESELCB02,2046,178.36
REGION1,DEMRESELCB02,2047,181.1622
REGION1,DEMRESELCB02,2048,183.9644
REGION1,DEMRESELCB02,2049,186.7811
REGION1,DEMRESELCB02,2050,189.5833
REGION1,DEMRESKER,2020,0.8485
REGION1,DEMRESKER,2021,0.8586
REGION1,DEMRESKER,2022,0.8687
REGION1,DEMRESKER,2023,0.8788
REGION1,DEMRESKER,2024,0.8788
REGION1,DEMRESKER,2025,0.8788
REGION1,DEMRESKER,2026,0.8889
REGION1,DEMRESKER,2027,0.8889
REGION1,DEMRESKER,2028,0.8889
REGION1,DEMRESKER,2029,0.8889
REGION1,DEMRESKER,2030,0.8889
REGION1,DEMRESKER,2031,0.8889
REGION1,DEMRESKER,2032,0.8889
REGION1,DEMRESKER,2033,0.8889
REGION1,DEMRESKER,2034,0.8889
REGION1,DEMRESKER,2035,0.8889
REGION1,DEMRESKER,2036,0.8889
REGION1,DEMRESKER,2037,0.8788
REGION1,DEMRESKER,2038,0.8788
REGION1,DEMRESKER,2039,0.8788
REGION1,DEMRESKER,2040,0.8687
REGION1,DEMRESNGS,2020,82.7879
REGION1,DEMRESNGS,2021,84.1313
REGION1,DEMRESNGS,2022,85.404
REGION1,DEMRESNGS,2023,86.9394
REGION1,DEMRESNGS,2024,88.5354
REGION1,DEMRESNGS,2025,89.9697
REGION1,DEMRESNGS,2026,86.3737
REGION1,DEMRESNGS,2027,82.7677
REGION1,DEMRESNGS,2028,79.1717
REGION1,DEMRESNGS,2029,75.5758
REGION1,DEMRESNGS,2030,71.9798
REGION1,DEMRESNGS,2031,68.3737
REGION1,DEMRESNGS,2032,64.7778
REGION1,DEMRESNGS,2033,61.1818
REGION1,DEMRESNGS,2034,57.5758
REGION1,DEMRESNGS,2035,53.9798
REGION1,DEMRESNGS,2036,50.3838
REGION1,DEMRESNGS,2037,46.7879
REGION1,DEMRESNGS,2038,43.1818
REGION1,DEMRESNGS,2039,39.5859
REGION1,DEMRESNGS,2040,35.9899
REGION1,DEMRESNGS,2041,32.3939
REGION1,DEMRESNGS,2042,28.7879
REGION1,DEMRESNGS,2043,25.1919
REGION1,DEMRESNGS,2044,21.596
REGION1,DEMRESNGS,2045,19.7889
REGION1,DEMRESNGS,2046,14.3939
REGION1,DEMRESNGS,2047,10.798
REGION1,DEMRESNGS,2048,7.202
REGION1,DEMRESNGS,2049,3.596
REGION1,DEMTRABIO,2020,23.5657
REGION1,DEMTRABIO,2021,23.2323
REGION1,DEMTRABIO,2022,22.899
REGION1,DEMTRABIO,2023,22.5556
REGION1,DEMTRABIO,2024,22.2626
REGION1,DEMTRABIO,2025,22.0404
REGION1,DEMTRABIO,2026,21.1616
REGION1,DEMTRABIO,2027,20.2727
REGION1,DEMTRABIO,2028,19.3939
REGION1,DEMTRABIO,2029,18.5152
REGION1,DEMTRABIO,2030,17.6364
REGION1,DEMTRABIO,2031,16.7475
REGION1,DEMTRABIO,2032,15.8687
REGION1,DEMTRABIO,2033,14.9899
REGION1,DEMTRABIO,2034,14.101
REGION1,DEMTRABIO,2035,14.5444
REGION1,DEMTRABIO,2036,12.3434
REGION1,DEMTRABIO,2037,12.6111
REGION1,DEMTRABIO,2038,11.6333
REGION1,DEMTRABIO,2039,9.697
REGION1,DEMTRABIO,2040,8.8182
REGION1,DEMTRABIO,2041,8.7333
REGION1,DEMTRABIO,2042,7.0505
REGION1,DEMTRABIO,2043,6.1717
REGION1,DEMTRABIO,2044,5.2929
REGION1,DEMTRABIO,2045,4.404
REGION1,DEMTRABIO,2046,3.5253
REGION1,DEMTRABIO,2047,2.9111
REGION1,DEMTRABIO,2048,1.9444
REGION1,DEMTRABIO,2049,0.9667
REGION1,DEMTRADSL,2020,99.8081
REGION1,DEMTRADSL,2021,98.5657
REGION1,DEMTRADSL,2022,97.0303
REGION1,DEMTRADSL,2023,95.7475
REGION1,DEMTRADSL,2024,94.798
REGION1,DEMTRADSL,2025,94.3535
REGION1,DEMTRADSL,2026,90.5758
REGION1,DEMTRADSL,2027,86.8081
REGION1,DEMTRADSL,2028,83.0303
REGION1,DEMTRADSL,2029,79.2525
REGION1,DEMTRADSL,2030,75.4848
REGION1,DEMTRADSL,2031,71.7071
REGION1,DEMTRADSL,2032,67.9394
REGION1,DEMTRADSL,2033,64.1616
REGION1,DEMTRADSL,2034,60.3838
REGION1,DEMTRADSL,2035,56.6162
REGION1,DEMTRADSL,2036,52.8384
REGION1,DEMTRADSL,2037,49.0606
REGION1,DEMTRADSL,2038,45.2929
REGION1,DEMTRADSL,2039,41.5152
REGION1,DEMTRADSL,2040,37.7374
REGION1,DEMTRADSL,2041,33.9697
REGION1,DEMTRADSL,2042,30.1919
REGION1,DEMTRADSL,2043,26.4141
REGION1,DEMTRADSL,2044,22.6465
REGION1,DEMTRADSL,2045,18.8687
REGION1,DEMTRADSL,2046,15.101
REGION1,DEMTRADSL,2047,11.3232
REGION1,DEMTRADSL,2048,7.5455
REGION1,DEMTRADSL,2049,3.7778
REGION1,DEMTRAELCB02,2020,1.7911
REGION1,DEMTRAELCB02,2021,2.34
REGION1,DEMTRAELCB02,2022,3.0044
REGION1,DEMTRAELCB02,2023,3.8133
REGION1,DEMTRAELCB02,2024,4.7089
REGION1,DEMTRAELCB02,2025,5.8644
REGION1,DEMTRAELCB02,2026,15.1089
REGION1,DEMTRAELCB02,2027,24.3533
REGION1,DEMTRAELCB02,2028,33.6122
REGION1,DEMTRAELCB02,2029,42.8567
REGION1,DEMTRAELCB02,2030,52.1011
REGION1,DEMTRAELCB02,2031,61.3456
REGION1,DEMTRAELCB02,2032,70.6044
REGION1,DEMTRAELCB02,2033,79.8489
REGION1,DEMTRAELCB02,2034,89.0933
REGION1,DEMTRAELCB02,2035,98.3378
REGION1,DEMTRAELCB02,2036,107.5822
REGION1,DEMTRAELCB02,2037,116.8411
REGION1,DEMTRAELCB02,2038,126.0856
REGION1,DEMTRAELCB02,2039,135.33
REGION1,DEMTRAELCB02,2040,144.5744
REGION1,DEMTRAELCB02,2041,153.8333
REGION1,DEMTRAELCB02,2042,163.0778
REGION1,DEMTRAELCB02,2043,172.3222
REGION1,DEMTRAELCB02,2044,181.5667
REGION1,DEMTRAELCB02,2045,190.8111
REGION1,DEMTRAELCB02,2046,200.07
REGION1,DEMTRAELCB02,2047,209.3144
REGION1,DEMTRAELCB02,2048,218.5589
REGION1,DEMTRAELCB02,2049,227.8033
REGION1,DEMTRAELCB02,2050,237.0478
REGION1,DEMTRAGSL,2020,155.1313
REGION1,DEMTRAGSL,2021,152.4141
REGION1,DEMTRAGSL,2022,149.697
REGION1,DEMTRAGSL,2023,146.8283
REGION1,DEMTRAGSL,2024,144.1717
REGION1,DEMTRAGSL,2025,141.6768
REGION1,DEMTRAGSL,2026,136.0101
REGION1,DEMTRAGSL,2027,130.3434
REGION1,DEMTRAGSL,2028,124.6768
REGION1,DEMTRAGSL,2029,119.0101
REGION1,DEMTRAGSL,2030,113.3434
REGION1,DEMTRAGSL,2031,107.6768
REGION1,DEMTRAGSL,2032,102.0101
REGION1,DEMTRAGSL,2033,96.3434
REGION1,DEMTRAGSL,2034,90.6768
REGION1,DEMTRAGSL,2035,85.0101
REGION1,DEMTRAGSL,2036,79.3434
REGION1,DEMTRAGSL,2037,73.6768
REGION1,DEMTRAGSL,2038,68.0
REGION1,DEMTRAGSL,2039,62.3333
REGION1,DEMTRAGSL,2040,56.6667
REGION1,DEMTRAGSL,2041,51.0
REGION1,DEMTRAGSL,2042,45.3333
REGION1,DEMTRAGSL,2043,39.6667
REGION1,DEMTRAGSL,2044,34.0
REGION1,DEMTRAGSL,2045,28.3333
REGION1,DEMTRAGSL,2046,22.6667
REGION1,DEMTRAGSL,2047,17.0
REGION1,DEMTRAGSL,2048,11.3333
REGION1,DEMTRAGSL,2049,5.6667
REGION1,DEMTRAHFO,2020,10.798
REGION1,DEMTRAHFO,2021,10.5556
REGION1,DEMTRAHFO,2022,10.303
REGION1,DEMTRAHFO,2023,10.0606
REGION1,DEMTRAHFO,2024,9.8485
REGION1,DEMTRAHFO,2025,9.6869
REGION1,DEMTRAHFO,2026,9.5455
REGION1,DEMTRAHFO,2027,9.4242
REGION1,DEMTRAHFO,2028,9.2929
REGION1,DEMTRAHFO,2029,9.1515
REGION1,DEMTRAHFO,2030,9.0202
REGION1,DEMTRAHFO,2031,8.5657
REGION1,DEMTRAHFO,2032,8.1212
REGION1,DEMTRAHFO,2033,7.6667
REGION1,DEMTRAHFO,2034,7.2121
REGION1,DEMTRAHFO,2035,6.7677
REGION1,DEMTRAHFO,2036,6.3131
REGION1,DEMTRAHFO,2037,5.8586
REGION1,DEMTRAHFO,2038,5.4141
REGION1,DEMTRAHFO,2039,4.9596
REGION1,DEMTRAHFO,2040,4.5152
REGION1,DEMTRAHFO,2041,4.0606
REGION1,DEMTRAHFO,2042,3.6061
REGION1,DEMTRAHFO,2043,3.1616
REGION1,DEMTRAHFO,2044,2.7071
REGION1,DEMTRAHFO,2045,2.2525
REGION1,DEMTRAHFO,2046,1.8081
REGION1,DEMTRAHFO,2047,1.3535
REGION1,DEMTRAHFO,2048,0.899
REGION1,DEMTRAHFO,2049,0.4545
REGION1,DEMTRAJFL,2020,39.9394
REGION1,DEMTRAJFL,2021,39.2828
REGION1,DEMTRAJFL,2022,39.0
REGION1,DEMTRAJFL,2023,38.9192
REGION1,DEMTRAJFL,2024,39.1212
REGION1,DEMTRAJFL,2025,39.5657
REGION1,DEMTRAJFL,2026,40.0808
REGION1,DEMTRAJFL,2027,40.6162
REGION1,DEMTRAJFL,2028,41.0404
REGION1,DEMTRAJFL,2029,41.3737
REGION1,DEMTRAJFL,2030,41.7475
REGION1,DEMTRAJFL,2031,39.6566
REGION1,DEMTRAJFL,2032,37.5758
REGION1,DEMTRAJFL,2033,35.4848
REGION1,DEMTRAJFL,2034,33.3939
REGION1,DEMTRAJFL,2035,31.3131
REGION1,DEMTRAJFL,2036,29.2222
REGION1,DEMTRAJFL,2037,27.1313
REGION1,DEMTRAJFL,2038,25.0505
REGION1,DEMTRAJFL,2039,22.9596
REGION1,DEMTRAJFL,2040,20.8788
REGION1,DEMTRAJFL,2041,18.7879
REGION1,DEMTRAJFL,2042,16.697
REGION1,DEMTRAJFL,2043,14.6162
REGION1,DEMTRAJFL,2044,12.5253
REGION1,DEMTRAJFL,2045,10.4343
REGION1,DEMTRAJFL,2046,8.3535
REGION1,DEMTRAJFL,2047,6.2626
REGION1,DEMTRAJFL,2048,4.1717
REGION1,DEMTRAJFL,2049,2.0909
REGION1,DEMTRALPG,2020,2.6869
REGION1,DEMTRALPG,2021,2.7475
REGION1,DEMTRALPG,2022,2.8182
REGION1,DEMTRALPG,2023,2.8889
REGION1,DEMTRALPG,2024,2.9394
REGION1,DEMTRALPG,2025,2.9899
REGION1,DEMTRALPG,2026,3.0505
REGION1,DEMTRALPG,2027,3.101
REGION1,DEMTRALPG,2028,3.1616
REGION1,DEMTRALPG,2029,3.202
REGION1,DEMTRALPG,2030,3.2323
REGION1,DEMTRALPG,2031,3.2424
REGION1,DEMTRALPG,2032,3.2323
REGION1,DEMTRALPG,2033,3.1919
REGION1,DEMTRALPG,2034,3.1414
REGION1,DEMTRALPG,2035,3.0606
REGION1,DEMTRALPG,2036,2.9596
REGION1,DEMTRALPG,2037,2.8384
REGION1,DEMTRALPG,2038,2.7071
REGION1,DEMTRALPG,2039,2.5455
REGION1,DEMTRALPG,2040,2.3737
REGION1,DEMTRALPG,2041,2.6293
REGION1,DEMTRALPG,2042,2.5828
REGION1,DEMTRALPG,2043,2.5364
REGION1,DEMTRALPG,2044,2.4889
REGION1,DEMTRALPG,2045,2.4424
REGION1,DEMTRALPG,2046,2.396
REGION1,DEMTRALPG,2047,2.3495
REGION1,DEMTRALPG,2048,2.302
REGION1,DEMTRALPG,2049,2.2556
REGION1,DEMTRANGS,2020,1.8182
REGION1,DEMTRANGS,2021,2.0606
REGION1,DEMTRANGS,2022,2.6263
REGION1,DEMTRANGS,2023,2.8889
REGION1,DEMTRANGS,2024,3.202
REGION1,DEMTRANGS,2025,3.5859
REGION1,DEMTRANGS,2026,3.4444
REGION1,DEMTRANGS,2027,3.303
REGION1,DEMTRANGS,2028,3.1515
REGION1,DEMTRANGS,2029,3.0101
REGION1,DEMTRANGS,2030,2.8687
REGION1,DEMTRANGS,2031,2.7273
REGION1,DEMTRANGS,2032,2.5859
REGION1,DEMTRANGS,2033,2.4343
REGION1,DEMTRANGS,2034,2.2929
REGION1,DEMTRANGS,2035,2.1515
REGION1,DEMTRANGS,2036,2.0101
REGION1,DEMTRANGS,2037,1.8687
REGION1,DEMTRANGS,2038,1.7172
REGION1,DEMTRANGS,2039,1.5758
REGION1,DEMTRANGS,2040,1.4343
REGION1,DEMTRANGS,2041,1.2929
REGION1,DEMTRANGS,2042,1.1515
REGION1,DEMTRANGS,2043,1.0
REGION1,DEMTRANGS,2044,0.8586
REGION1,DEMTRANGS,2045,0.7172
REGION1,DEMTRANGS,2046,0.5758
REGION1,DEMTRANGS,2047,0.4343
REGION1,DEMTRANGS,2048,0.2828
REGION1,DEMTRANGS,2049,0.1414
REGION1,IMPDSL,2020,224.3939
REGION1,IMPDSL,2021,223.5636
REGION1,IMPDSL,2022,221.9263
REGION1,IMPDSL,2023,220.598
REGION1,IMPDSL,2024,220.9838
REGION1,IMPDSL,2025,221.9202
REGION1,IMPDSL,2026,218.7222
REGION1,IMPDSL,2027,215.4131
REGION1,IMPDSL,2028,211.5495
REGION1,IMPDSL,2029,207.0586
REGION1,IMPDSL,2030,202.6495
REGION1,IMPDSL,2031,192.5121
REGION1,IMPDSL,2032,182.3848
REGION1,IMPDSL,2033,172.2485
REGION1,IMPDSL,2034,162.1111
REGION1,IMPDSL,2035,151.995
REGION1,IMPDSL,2036,141.8576
REGION1,IMPDSL,2037,131.7212
REGION1,IMPDSL,2038,121.5939
REGION1,IMPDSL,2039,111.4566
REGION1,IMPDSL,2040,101.3202
REGION1,IMPDSL,2041,91.1929
REGION1,IMPDSL,2042,81.0566
REGION1,IMPDSL,2043,70.9192
REGION1,IMPDSL,2044,60.7919
REGION1,IMPDSL,2045,50.6657
REGION1,IMPDSL,2046,40.5384
REGION1,IMPDSL,2047,30.402
REGION1,IMPDSL,2048,20.2646
REGION1,IMPDSL,2049,10.1384
REGION1,IMPGSL,2020,155.1313
REGION1,IMPGSL,2021,152.4141
REGION1,IMPGSL,2022,149.697
REGION1,IMPGSL,2023,146.8283
REGION1,IMPGSL,2024,144.1717
REGION1,IMPGSL,2025,141.6768
REGION1,IMPGSL,2026,136.0101
REGION1,IMPGSL,2027,130.3434
REGION1,IMPGSL,2028,124.6768
REGION1,IMPGSL,2029,119.0101
REGION1,IMPGSL,2030,113.3434
REGION1,IMPGSL,2031,107.6768
REGION1,IMPGSL,2032,102.0101
REGION1,IMPGSL,2033,96.3434
REGION1,IMPGSL,2034,90.6768
REGION1,IMPGSL,2035,85.0101
REGION1,IMPGSL,2036,79.3434
REGION1,IMPGSL,2037,73.6768
REGION1,IMPGSL,2038,68.0
REGION1,IMPGSL,2039,62.3333
REGION1,IMPGSL,2040,56.6667
REGION1,IMPGSL,2041,51.0
REGION1,IMPGSL,2042,45.3333
REGION1,IMPGSL,2043,39.6667
REGION1,IMPGSL,2044,34.0
REGION1,IMPGSL,2045,28.3333
REGION1,IMPGSL,2046,22.6667
REGION1,IMPGSL,2047,17.0
REGION1,IMPGSL,2048,11.3333
REGION1,IMPGSL,2049,5.6667
REGION1,IMPHFO,2020,10.798
REGION1,IMPHFO,2021,10.5556
REGION1,IMPHFO,2022,10.303
REGION1,IMPHFO,2023,10.0606
REGION1,IMPHFO,2024,9.8485
REGION1,IMPHFO,2025,9.6869
REGION1,IMPHFO,2026,9.5455
REGION1,IMPHFO,2027,9.4242
REGION1,IMPHFO,2028,9.2929
REGION1,IMPHFO,2029,9.1515
REGION1,IMPHFO,2030,9.0202
REGION1,IMPHFO,2031,8.5657
REGION1,IMPHFO,2032,8.1212
REGION1,IMPHFO,2033,7.6667
REGION1,IMPHFO,2034,7.2121
REGION1,IMPHFO,2035,6.7677
REGION1,IMPHFO,2036,6.3131
REGION1,IMPHFO,2037,5.8586
REGION1,IMPHFO,2038,5.4141
REGION1,IMPHFO,2039,4.9596
REGION1,IMPHFO,2040,4.5152
REGION1,IMPHFO,2041,4.0606
REGION1,IMPHFO,2042,3.6061
REGION1,IMPHFO,2043,3.1616
REGION1,IMPHFO,2044,2.7071
REGION1,IMPHFO,2045,2.2525
REGION1,IMPHFO,2046,1.8081
REGION1,IMPHFO,2047,1.3535
REGION1,IMPHFO,2048,0.899
REGION1,IMPHFO,2049,0.4545
REGION1,IMPJFL,2020,39.9394
REGION1,IMPJFL,2021,39.2828
REGION1,IMPJFL,2022,39.0
REGION1,IMPJFL,2023,38.9192
REGION1,IMPJFL,2024,39.1212
REGION1,IMPJFL,2025,39.5657
REGION1,IMPJFL,2026,40.0808
REGION1,IMPJFL,2027,40.6162
REGION1,IMPJFL,2028,41.0404
REGION1,IMPJFL,2029,41.3737
REGION1,IMPJFL,2030,41.7475
REGION1,IMPJFL,2031,39.6566
REGION1,IMPJFL,2032,37.5758
REGION1,IMPJFL,2033,35.4848
REGION1,IMPJFL,2034,33.3939
REGION1,IMPJFL,2035,31.3131
REGION1,IMPJFL,2036,29.2222
REGION1,IMPJFL,2037,27.1313
REGION1,IMPJFL,2038,25.0505
REGION1,IMPJFL,2039,22.9596
REGION1,IMPJFL,2040,20.8788
REGION1,IMPJFL,2041,18.7879
REGION1,IMPJFL,2042,16.697
REGION1,IMPJFL,2043,14.6162
REGION1,IMPJFL,2044,12.5253
REGION1,IMPJFL,2045,10.4343
REGION1,IMPJFL,2046,8.3535
REGION1,IMPJFL,2047,6.2626
REGION1,IMPJFL,2048,4.1717
REGION1,IMPJFL,2049,2.0909
REGION1,IMPKER,2020,11.5253
REGION1,IMPKER,2021,11.7677
REGION1,IMPKER,2022,11.9798
REGION1,IMPKER,2023,12.1616
REGION1,IMPKER,2024,12.3232
REGION1,IMPKER,2025,12.4747
REGION1,IMPKER,2026,12.0202
REGION1,IMPKER,2027,11.5556
REGION1,IMPKER,2028,11.0909
REGION1,IMPKER,2029,10.6263
REGION1,IMPKER,2030,10.1616
REGION1,IMPKER,2031,9.7071
REGION1,IMPKER,2032,9.2424
REGION1,IMPKER,2033,8.7778
REGION1,IMPKER,2034,8.3131
REGION1,IMPKER,2035,7.8485
REGION1,IMPKER,2036,7.3838
REGION1,IMPKER,2037,6.9091
REGION1,IMPKER,2038,6.4444
REGION1,IMPKER,2039,5.9798
REGION1,IMPKER,2040,5.5051
REGION1,IMPKER,2041,4.1717
REGION1,IMPKER,2042,3.7071
REGION1,IMPKER,2043,3.2525
REGION1,IMPKER,2044,2.7879
REGION1,IMPKER,2045,2.3232
REGION1,IMPKER,2046,1.8586
REGION1,IMPKER,2047,1.3939
REGION1,IMPKER,2048,0.9293
REGION1,IMPKER,2049,0.4646
REGION1,IMPLPG,2020,2.6869
REGION1,IMPLPG,2021,2.7475
REGION1,IMPLPG,2022,2.8182
REGION1,IMPLPG,2023,2.8889
REGION1,IMPLPG,2024,2.9394
REGION1,IMPLPG,2025,2.9899
REGION1,IMPLPG,2026,3.0505
REGION1,IMPLPG,2027,3.101
REGION1,IMPLPG,2028,3.1616
REGION1,IMPLPG,2029,3.202
REGION1,IMPLPG,2030,3.2323
REGION1,IMPLPG,2031,3.2424
REGION1,IMPLPG,2032,3.2323
REGION1,IMPLPG,2033,3.1919
REGION1,IMPLPG,2034,3.1414
REGION1,IMPLPG,2035,3.0606
REGION1,IMPLPG,2036,2.9596
REGION1,IMPLPG,2037,2.8384
REGION1,IMPLPG,2038,2.7071
REGION1,IMPLPG,2039,2.5455
REGION1,IMPLPG,2040,2.3737
REGION1,IMPLPG,2041,2.6293
REGION1,IMPLPG,2042,2.5828
REGION1,IMPLPG,2043,2.5364
REGION1,IMPLPG,2044,2.4889
REGION1,IMPLPG,2045,2.4424
REGION1,IMPLPG,2046,2.396
REGION1,IMPLPG,2047,2.3495
REGION1,IMPLPG,2048,2.302
REGION1,IMPLPG,2049,2.2556
REGION1,LNDAGRBC1C01,2020,280.4271
REGION1,LNDAGRBC1C01,2023,0.0047
REGION1,LNDAGRBC1C01,2024,0.0048
REGION1,LNDAGRBC1C01,2025,0.0048
REGION1,LNDAGRBC1C01,2026,0.0049
REGION1,LNDAGRBC1C01,2027,0.0151
REGION1,LNDAGRBC1C01,2030,0.0052
REGION1,LNDAGRBC1C01,2031,0.0052
REGION1,LNDAGRBC1C01,2032,0.0054
REGION1,LNDAGRBC1C01,2033,0.0053
REGION1,LNDAGRBC1C01,2034,0.0054
REGION1,LNDAGRBC1C01,2035,280.4325
REGION1,LNDAGRBC1C01,2036,0.0055
REGION1,LNDAGRBC1C01,2037,0.0056
REGION1,LNDAGRBC1C01,2038,0.0104
REGION1,LNDAGRBC1C01,2039,0.0105
REGION1,LNDAGRBC1C01,2040,0.0106
REGION1,LNDAGRBC1C01,2041,0.0107
REGION1,LNDAGRBC1C01,2042,0.0328
REGION1,LNDAGRBC1C01,2045,0.0112
REGION1,LNDAGRBC1C01,2046,0.0113
REGION1,LNDAGRBC1C01,2047,0.0115
REGION1,LNDAGRBC1C01,2048,0.0115
REGION1,LNDAGRBC1C01,2049,0.0117
REGION1,LNDAGRBC1C01,2050,280.4389
REGION1,LNDAGRBC1C02,2020,27.1518
REGION1,LNDAGRBC1C02,2024,0.0032
REGION1,LNDAGRBC1C02,2025,0.0032
REGION1,LNDAGRBC1C02,2026,0.0032
REGION1,LNDAGRBC1C02,2027,0.0134
REGION1,LNDAGRBC1C02,2031,0.0034
REGION1,LNDAGRBC1C02,2032,0.0034
REGION1,LNDAGRBC1C02,2033,0.0035
REGION1,LNDAGRBC1C02,2034,0.0035
REGION1,LNDAGRBC1C02,2035,27.1554
REGION1,LNDAGRBC1C02,2036,0.0036
REGION1,LNDAGRBC1C02,2037,0.0036
REGION1,LNDAGRBC1C02,2038,0.0037
REGION1,LNDAGRBC1C02,2039,0.007
REGION1,LNDAGRBC1C02,2040,0.0071
REGION1,LNDAGRBC1C02,2041,0.0071
REGION1,LNDAGRBC1C02,2042,0.0292
REGION1,LNDAGRBC1C02,2046,0.0075
REGION1,LNDAGRBC1C02,2047,0.0076
REGION1,LNDAGRBC1C02,2048,0.0077
REGION1,LNDAGRBC1C02,2049,0.0077
REGION1,LNDAGRBC1C02,2050,27.1596
REGION1,LNDAGRBC1C03,2020,49.8499
REGION1,LNDAGRBC1C03,2021,5.294
REGION1,LNDAGRBC1C03,2023,1.0008
REGION1,LNDAGRBC1C03,2024,0.6561
REGION1,LNDAGRBC1C03,2025,0.023
REGION1,LNDAGRBC1C03,2026,0.2233
REGION1,LNDAGRBC1C03,2035,26.1522
REGION1,LNDAGRBC1C03,2036,4.4694
REGION1,LNDAGRBC1C03,2038,0.6532
REGION1,LNDAGRBC1C03,2039,0.3505
REGION1,LNDAGRBC1C03,2040,0.1765
REGION1,LNDAGRBC1C03,2041,0.4681
REGION1,LNDAGRBC1C03,2042,0.2212
REGION1,LNDAGRBC1C03,2043,0.2366
REGION1,LNDAGRBC1C03,2044,0.2112
REGION1,LNDAGRBC1C03,2045,0.2166
REGION1,LNDAGRBC1C03,2046,0.2117
REGION1,LNDAGRBC1C03,2047,0.2144
REGION1,LNDAGRBC1C03,2048,0.2174
REGION1,LNDAGRBC1C03,2049,0.2106
REGION1,LNDAGRBC1C03,2050,26.3688
REGION1,LNDAGRBC1C04,2020,10.863
REGION1,LNDAGRBC1C04,2021,0.0084
REGION1,LNDAGRBC1C04,2022,0.0084
REGION1,LNDAGRBC1C04,2023,0.0085
REGION1,LNDAGRBC1C04,2024,0.0086
REGION1,LNDAGRBC1C04,2025,0.0086
REGION1,LNDAGRBC1C04,2026,0.0088
REGION1,LNDAGRBC1C04,2027,0.0089
REGION1,LNDAGRBC1C04,2028,0.009
REGION1,LNDAGRBC1C04,2029,0.009
REGION1,LNDAGRBC1C04,2030,0.0092
REGION1,LNDAGRBC1C04,2031,0.0093
REGION1,LNDAGRBC1C04,2032,0.0093
REGION1,LNDAGRBC1C04,2033,0.0095
REGION1,LNDAGRBC1C04,2034,0.0096
REGION1,LNDAGRBC1C04,2035,10.8727
REGION1,LNDAGRBC1C04,2036,0.0182
REGION1,LNDAGRBC1C04,2037,0.0182
REGION1,LNDAGRBC1C04,2038,0.0185
REGION1,LNDAGRBC1C04,2039,0.0187
REGION1,LNDAGRBC1C04,2040,0.0189
REGION1,LNDAGRBC1C04,2041,0.0191
REGION1,LNDAGRBC1C04,2042,0.0193
REGION1,LNDAGRBC1C04,2043,0.0196
REGION1,LNDAGRBC1C04,2044,0.0197
REGION1,LNDAGRBC1C04,2045,0.0199
REGION1,LNDAGRBC1C04,2046,0.0202
REGION1,LNDAGRBC1C04,2047,0.0204
REGION1,LNDAGRBC1C04,2048,0.0206
REGION1,LNDAGRBC1C04,2049,0.0209
REGION1,LNDAGRBC1C04,2050,10.8842
REGION1,LNDAGRBC1C05,2020,549.411
REGION1,LNDAGRBC1C05,2027,4.8633
REGION1,LNDAGRBC1C05,2035,560.7644
REGION1,LNDAGRBC1C05,2036,0.8027
REGION1,LNDAGRBC1C05,2037,0.1058
REGION1,LNDAGRBC1C05,2038,0.1972
REGION1,LNDAGRBC1C05,2039,0.2829
REGION1,LNDAGRBC1C05,2042,4.1504
REGION1,LNDAGRBC1C05,2050,558.8556
REGION1,LNDAGRBC1C06,2020,3.4534
REGION1,LNDAGRBC1C06,2021,0.0005
REGION1,LNDAGRBC1C06,2022,0.0005
REGION1,LNDAGRBC1C06,2023,0.0005
REGION1,LNDAGRBC1C06,2024,0.0005
REGION1,LNDAGRBC1C06,2025,0.0006
REGION1,LNDAGRBC1C06,2026,0.0005
REGION1,LNDAGRBC1C06,2027,0.0005
REGION1,LNDAGRBC1C06,2028,0.0005
REGION1,LNDAGRBC1C06,2029,0.0006
REGION1,LNDAGRBC1C06,2030,0.0005
REGION1,LNDAGRBC1C06,2031,0.0006
REGION1,LNDAGRBC1C06,2032,0.0005
REGION1,LNDAGRBC1C06,2033,0.0006
REGION1,LNDAGRBC1C06,2034,0.0006
REGION1,LNDAGRBC1C06,2035,3.4539
REGION1,LNDAGRBC1C06,2036,0.0011
REGION1,LNDAGRBC1C06,2037,0.0011
REGION1,LNDAGRBC1C06,2038,0.0011
REGION1,LNDAGRBC1C06,2039,0.0011
REGION1,LNDAGRBC1C06,2040,0.0012
REGION1,LNDAGRBC1C06,2041,0.0011
REGION1,LNDAGRBC1C06,2042,0.0011
REGION1,LNDAGRBC1C06,2043,0.0012
REGION1,LNDAGRBC1C06,2044,0.0012
REGION1,LNDAGRBC1C06,2045,0.0011
REGION1,LNDAGRBC1C06,2046,0.0013
REGION1,LNDAGRBC1C06,2047,0.0011
REGION1,LNDAGRBC1C06,2048,0.0013
REGION1,LNDAGRBC1C06,2049,0.0013
REGION1,LNDAGRBC1C06,2050,3.4546
REGION1,LNDAGRBC1C07,2020,13.1873
REGION1,LNDAGRBC1C07,2021,0.0021
REGION1,LNDAGRBC1C07,2022,0.0021
REGION1,LNDAGRBC1C07,2023,0.0022
REGION1,LNDAGRBC1C07,2024,0.0021
REGION1,LNDAGRBC1C07,2025,0.0022
REGION1,LNDAGRBC1C07,2026,0.0022
REGION1,LNDAGRBC1C07,2027,0.0022
REGION1,LNDAGRBC1C07,2028,0.0023
REGION1,LNDAGRBC1C07,2029,0.0023
REGION1,LNDAGRBC1C07,2030,0.0023
REGION1,LNDAGRBC1C07,2031,0.0023
REGION1,LNDAGRBC1C07,2032,0.0024
REGION1,LNDAGRBC1C07,2033,0.0023
REGION1,LNDAGRBC1C07,2034,0.0024
REGION1,LNDAGRBC1C07,2035,13.1898
REGION1,LNDAGRBC1C07,2036,0.0045
REGION1,LNDAGRBC1C07,2037,0.0046
REGION1,LNDAGRBC1C07,2038,0.0047
REGION1,LNDAGRBC1C07,2039,0.0047
REGION1,LNDAGRBC1C07,2040,0.0047
REGION1,LNDAGRBC1C07,2041,0.0048
REGION1,LNDAGRBC1C07,2042,0.0049
REGION1,LNDAGRBC1C07,2043,0.0049
REGION1,LNDAGRBC1C07,2044,0.0051
REGION1,LNDAGRBC1C07,2045,0.0051
REGION1,LNDAGRBC1C07,2046,0.0052
REGION1,LNDAGRBC1C07,2047,0.0052
REGION1,LNDAGRBC1C07,2048,0.0052
REGION1,LNDAGRBC1C07,2049,0.0054
REGION1,LNDAGRBC1C07,2050,13.1926
REGION1,LNDALFHIBC1,2025,0.2334
REGION1,LNDALFHIBC1,2026,0.2412
REGION1,LNDALFHIBC1,2027,0.2412
REGION1,LNDALFHIBC1,2028,0.2412
REGION1,LNDALFHIBC1,2029,0.2334
REGION1,LNDALFHIBC1,2030,0.2412
REGION1,LNDALFHIBC1,2031,0.2412
REGION1,LNDALFHIBC1,2032,0.2334
REGION1,LNDALFHIBC1,2033,0.2412
REGION1,LNDALFHIBC1,2034,0.2412
REGION1,LNDALFHIBC1,2035,7.5715
REGION1,LNDALFHIBC1,2036,0.6685
REGION1,LNDALFHIBC1,2037,0.2489
REGION1,LNDALFHIBC1,2038,0.2567
REGION1,LNDALFHIBC1,2039,0.249
REGION1,LNDALFHIBC1,2040,0.2489
REGION1,LNDALFHIBC1,2041,0.2567
REGION1,LNDALFHIBC1,2042,0.2567
REGION1,LNDALFHIBC1,2043,0.2489
REGION1,LNDALFHIBC1,2044,0.249
REGION1,LNDALFHIBC1,2045,0.2567
REGION1,LNDALFHIBC1,2046,0.2489
REGION1,LNDALFHIBC1,2047,0.249
REGION1,LNDALFHIBC1,2048,0.2567
REGION1,LNDALFHIBC1,2049,0.2567
REGION1,LNDALFHIBC1,2050,7.5792
REGION1,LNDALFLRBC1,2020,20.2753
REGION1,LNDALFLRBC1,2021,1.8276
REGION1,LNDALFLRBC1,2022,0.6456
REGION1,LNDALFLRBC1,2023,0.6671
REGION1,LNDALFLRBC1,2024,0.6671
REGION1,LNDBARBC1,2020,149.8406
REGION1,LNDBARBC1,2021,149.8406
REGION1,LNDBARBC1,2022,149.8406
REGION1,LNDBARBC1,2023,149.8406
REGION1,LNDBARBC1,2024,149.8406
REGION1,LNDBARBC1,2025,149.8406
REGION1,LNDBARBC1,2026,149.8406
REGION1,LNDBARBC1,2027,149.8406
REGION1,LNDBARBC1,2028,149.8406
REGION1,LNDBARBC1,2029,149.8406
REGION1,LNDBARBC1,2030,149.8406
REGION1,LNDBARBC1,2031,149.8406
REGION1,LNDBARBC1,2032,149.8406
REGION1,LNDBARBC1,2033,149.8406
REGION1,LNDBARBC1,2034,149.8406
REGION1,LNDBARBC1,2035,150.2469
REGION1,LNDBARBC1,2036,149.8406
REGION1,LNDBARBC1,2037,150.3264
REGION1,LNDBARBC1,2038,149.8406
REGION1,LNDBARBC1,2039,149.8406
REGION1,LNDBARBC1,2040,150.3142
REGION1,LNDBARBC1,2041,149.8406
REGION1,LNDBARBC1,2042,150.3059
REGION1,LNDBARBC1,2043,149.8406
REGION1,LNDBARBC1,2044,150.2972
REGION1,LNDBARBC1,2045,149.8406
REGION1,LNDBARBC1,2046,150.3399
REGION1,LNDBARBC1,2047,149.8406
REGION1,LNDBARBC1,2048,149.8406
REGION1,LNDBARBC1,2049,149.8406
REGION1,LNDBARBC1,2050,149.8406
REGION1,LNDBLTBC1,2020,12.0306
REGION1,LNDBLTBC1,2021,12.0732
REGION1,LNDBLTBC1,2022,12.1161
REGION1,LNDBLTBC1,2023,12.1596
REGION1,LNDBLTBC1,2024,12.2103
REGION1,LNDBLTBC1,2025,12.5536
REGION1,LNDBLTBC1,2026,12.62
REGION1,LNDBLTBC1,2027,12.6873
REGION1,LNDBLTBC1,2028,13.0064
REGION1,LNDBLTBC1,2029,13.2699
REGION1,LNDBLTBC1,2030,13.6093
REGION1,LNDBLTBC1,2031,13.9489
REGION1,LNDBLTBC1,2032,14.2884
REGION1,LNDBLTBC1,2033,14.6277
REGION1,LNDBLTBC1,2034,14.9672
REGION1,LNDBLTBC1,2035,17.1268
REGION1,LNDBLTBC1,2036,18.0113
REGION1,LNDBLTBC1,2037,18.0221
REGION1,LNDBLTBC1,2038,18.0329
REGION1,LNDBLTBC1,2039,18.0442
REGION1,LNDBLTBC1,2040,18.0557
REGION1,LNDBLTBC1,2041,18.0673
REGION1,LNDBLTBC1,2042,18.0789
REGION1,LNDBLTBC1,2043,18.0893
REGION1,LNDBLTBC1,2044,18.1009
REGION1,LNDBLTBC1,2045,18.1123
REGION1,LNDBLTBC1,2046,18.9911
REGION1,LNDBLTBC1,2047,19.8692
REGION1,LNDBLTBC1,2048,21.4854
REGION1,LNDBLTBC1,2049,23.102
REGION1,LNDBLTBC1,2050,30.6722
REGION1,LNDBRLHRBC1,2029,0.0141
REGION1,LNDBRLHRBC1,2030,0.0181
REGION1,LNDBRLHRBC1,2031,0.0168
REGION1,LNDBRLHRBC1,2032,0.0168
REGION1,LNDBRLHRBC1,2033,0.0168
REGION1,LNDBRLHRBC1,2034,0.0168
REGION1,LNDBRLHRBC1,2035,0.0168
REGION1,LNDBRLHRBC1,2036,0.0025
REGION1,LNDBRLHRBC1,2037,0.0025
REGION1,LNDBRLHRBC1,2038,0.0025
REGION1,LNDBRLHRBC1,2039,0.0038
REGION1,LNDBRLHRBC1,2040,0.0025
REGION1,LNDBRLHRBC1,2041,0.0025
REGION1,LNDBRLHRBC1,2042,0.0025
REGION1,LNDBRLHRBC1,2043,0.0025
REGION1,LNDBRLHRBC1,2044,0.0166
REGION1,LNDBRLHRBC1,2045,0.0206
REGION1,LNDBRLHRBC1,2046,0.0193
REGION1,LNDBRLHRBC1,2047,0.0193
REGION1,LNDBRLHRBC1,2048,0.0193
REGION1,LNDBRLHRBC1,2049,0.0193
REGION1,LNDBRLHRBC1,2050,0.0206
REGION1,LNDFORBC1,2020,523.6845
REGION1,LNDFORBC1,2021,518.3683
REGION1,LNDFORBC1,2022,518.3812
REGION1,LNDFORBC1,2023,517.3225
REGION1,LNDFORBC1,2024,516.6368
REGION1,LNDFORBC1,2025,516.2918
REGION1,LNDFORBC1,2026,516.0235
REGION1,LNDFORBC1,2027,528.175
REGION1,LNDFORBC1,2028,527.7991
REGION1,LNDFORBC1,2029,527.5674
REGION1,LNDFORBC1,2030,527.4663
REGION1,LNDFORBC1,2031,527.049
REGION1,LNDFORBC1,2032,527.0815
REGION1,LNDFORBC1,2033,526.8649
REGION1,LNDFORBC1,2034,526.7414
REGION1,LNDFORBC1,2035,539.4818
REGION1,LNDFORBC1,2036,540.7706
REGION1,LNDFORBC1,2037,540.3825
REGION1,LNDFORBC1,2038,540.5758
REGION1,LNDFORBC1,2039,540.8545
REGION1,LNDFORBC1,2040,540.6733
REGION1,LNDFORBC1,2041,540.8701
REGION1,LNDFORBC1,2042,540.1513
REGION1,LNDFORBC1,2043,539.8872
REGION1,LNDFORBC1,2044,539.6473
REGION1,LNDFORBC1,2045,539.4017
REGION1,LNDFORBC1,2046,538.8094
REGION1,LNDFORBC1,2047,538.2143
REGION1,LNDFORBC1,2048,537.9073
REGION1,LNDFORBC1,2049,536.3406
REGION1,LNDFORBC1,2050,536.001
REGION1,LNDGRSBC1,2020,160.5092
REGION1,LNDGRSBC1,2021,160.5092
REGION1,LNDGRSBC1,2022,160.5092
REGION1,LNDGRSBC1,2023,160.5092
REGION1,LNDGRSBC1,2024,160.5092
REGION1,LNDGRSBC1,2025,160.5092
REGION1,LNDGRSBC1,2026,160.5092
REGION1,LNDGRSBC1,2027,160.5092
REGION1,LNDGRSBC1,2028,160.5092
REGION1,LNDGRSBC1,2029,160.5472
REGION1,LNDGRSBC1,2030,160.5092
REGION1,LNDGRSBC1,2031,160.5092
REGION1,LNDGRSBC1,2032,160.5092
REGION1,LNDGRSBC1,2033,160.5092
REGION1,LNDGRSBC1,2034,160.7044
REGION1,LNDGRSBC1,2035,160.5092
REGION1,LNDGRSBC1,2036,160.5092
REGION1,LNDGRSBC1,2037,160.5092
REGION1,LNDGRSBC1,2038,160.991
REGION1,LNDGRSBC1,2039,160.987
REGION1,LNDGRSBC1,2040,160.5092
REGION1,LNDGRSBC1,2041,160.5092
REGION1,LNDGRSBC1,2042,160.5092
REGION1,LNDGRSBC1,2043,160.5092
REGION1,LNDGRSBC1,2044,160.5092
REGION1,LNDGRSBC1,2045,160.9614
REGION1,LNDGRSBC1,2046,160.5092
REGION1,LNDGRSBC1,2047,160.5092
REGION1,LNDGRSBC1,2048,160.5092
REGION1,LNDGRSBC1,2049,160.5092
REGION1,LNDGRSBC1,2050,160.5092
REGION1,LNDMAIHIBC1,2021,3.1596
REGION1,LNDMAIHIBC1,2023,0.0593
REGION1,LNDMAIHIBC1,2024,0.1293
REGION1,LNDMAIHIBC1,2025,0.0097
REGION1,LNDMAIHIBC1,2026,0.1692
REGION1,LNDMAIHIBC1,2027,4.7152
REGION1,LNDMAIHIBC1,2028,0.2622
REGION1,LNDMAIHIBC1,2029,0.1692
REGION1,LNDMAIHIBC1,2030,0.0496
REGION1,LNDMAIHIBC1,2031,0.1789
REGION1,LNDMAIHIBC1,2033,0.1293
REGION1,LNDMAIHIBC1,2034,0.0363
REGION1,LNDMAIHIBC1,2035,0.116
REGION1,LNDMAIHIBC1,2036,3.3856
REGION1,LNDMAIHIBC1,2037,0.1728
REGION1,LNDMAIHIBC1,2038,0.1656
REGION1,LNDMAIHIBC1,2039,0.1426
REGION1,LNDMAIHIBC1,2040,0.0629
REGION1,LNDMAIHIBC1,2041,0.3021
REGION1,LNDMAIHIBC1,2042,4.8348
REGION1,LNDMAIHIBC1,2043,0.3818
REGION1,LNDMAIHIBC1,2044,0.2755
REGION1,LNDMAIHIBC1,2045,0.1559
REGION1,LNDMAIHIBC1,2046,0.2852
REGION1,LNDMAIHIBC1,2047,0.1063
REGION1,LNDMAIHIBC1,2048,0.2357
REGION1,LNDMAIHIBC1,2049,0.1293
REGION1,LNDMAIHIBC1,2050,0.2224
REGION1,LNDMAILRBC1,2020,16.9813
REGION1,LNDOATHIBC1,2025,0.007
REGION1,LNDOATHIBC1,2026,0.0181
REGION1,LNDOATHIBC1,2027,0.0181
REGION1,LNDOATHIBC1,2028,0.0181
REGION1,LNDOATHIBC1,2029,0.0204
REGION1,LNDOATHIBC1,2030,0.0181
REGION1,LNDOATHIBC1,2031,0.0181
REGION1,LNDOATHIBC1,2032,0.0204
REGION1,LNDOATHIBC1,2033,0.0181
REGION1,LNDOATHIBC1,2034,0.0181
REGION1,LNDOATHIBC1,2035,0.0181
REGION1,LNDOATHIBC1,2036,0.0046
REGION1,LNDOATHIBC1,2037,0.0023
REGION1,LNDOATHIBC1,2038,0.0023
REGION1,LNDOATHIBC1,2039,0.0046
REGION1,LNDOATHIBC1,2040,0.0093
REGION1,LNDOATHIBC1,2041,0.0204
REGION1,LNDOATHIBC1,2042,0.0204
REGION1,LNDOATHIBC1,2043,0.0227
REGION1,LNDOATHIBC1,2044,0.0227
REGION1,LNDOATHIBC1,2045,0.0204
REGION1,LNDOATHIBC1,2046,0.0204
REGION1,LNDOATHIBC1,2047,0.025
REGION1,LNDOATHIBC1,2048,0.0204
REGION1,LNDOATHIBC1,2049,0.0204
REGION1,LNDOATHIBC1,2050,0.0227
REGION1,LNDOTHIIBC1,2020,2.4438
REGION1,LNDOTHIIBC1,2021,0.4559
REGION1,LNDOTHIIBC1,2022,0.0743
REGION1,LNDOTHIIBC1,2023,0.0743
REGION1,LNDOTHIIBC1,2024,0.0967
REGION1,LNDOTHIIBC1,2025,0.0406
REGION1,LNDOTHIIBC1,2026,0.0855
REGION1,LNDOTHIIBC1,2027,0.0967
REGION1,LNDOTHIIBC1,2028,0.1192
REGION1,LNDOTHIIBC1,2029,0.0743
REGION1,LNDOTHIIBC1,2030,0.1304
REGION1,LNDOTHIIBC1,2031,0.108
REGION1,LNDOTHIIBC1,2032,0.0406
REGION1,LNDOTHIIBC1,2033,0.0967
REGION1,LNDOTHIIBC1,2034,0.0967
REGION1,LNDOTHIIBC1,2035,2.5405
REGION1,LNDOTHIIBC1,2036,0.5232
REGION1,LNDOTHIIBC1,2037,0.1304
REGION1,LNDOTHIIBC1,2038,0.1192
REGION1,LNDOTHIIBC1,2039,0.1528
REGION1,LNDOTHIIBC1,2040,0.0855
REGION1,LNDOTHIIBC1,2041,0.1416
REGION1,LNDOTHIIBC1,2042,0.1416
REGION1,LNDOTHIIBC1,2043,0.1865
REGION1,LNDOTHIIBC1,2044,0.1192
REGION1,LNDOTHIIBC1,2045,0.1865
REGION1,LNDOTHIIBC1,2046,0.1641
REGION1,LNDOTHIIBC1,2047,0.0855
REGION1,LNDOTHIIBC1,2048,0.1528
REGION1,LNDOTHIIBC1,2049,0.1528
REGION1,LNDOTHIIBC1,2050,2.5966
REGION1,LNDPEAHIBC1,2025,0.0131
REGION1,LNDPEAHIBC1,2026,0.0145
REGION1,LNDPEAHIBC1,2027,0.0179
REGION1,LNDPEAHIBC1,2028,0.0145
REGION1,LNDPEAHIBC1,2029,0.0179
REGION1,LNDPEAHIBC1,2030,0.0145
REGION1,LNDPEAHIBC1,2031,0.0145
REGION1,LNDPEAHIBC1,2032,0.0179
REGION1,LNDPEAHIBC1,2033,0.0145
REGION1,LNDPEAHIBC1,2034,0.0179
REGION1,LNDPEAHIBC1,2035,0.0145
REGION1,LNDPEAHIBC1,2036,0.0034
REGION1,LNDPEAHIBC1,2037,0.0067
REGION1,LNDPEAHIBC1,2038,0.0034
REGION1,LNDPEAHIBC1,2039,0.0067
REGION1,LNDPEAHIBC1,2040,0.0165
REGION1,LNDPEAHIBC1,2041,0.0179
REGION1,LNDPEAHIBC1,2042,0.0246
REGION1,LNDPEAHIBC1,2043,0.0179
REGION1,LNDPEAHIBC1,2044,0.0246
REGION1,LNDPEAHIBC1,2045,0.0179
REGION1,LNDPEAHIBC1,2046,0.0179
REGION1,LNDPEAHIBC1,2047,0.0246
REGION1,LNDPEAHIBC1,2048,0.0179
REGION1,LNDPEAHIBC1,2049,0.0246
REGION1,LNDPEAHIBC1,2050,0.0179
REGION1,LNDPTWHIBC1,2035,0.0002
REGION1,LNDPTWHIBC1,2037,0.0
REGION1,LNDPTWHIBC1,2040,0.0
REGION1,LNDPTWHIBC1,2044,0.0
REGION1,LNDPTWHIBC1,2047,0.0
REGION1,LNDPTWHIBC1,2050,0.0002
REGION1,LNDRAPHIBC1,2025,0.0194
REGION1,LNDRAPHIBC1,2026,0.0278
REGION1,LNDRAPHIBC1,2027,0.0278
REGION1,LNDRAPHIBC1,2028,0.0251
REGION1,LNDRAPHIBC1,2029,0.0278
REGION1,LNDRAPHIBC1,2030,0.0278
REGION1,LNDRAPHIBC1,2031,0.0251
REGION1,LNDRAPHIBC1,2032,0.0278
REGION1,LNDRAPHIBC1,2033,0.0278
REGION1,LNDRAPHIBC1,2034,0.0251
REGION1,LNDRAPHIBC1,2035,0.0278
REGION1,LNDRAPHIBC1,2036,0.0055
REGION1,LNDRAPHIBC1,2037,0.0027
REGION1,LNDRAPHIBC1,2038,0.0055
REGION1,LNDRAPHIBC1,2039,0.0027
REGION1,LNDRAPHIBC1,2040,0.0249
REGION1,LNDRAPHIBC1,2041,0.0333
REGION1,LNDRAPHIBC1,2042,0.0305
REGION1,LNDRAPHIBC1,2043,0.0305
REGION1,LNDRAPHIBC1,2044,0.0333
REGION1,LNDRAPHIBC1,2045,0.0305
REGION1,LNDRAPHIBC1,2046,0.0306
REGION1,LNDRAPHIBC1,2047,0.0333
REGION1,LNDRAPHIBC1,2048,0.0306
REGION1,LNDRAPHIBC1,2049,0.0305
REGION1,LNDRAPHIBC1,2050,0.0333
REGION1,LNDRYEHRBC1,2031,0.0001
REGION1,LNDRYEHRBC1,2032,0.0012
REGION1,LNDRYEHRBC1,2033,0.0012
REGION1,LNDRYEHRBC1,2034,0.0012
REGION1,LNDRYEHRBC1,2035,0.001
REGION1,LNDRYEHRBC1,2047,0.0011
REGION1,LNDRYEHRBC1,2048,0.0012
REGION1,LNDRYEHRBC1,2049,0.0012
REGION1,LNDRYEHRBC1,2050,0.001
REGION1,LNDRYELRBC1,2035,0.0007
REGION1,LNDWATBC1,2020,43.4772
REGION1,LNDWATBC1,2021,43.4772
REGION1,LNDWATBC1,2022,43.4772
REGION1,LNDWATBC1,2023,43.4772
REGION1,LNDWATBC1,2024,43.4772
REGION1,LNDWATBC1,2025,43.4772
REGION1,LNDWATBC1,2026,43.4772
REGION1,LNDWATBC1,2027,43.4772
REGION1,LNDWATBC1,2028,43.4917
REGION1,LNDWATBC1,2029,43.4772
REGION1,LNDWATBC1,2030,43.4772
REGION1,LNDWATBC1,2031,43.5789
REGION1,LNDWATBC1,2032,43.6142
REGION1,LNDWATBC1,2033,43.6433
REGION1,LNDWATBC1,2034,43.4772
REGION1,LNDWATBC1,2035,43.4772
REGION1,LNDWATBC1,2036,43.4772
REGION1,LNDWATBC1,2037,43.4772
REGION1,LNDWATBC1,2038,43.4772
REGION1,LNDWATBC1,2039,43.4772
REGION1,LNDWATBC1,2040,43.4772
REGION1,LNDWATBC1,2041,43.4772
REGION1,LNDWATBC1,2042,43.4772
REGION1,LNDWATBC1,2043,43.9382
REGION1,LNDWATBC1,2044,43.4772
REGION1,LNDWATBC1,2045,43.4772
REGION1,LNDWATBC1,2046,43.4772
REGION1,LNDWATBC1,2047,44.0236
REGION1,LNDWATBC1,2048,43.4772
REGION1,LNDWATBC1,2049,44.1969
REGION1,LNDWATBC1,2050,43.4772
REGION1,LNDWHEHRBC1,2031,0.003
REGION1,LNDWHEHRBC1,2032,0.028
REGION1,LNDWHEHRBC1,2033,0.028
REGION1,LNDWHEHRBC1,2034,0.0267
REGION1,LNDWHEHRBC1,2035,0.028
REGION1,LNDWHEHRBC1,2036,0.0013
REGION1,LNDWHEHRBC1,2037,0.0013
REGION1,LNDWHEHRBC1,2038,0.0013
REGION1,LNDWHEHRBC1,2039,0.0013
REGION1,LNDWHEHRBC1,2040,0.0013
REGION1,LNDWHEHRBC1,2041,0.0013
REGION1,LNDWHEHRBC1,2042,0.0013
REGION1,LNDWHEHRBC1,2044,0.0013
REGION1,LNDWHEHRBC1,2045,0.0013
REGION1,LNDWHEHRBC1,2046,0.0042
REGION1,LNDWHEHRBC1,2047,0.0293
REGION1,LNDWHEHRBC1,2048,0.0292
REGION1,LNDWHEHRBC1,2049,0.028
REGION1,LNDWHEHRBC1,2050,0.0292
REGION1,MINLNDBC1,2020,934.3434
REGION1,MINLNDBC1,2021,934.3434
REGION1,MINLNDBC1,2022,934.3434
REGION1,MINLNDBC1,2023,934.3434
REGION1,MINLNDBC1,2024,934.3434
REGION1,MINLNDBC1,2025,934.3434
REGION1,MINLNDBC1,2026,934.3434
REGION1,MINLNDBC1,2027,934.3434
REGION1,MINLNDBC1,2028,934.3434
REGION1,MINLNDBC1,2029,934.3434
REGION1,MINLNDBC1,2030,934.3434
REGION1,MINLNDBC1,2031,934.3434
REGION1,MINLNDBC1,2032,934.3434
REGION1,MINLNDBC1,2033,934.3434
REGION1,MINLNDBC1,2034,934.3434
REGION1,MINLNDBC1,2035,934.3434
REGION1,MINLNDBC1,2036,934.3434
REGION1,MINLNDBC1,2037,934.3434
REGION1,MINLNDBC1,2038,934.3434
REGION1,MINLNDBC1,2039,934.3434
REGION1,MINLNDBC1,2040,934.3434
REGION1,MINLNDBC1,2041,934.3434
REGION1,MINLNDBC1,2042,934.3434
REGION1,MINLNDBC1,2043,934.3434
REGION1,MINLNDBC1,2044,934.3434
REGION1,MINLNDBC1,2045,934.3434
REGION1,MINLNDBC1,2046,934.3434
REGION1,MINLNDBC1,2047,934.3434
REGION1,MINLNDBC1,2048,934.3434
REGION1,MINLNDBC1,2049,934.3434
REGION1,MINLNDBC1,2050,934.3434
REGION1,MINNGS,2020,396.6364
REGION1,MINNGS,2024,25.7332
REGION1,MINNGS,2025,2.9941
REGION1,MINNGS,2026,25.4242
REGION1,MINNGS,2027,7.9644
REGION1,MINPRCBC1,2020,703.4104
REGION1,MINPRCBC1,2021,711.1966
REGION1,MINPRCBC1,2022,711.155
REGION1,MINPRCBC1,2023,712.6881
REGION1,MINPRCBC1,2024,713.6629
REGION1,MINPRCBC1,2025,713.7072
REGION1,MINPRCBC1,2026,714.046
REGION1,MINPRCBC1,2027,696.1334
REGION1,MINPRCBC1,2028,696.6578
REGION1,MINPRCBC1,2029,696.9745
REGION1,MINPRCBC1,2030,697.2037
REGION1,MINPRCBC1,2031,697.6876
REGION1,MINPRCBC1,2032,697.6149
REGION1,MINPRCBC1,2033,697.9081
REGION1,MINPRCBC1,2034,698.0644
REGION1,MINPRCBC1,2035,679.3106
REGION1,MINPRCBC1,2036,678.1102
REGION1,MINPRCBC1,2037,677.9341
REGION1,MINPRCBC1,2038,677.6232
REGION1,MINPRCBC1,2039,677.1861
REGION1,MINPRCBC1,2040,677.4242
REGION1,MINPRCBC1,2041,677.7964
REGION1,MINPRCBC1,2042,678.1417
REGION1,MINPRCBC1,2043,678.4948
REGION1,MINPRCBC1,2044,678.8181
REGION1,MINPRCBC1,2045,679.1494
REGION1,MINPRCBC1,2046,679.4738
REGION1,MINPRCBC1,2047,679.8022
REGION1,MINPRCBC1,2048,680.1353
REGION1,MINPRCBC1,2049,680.4586
REGION1,MINPRCBC1,2050,680.7909
REGION1,MINURN,2028,137.7989
REGION1,MINURN,2029,150.0895
REGION1,MINURN,2030,139.7175
REGION1,MINURN,2031,139.7898
REGION1,MINURN,2032,139.7537
REGION1,MINURN,2033,139.6813
REGION1,MINURN,2034,139.7537
REGION1,MINURN,2035,142.0511
REGION1,MINURN,2036,139.7175
REGION1,MINURN,2037,139.4442
REGION1,MINURN,2038,140.3914
REGION1,MINURN,2039,138.293
REGION1,MINURN,2040,134.7586
REGION1,MINURN,2041,134.7764
REGION1,MINURN,2042,134.7237
REGION1,MINURN,2043,142.9076
REGION1,MINURN,2044,134.7237
REGION1,MINURN,2045,135.6184
REGION1,MINURN,2046,90.4801
REGION1,MINURN,2047,90.4099
REGION1,PWRBIOB06,2050,0.5314
REGION1,PWRGEOB01,2026,0.4
REGION1,PWRGEOB02,2026,1.1156
REGION1,PWRGEOB02,2027,1.4844
REGION1,PWRHYDB13,2025,1.1
REGION1,PWRHYDB13,2046,1.2725
REGION1,PWRHYDB13,2047,1.2716
REGION1,PWRHYDB13,2048,2.2272
REGION1,PWRHYDB13,2049,2.2278
REGION1,PWRHYDB13,2050,3.901
REGION1,PWRNGSB01,2029,0.7241
REGION1,PWRNGSB01,2030,0.7096
REGION1,PWRNGSB01,2031,0.7527
REGION1,PWRNGSB01,2032,0.7525
REGION1,PWRNGSB01,2033,0.7521
REGION1,PWRNGSB01,2034,0.7525
REGION1,PWRNGSB01,2035,1.2688
REGION1,PWRNGSB01,2036,0.7523
REGION1,PWRNGSB01,2037,0.7552
REGION1,PWRNGSB01,2038,0.7458
REGION1,PWRNGSB01,2039,0.768
REGION1,PWRNGSB01,2040,0.8053
REGION1,PWRNGSB01,2041,0.7602
REGION1,PWRNGSB01,2042,0.8032
REGION1,PWRNGSB01,2043,0.7172
REGION1,PWRNGSB01,2044,0.8032
REGION1,PWRNGSB01,2045,0.7937
REGION1,PWRSOLB01,2048,3.2007
REGION1,PWRSOLB01,2049,3.2015
REGION1,PWRTRNB01,2020,10.711
REGION1,PWRTRNB01,2021,10.8755
REGION1,PWRTRNB01,2022,11.0349
REGION1,PWRTRNB01,2023,11.2075
REGION1,PWRTRNB01,2024,11.9166
REGION1,PWRTRNB01,2025,12.157
REGION1,PWRTRNB01,2026,13.9264
REGION1,PWRTRNB01,2027,15.6967
REGION1,PWRTRNB01,2028,17.4665
REGION1,PWRTRNB01,2029,19.2359
REGION1,PWRTRNB01,2030,21.0053
REGION1,PWRTRNB01,2031,22.7756
REGION1,PWRTRNB01,2032,24.5454
REGION1,PWRTRNB01,2033,26.3143
REGION1,PWRTRNB01,2034,28.0841
REGION1,PWRTRNB01,2035,29.8544
REGION1,PWRTRNB01,2036,31.6238
REGION1,PWRTRNB01,2037,33.3932
REGION1,PWRTRNB01,2038,35.163
REGION1,PWRTRNB01,2039,36.9328
REGION1,PWRTRNB01,2040,38.7026
REGION1,PWRTRNB01,2041,40.4725
REGION1,PWRTRNB01,2042,42.2418
REGION1,PWRTRNB01,2043,44.0117
REGION1,PWRTRNB01,2044,45.781
REGION1,PWRTRNB01,2045,47.5504
REGION1,PWRTRNB01,2046,49.3212
REGION1,PWRTRNB01,2047,51.0905
REGION1,PWRTRNB01,2048,52.8599
REGION1,PWRTRNB01,2049,54.6297
REGION1,PWRTRNB01,2050,56.399
REGION1,PWRURNB01,2028,1.5662
REGION1,PWRURNB01,2029,1.4768
REGION1,PWRURNB01,2030,1.4768
REGION1,PWRURNB01,2031,1.4776
REGION1,PWRURNB01,2032,1.4772
REGION1,PWRURNB01,2033,1.4764
REGION1,PWRURNB01,2034,1.4772
REGION1,PWRURNB01,2035,1.5015
REGION1,PWRURNB01,2036,1.4768
REGION1,PWRURNB01,2037,1.4739
REGION1,PWRURNB01,2038,1.4839
REGION1,PWRURNB01,2039,1.4617
REGION1,PWRURNB01,2040,1.4244
REGION1,PWRURNB01,2041,1.4246
REGION1,PWRURNB01,2042,1.424
REGION1,PWRURNB01,2043,1.5105
REGION1,PWRURNB01,2044,1.424
REGION1,PWRURNB01,2045,1.4335
REGION1,PWRURNB01,2046,0.9564
REGION1,PWRURNB01,2047,0.9556
REGION1,PWRWNDB09,2020,3.2584
REGION1,PWRWNDB09,2021,0.3361
REGION1,PWRWNDB09,2022,0.3258
REGION1,PWRWNDB09,2023,0.353
REGION1,PWRWNDB09,2024,0.7822
REGION1,PWRWNDB09,2026,0.1444
REGION1,PWRWNDB09,2045,3.2584
REGION1,PWRWNDB09,2046,0.3361
REGION1,PWRWNDB09,2047,0.3258
REGION1,PWRWNDB09,2048,0.353
REGION1,PWRWNDB09,2049,0.7822
REGION1,RNWBIO,2020,235.7268
REGION1,RNWBIO,2021,236.353
REGION1,RNWBIO,2022,236.7268
REGION1,RNWBIO,2023,237.4136
REGION1,RNWBIO,2024,238.2722
REGION1,RNWBIO,2025,237.848
REGION1,RNWBIO,2026,236.1611
REGION1,RNWBIO,2027,234.5753
REGION1,RNWBIO,2028,232.9692
REGION1,RNWBIO,2029,230.8884
REGION1,RNWBIO,2030,228.646
REGION1,RNWBIO,2031,219.0702
REGION1,RNWBIO,2032,209.5046
REGION1,RNWBIO,2033,199.9389
REGION1,RNWBIO,2034,190.3632
REGION1,RNWBIO,2035,180.7975
REGION1,RNWBIO,2036,171.2419
REGION1,RNWBIO,2037,161.6662
REGION1,RNWBIO,2038,152.1005
REGION1,RNWBIO,2039,142.5147
REGION1,RNWBIO,2040,132.9591
REGION1,RNWBIO,2041,123.3934
REGION1,RNWBIO,2042,113.8076
REGION1,RNWBIO,2043,104.252
REGION1,RNWBIO,2044,94.6763
REGION1,RNWBIO,2045,85.1106
REGION1,RNWBIO,2046,75.545
REGION1,RNWBIO,2047,65.9793
REGION1,RNWBIO,2048,64.7119
REGION1,RNWBIO,2049,64.7119
REGION1,RNWBIO,2050,112.4757
REGION1,RNWGEO,2026,277.3615
REGION1,RNWGEO,2027,549.0008
REGION1,RNWGEO,2028,549.0008
REGION1,RNWGEO,2029,549.0008
REGION1,RNWGEO,2030,549.0008
REGION1,RNWGEO,2031,549.0008
REGION1,RNWGEO,2032,549.0008
REGION1,RNWGEO,2033,549.0008
REGION1,RNWGEO,2034,549.0008
REGION1,RNWGEO,2035,549.0008
REGION1,RNWGEO,2036,623.7331
REGION1,RNWGEO,2037,631.0354
REGION1,RNWGEO,2038,631.0354
REGION1,RNWGEO,2039,631.0354
REGION1,RNWGEO,2040,631.0354
REGION1,RNWGEO,2041,631.0354
REGION1,RNWGEO,2042,631.0354
REGION1,RNWGEO,2043,631.0354
REGION1,RNWGEO,2044,631.0354
REGION1,RNWGEO,2045,631.0354
REGION1,RNWGEO,2046,631.0354
REGION1,RNWGEO,2047,631.0354
REGION1,RNWGEO,2048,631.0354
REGION1,RNWGEO,2049,631.0354
REGION1,RNWGEO,2050,631.0354
REGION1,RNWHYD,2020,340.2499
REGION1,RNWHYD,2021,342.9656
REGION1,RNWHYD,2022,345.7052
REGION1,RNWHYD,2023,349.1003
REGION1,RNWHYD,2024,360.918
REGION1,RNWHYD,2025,381.4267
REGION1,RNWHYD,2026,405.1665
REGION1,RNWHYD,2027,428.459
REGION1,RNWHYD,2028,452.3686
REGION1,RNWHYD,2029,468.4683
REGION1,RNWHYD,2030,494.2608
REGION1,RNWHYD,2031,520.3936
REGION1,RNWHYD,2032,546.5196
REGION1,RNWHYD,2033,572.6321
REGION1,RNWHYD,2034,598.7581
REGION1,RNWHYD,2035,613.1828
REGION1,RNWHYD,2036,616.3364
REGION1,RNWHYD,2037,616.3364
REGION1,RNWHYD,2038,616.3364
REGION1,RNWHYD,2039,616.3364
REGION1,RNWHYD,2040,616.3364
REGION1,RNWHYD,2041,616.3364
REGION1,RNWHYD,2042,616.3364
REGION1,RNWHYD,2043,616.3364
REGION1,RNWHYD,2044,616.3364
REGION1,RNWHYD,2045,616.3364
REGION1,RNWHYD,2046,666.5
REGION1,RNWHYD,2047,716.6245
REGION1,RNWHYD,2048,804.4199
REGION1,RNWHYD,2049,892.238
REGION1,RNWHYD,2050,1046.0144
REGION1,RNWSOL,2020,0.0403
REGION1,RNWSOL,2021,0.0403
REGION1,RNWSOL,2022,0.0403
REGION1,RNWSOL,2023,0.0403
REGION1,RNWSOL,2024,0.0403
REGION1,RNWSOL,2025,0.0403
REGION1,RNWSOL,2026,0.0403
REGION1,RNWSOL,2027,0.0403
REGION1,RNWSOL,2028,0.0403
REGION1,RNWSOL,2029,0.0403
REGION1,RNWSOL,2030,0.0403
REGION1,RNWSOL,2031,0.0403
REGION1,RNWSOL,2032,0.0403
REGION1,RNWSOL,2033,0.0403
REGION1,RNWSOL,2034,0.0403
REGION1,RNWSOL,2035,0.0403
REGION1,RNWSOL,2036,0.0403
REGION1,RNWSOL,2037,0.0403
REGION1,RNWSOL,2038,0.0403
REGION1,RNWSOL,2039,0.0403
REGION1,RNWSOL,2040,0.0403
REGION1,RNWSOL,2048,128.8755
REGION1,RNWSOL,2049,257.7844
REGION1,RNWSOL,2050,257.7844
REGION1,RNWWND,2020,208.0146
REGION1,RNWWND,2021,226.512
REGION1,RNWWND,2022,244.4425
REGION1,RNWWND,2023,263.8673
REGION1,RNWWND,2024,306.9122
REGION1,RNWWND,2025,306.9122
REGION1,RNWWND,2026,314.8577
REGION1,RNWWND,2027,314.8577
REGION1,RNWWND,2028,314.8577
REGION1,RNWWND,2029,314.8577
REGION1,RNWWND,2030,314.8577
REGION1,RNWWND,2031,314.8577
REGION1,RNWWND,2032,314.8577
REGION1,RNWWND,2033,314.8577
REGION1,RNWWND,2034,314.8577
REGION1,RNWWND,2035,312.4214
REGION1,RNWWND,2036,312.4214
REGION1,RNWWND,2037,307.849
REGION1,RNWWND,2038,301.88
REGION1,RNWWND,2039,296.3142
REGION1,RNWWND,2040,296.3142
REGION1,RNWWND,2041,296.3142
REGION1,RNWWND,2042,296.3142
REGION1,RNWWND,2043,287.1023
REGION1,RNWWND,2044,287.1023
REGION1,RNWWND,2045,286.1446
REGION1,RNWWND,2046,286.1446
REGION1,RNWWND,2047,286.1446
REGION1,RNWWND,2048,286.1446
REGION1,RNWWND,2049,286.1446
REGION1,RNWWND,2050,286.1446
