r,t,y,TotalCapacityAnnual
REGION1,DEMAGRDSL,2020,15.0303
REGION1,DEMAGRDSL,2021,15.7758
REGION1,DEMAGRDSL,2022,16.4313
REGION1,DEMAGRDSL,2023,16.8202
REGION1,DEMAGRDSL,2024,17.7717
REGION1,DEMAGRDSL,2025,18.3242
REGION1,DEMAGRDSL,2026,17.5909
REGION1,DEMAGRDSL,2027,16.8576
REGION1,DEMAGRDSL,2028,16.1253
REGION1,DEMAGRDSL,2029,15.3919
REGION1,DEMAGRDSL,2030,14.6596
REGION1,DEMAGRDSL,2031,13.9263
REGION1,DEMAGRDSL,2032,13.1929
REGION1,DEMAGRDSL,2033,12.4606
REGION1,DEMAGRDSL,2034,11.7273
REGION1,DEMAGRDSL,2035,10.9949
REGION1,DEMAGRDSL,2036,10.2616
REGION1,DEMAGRDSL,2037,9.5293
REGION1,DEMAGRDSL,2038,8.796
REGION1,DEMAGRDSL,2039,8.0626
REGION1,DEMAGRDSL,2040,7.3303
REGION1,DEMAGRDSL,2041,6.597
REGION1,DEMAGRDSL,2042,5.8646
REGION1,DEMAGRDSL,2043,5.1313
REGION1,DEMAGRDSL,2044,4.398
REGION1,DEMAGRDSL,2045,3.6657
REGION1,DEMAGRDSL,2046,2.9323
REGION1,DEMAGRDSL,2047,2.2
REGION1,DEMAGRDSL,2048,1.4667
REGION1,DEMAGRDSL,2049,0.7343
REGION1,DEMAGRELCB02,2026,1.9933
REGION1,DEMAGRELCB02,2027,3.9867
REGION1,DEMAGRELCB02,2028,5.9656
REGION1,DEMAGRELCB02,2029,7.9589
REGION1,DEMAGRELCB02,2030,9.9522
REGION1,DEMAGRELCB02,2031,11.9456
REGION1,DEMAGRELCB02,2032,13.9389
REGION1,DEMAGRELCB02,2033,15.9178
REGION1,DEMAGRELCB02,2034,17.9111
REGION1,DEMAGRELCB02,2035,19.9044
REGION1,DEMAGRELCB02,2036,21.8978
REGION1,DEMAGRELCB02,2037,23.8767
REGION1,DEMAGRELCB02,2038,25.87
REGION1,DEMAGRELCB02,2039,27.8633
REGION1,DEMAGRELCB02,2040,29.8567
REGION1,DEMAGRELCB02,2041,31.85
REGION1,DEMAGRELCB02,2042,33.8289
REGION1,DEMAGRELCB02,2043,35.8222
REGION1,DEMAGRELCB02,2044,37.8156
REGION1,DEMAGRELCB02,2045,39.8089
REGION1,DEMAGRELCB02,2046,41.8022
REGION1,DEMAGRELCB02,2047,43.7811
REGION1,DEMAGRELCB02,2048,45.7744
REGION1,DEMAGRELCB02,2049,47.7678
REGION1,DEMAGRELCB02,2050,49.7568
REGION1,DEMAGRSURBC1,2020,0.36
REGION1,DEMAGRSURBC1,2021,0.4289
REGION1,DEMAGRSURBC1,2022,0.4272
REGION1,DEMAGRSURBC1,2023,0.4262
REGION1,DEMAGRSURBC1,2024,0.428
REGION1,DEMAGRSURBC1,2025,0.4536
REGION1,DEMAGRSURBC1,2026,0.4874
REGION1,DEMAGRSURBC1,2027,0.5723
REGION1,DEMAGRSURBC1,2028,0.6101
REGION1,DEMAGRSURBC1,2029,0.6421
REGION1,DEMAGRSURBC1,2030,0.6787
REGION1,DEMAGRSURBC1,2031,0.7145
REGION1,DEMAGRSURBC1,2032,0.7415
REGION1,DEMAGRSURBC1,2033,0.7758
REGION1,DEMAGRSURBC1,2034,0.8091
REGION1,DEMAGRSURBC1,2035,1.7229
REGION1,DEMAGRSURBC1,2036,1.8128
REGION1,DEMAGRSURBC1,2037,1.8505
REGION1,DEMAGRSURBC1,2038,1.8873
REGION1,DEMAGRSURBC1,2039,1.9234
REGION1,DEMAGRSURBC1,2040,1.9308
REGION1,DEMAGRSURBC1,2041,1.94
REGION1,DEMAGRSURBC1,2042,1.9481
REGION1,DEMAGRSURBC1,2043,1.9574
REGION1,DEMAGRSURBC1,2044,1.9656
REGION1,DEMAGRSURBC1,2045,1.9743
REGION1,DEMAGRSURBC1,2046,1.9824
REGION1,DEMAGRSURBC1,2047,1.9906
REGION1,DEMAGRSURBC1,2048,1.9994
REGION1,DEMAGRSURBC1,2049,2.0084
REGION1,DEMAGRSURBC1,2050,2.0166
REGION1,DEMCOMELCB02,2020,82.3333
REGION1,DEMCOMELCB02,2021,84.1967
REGION1,DEMCOMELCB02,2022,85.7422
REGION1,DEMCOMELCB02,2023,87.0133
REGION1,DEMCOMELCB02,2024,88.0533
REGION1,DEMCOMELCB02,2025,89.1078
REGION1,DEMCOMELCB02,2026,92.3867
REGION1,DEMCOMELCB02,2027,95.16
REGION1,DEMCOMELCB02,2028,97.9333
REGION1,DEMCOMELCB02,2029,100.7067
REGION1,DEMCOMELCB02,2030,103.4656
REGION1,DEMCOMELCB02,2031,106.2389
REGION1,DEMCOMELCB02,2032,108.9978
REGION1,DEMCOMELCB02,2033,111.7567
REGION1,DEMCOMELCB02,2034,114.53
REGION1,DEMCOMELCB02,2035,117.2889
REGION1,DEMCOMELCB02,2036,120.0478
REGION1,DEMCOMELCB02,2037,122.7922
REGION1,DEMCOMELCB02,2038,125.5511
REGION1,DEMCOMELCB02,2039,128.2956
REGION1,DEMCOMELCB02,2040,131.0689
REGION1,DEMCOMELCB02,2041,133.6833
REGION1,DEMCOMELCB02,2042,136.4422
REGION1,DEMCOMELCB02,2043,139.1867
REGION1,DEMCOMELCB02,2044,141.9311
REGION1,DEMCOMELCB02,2045,144.6756
REGION1,DEMCOMELCB02,2046,147.4344
REGION1,DEMCOMELCB02,2047,150.1789
REGION1,DEMCOMELCB02,2048,152.9233
REGION1,DEMCOMELCB02,2049,155.6822
REGION1,DEMCOMELCB02,2050,156.6933
REGION1,DEMCOMKER,2020,10.6768
REGION1,DEMCOMKER,2021,10.9091
REGION1,DEMCOMKER,2022,11.1111
REGION1,DEMCOMKER,2023,11.2828
REGION1,DEMCOMKER,2024,11.4444
REGION1,DEMCOMKER,2025,11.596
REGION1,DEMCOMKER,2026,11.1313
REGION1,DEMCOMKER,2027,10.6667
REGION1,DEMCOMKER,2028,10.202
REGION1,DEMCOMKER,2029,9.7374
REGION1,DEMCOMKER,2030,9.2727
REGION1,DEMCOMKER,2031,8.8182
REGION1,DEMCOMKER,2032,8.3535
REGION1,DEMCOMKER,2033,7.8889
REGION1,DEMCOMKER,2034,7.4242
REGION1,DEMCOMKER,2035,6.9596
REGION1,DEMCOMKER,2036,6.4949
REGION1,DEMCOMKER,2037,6.0303
REGION1,DEMCOMKER,2038,5.5657
REGION1,DEMCOMKER,2039,5.101
REGION1,DEMCOMKER,2040,4.6364
REGION1,DEMCOMKER,2041,4.1717
REGION1,DEMCOMKER,2042,3.7071
REGION1,DEMCOMKER,2043,3.2525
REGION1,DEMCOMKER,2044,2.7879
REGION1,DEMCOMKER,2045,2.3232
REGION1,DEMCOMKER,2046,1.8586
REGION1,DEMCOMKER,2047,1.3939
REGION1,DEMCOMKER,2048,0.9293
REGION1,DEMCOMKER,2049,0.4646
REGION1,DEMCOMNGS,2020,84.899
REGION1,DEMCOMNGS,2021,84.9495
REGION1,DEMCOMNGS,2022,84.8889
REGION1,DEMCOMNGS,2023,90.8514
REGION1,DEMCOMNGS,2024,85.4848
REGION1,DEMCOMNGS,2025,86.5253
REGION1,DEMCOMNGS,2026,83.0606
REGION1,DEMCOMNGS,2027,79.6061
REGION1,DEMCOMNGS,2028,76.1414
REGION1,DEMCOMNGS,2029,72.6768
REGION1,DEMCOMNGS,2030,69.2222
REGION1,DEMCOMNGS,2031,65.7576
REGION1,DEMCOMNGS,2032,62.303
REGION1,DEMCOMNGS,2033,58.8384
REGION1,DEMCOMNGS,2034,55.3737
REGION1,DEMCOMNGS,2035,51.9192
REGION1,DEMCOMNGS,2036,48.4545
REGION1,DEMCOMNGS,2037,44.9899
REGION1,DEMCOMNGS,2038,41.5354
REGION1,DEMCOMNGS,2039,38.0707
REGION1,DEMCOMNGS,2040,34.6061
REGION1,DEMCOMNGS,2041,31.1515
REGION1,DEMCOMNGS,2042,27.6869
REGION1,DEMCOMNGS,2043,24.2222
REGION1,DEMCOMNGS,2044,20.7677
REGION1,DEMCOMNGS,2045,17.303
REGION1,DEMCOMNGS,2046,13.8485
REGION1,DEMCOMNGS,2047,10.3838
REGION1,DEMCOMNGS,2048,6.9192
REGION1,DEMCOMNGS,2049,3.8111
REGION1,DEMINDDSL,2020,109.5556
REGION1,DEMINDDSL,2021,109.2222
REGION1,DEMINDDSL,2022,108.4646
REGION1,DEMINDDSL,2023,108.0303
REGION1,DEMINDDSL,2024,108.4141
REGION1,DEMINDDSL,2025,109.2424
REGION1,DEMINDDSL,2026,110.5556
REGION1,DEMINDDSL,2027,111.7475
REGION1,DEMINDDSL,2028,112.3939
REGION1,DEMINDDSL,2029,112.4141
REGION1,DEMINDDSL,2030,112.505
REGION1,DEMINDDSL,2031,106.8788
REGION1,DEMINDDSL,2032,101.2525
REGION1,DEMINDDSL,2033,95.6263
REGION1,DEMINDDSL,2034,90.0
REGION1,DEMINDDSL,2035,84.3838
REGION1,DEMINDDSL,2036,78.7576
REGION1,DEMINDDSL,2037,73.1313
REGION1,DEMINDDSL,2038,67.5051
REGION1,DEMINDDSL,2039,61.8788
REGION1,DEMINDDSL,2040,56.2525
REGION1,DEMINDDSL,2041,50.6263
REGION1,DEMINDDSL,2042,45.0
REGION1,DEMINDDSL,2043,39.3737
REGION1,DEMINDDSL,2044,33.7475
REGION1,DEMINDDSL,2045,28.1313
REGION1,DEMINDDSL,2046,22.5051
REGION1,DEMINDDSL,2047,16.8788
REGION1,DEMINDDSL,2048,11.2525
REGION1,DEMINDDSL,2049,5.6263
REGION1,DEMINDELCB02,2020,377.26
REGION1,DEMINDELCB02,2021,378.5744
REGION1,DEMINDELCB02,2022,379.73
REGION1,DEMINDELCB02,2023,381.5933
REGION1,DEMINDELCB02,2024,400.8622
REGION1,DEMINDELCB02,2025,403.1878
REGION1,DEMINDELCB02,2026,407.81
REGION1,DEMINDELCB02,2027,407.6078
REGION1,DEMINDELCB02,2028,406.7411
REGION1,DEMINDELCB02,2029,404.9933
REGION1,DEMINDELCB02,2030,405.4989
REGION1,DEMINDELCB02,2031,452.6456
REGION1,DEMINDELCB02,2032,499.5756
REGION1,DEMINDELCB02,2033,546.3033
REGION1,DEMINDELCB02,2034,592.7133
REGION1,DEMINDELCB02,2035,639.4267
REGION1,DEMINDELCB02,2036,686.0967
REGION1,DEMINDELCB02,2037,732.7811
REGION1,DEMINDELCB02,2038,779.5378
REGION1,DEMINDELCB02,2039,826.3956
REGION1,DEMINDELCB02,2040,873.3256
REGION1,DEMINDELCB02,2041,921.18
REGION1,DEMINDELCB02,2042,968.1822
REGION1,DEMINDELCB02,2043,1015.17
REGION1,DEMINDELCB02,2044,1062.1722
REGION1,DEMINDELCB02,2045,1109.16
REGION1,DEMINDELCB02,2046,1156.1622
REGION1,DEMINDELCB02,2047,1203.1644
REGION1,DEMINDELCB02,2048,1250.1522
REGION1,DEMINDELCB02,2049,1297.1544
REGION1,DEMINDELCB02,2050,1145.5167
REGION1,DEMINDNGS,2020,227.1313
REGION1,DEMINDNGS,2021,221.5354
REGION1,DEMINDNGS,2022,216.0808
REGION1,DEMINDNGS,2023,213.7677
REGION1,DEMINDNGS,2024,229.7697
REGION1,DEMINDNGS,2025,245.2828
REGION1,DEMINDNGS,2026,277.9091
REGION1,DEMINDNGS,2027,286.0303
REGION1,DEMINDNGS,2028,287.4848
REGION1,DEMINDNGS,2029,289.4546
REGION1,DEMINDNGS,2030,307.7778
REGION1,DEMINDNGS,2031,292.3939
REGION1,DEMINDNGS,2032,277.0
REGION1,DEMINDNGS,2033,261.6162
REGION1,DEMINDNGS,2034,246.2222
REGION1,DEMINDNGS,2035,230.8384
REGION1,DEMINDNGS,2036,215.4444
REGION1,DEMINDNGS,2037,200.0606
REGION1,DEMINDNGS,2038,184.6667
REGION1,DEMINDNGS,2039,169.2828
REGION1,DEMINDNGS,2040,153.8889
REGION1,DEMINDNGS,2041,138.505
REGION1,DEMINDNGS,2042,123.1111
REGION1,DEMINDNGS,2043,107.7273
REGION1,DEMINDNGS,2044,92.3333
REGION1,DEMINDNGS,2045,76.9495
REGION1,DEMINDNGS,2046,61.5556
REGION1,DEMINDNGS,2047,46.1717
REGION1,DEMINDNGS,2048,30.7778
REGION1,DEMINDNGS,2049,16.9333
REGION1,DEMPUBSURBC1,2020,0.8586
REGION1,DEMPUBSURBC1,2021,0.8687
REGION1,DEMPUBSURBC1,2022,0.8687
REGION1,DEMPUBSURBC1,2023,0.8788
REGION1,DEMPUBSURBC1,2024,0.8889
REGION1,DEMPUBSURBC1,2025,0.899
REGION1,DEMPUBSURBC1,2026,0.9091
REGION1,DEMPUBSURBC1,2027,0.9192
REGION1,DEMPUBSURBC1,2028,0.9293
REGION1,DEMPUBSURBC1,2029,0.9394
REGION1,DEMPUBSURBC1,2030,0.9495
REGION1,DEMPUBSURBC1,2031,0.9596
REGION1,DEMPUBSURBC1,2032,0.9697
REGION1,DEMPUBSURBC1,2033,0.9899
REGION1,DEMPUBSURBC1,2034,1.0
REGION1,DEMPUBSURBC1,2035,1.0101
REGION1,DEMPUBSURBC1,2036,1.0202
REGION1,DEMPUBSURBC1,2037,1.0303
REGION1,DEMPUBSURBC1,2038,1.0404
REGION1,DEMPUBSURBC1,2039,1.0505
REGION1,DEMPUBSURBC1,2040,1.0606
REGION1,DEMPUBSURBC1,2041,1.0707
REGION1,DEMPUBSURBC1,2042,1.0909
REGION1,DEMPUBSURBC1,2043,1.101
REGION1,DEMPUBSURBC1,2044,1.1111
REGION1,DEMPUBSURBC1,2045,1.1212
REGION1,DEMPUBSURBC1,2046,1.1313
REGION1,DEMPUBSURBC1,2047,1.1515
REGION1,DEMPUBSURBC1,2048,1.1616
REGION1,DEMPUBSURBC1,2049,1.1717
REGION1,DEMPUBSURBC1,2050,1.1818
REGION1,DEMPWRBIO,2020,37.2722
REGION1,DEMPWRBIO,2021,37.2722
REGION1,DEMPWRBIO,2022,37.2722
REGION1,DEMPWRBIO,2023,37.2722
REGION1,DEMPWRBIO,2024,37.2722
REGION1,DEMPWRBIO,2025,37.2722
REGION1,DEMPWRGEO,2025,549.0008
REGION1,DEMPWRGEO,2026,549.0008
REGION1,DEMPWRGEO,2027,549.0008
REGION1,DEMPWRGEO,2028,549.0008
REGION1,DEMPWRGEO,2029,549.0008
REGION1,DEMPWRGEO,2030,549.0008
REGION1,DEMPWRGEO,2031,549.0008
REGION1,DEMPWRGEO,2032,549.0008
REGION1,DEMPWRGEO,2033,549.0008
REGION1,DEMPWRGEO,2034,631.0354
REGION1,DEMPWRGEO,2035,824.5744
REGION1,DEMPWRGEO,2036,1177.9327
REGION1,DEMPWRGEO,2037,1177.9327
REGION1,DEMPWRGEO,2038,1177.9327
REGION1,DEMPWRGEO,2039,1177.9327
REGION1,DEMPWRGEO,2040,1177.9327
REGION1,DEMPWRGEO,2041,1177.9327
REGION1,DEMPWRGEO,2042,1177.9327
REGION1,DEMPWRGEO,2043,1177.9327
REGION1,DEMPWRGEO,2044,1177.9327
REGION1,DEMPWRGEO,2045,1177.9327
REGION1,DEMPWRGEO,2046,1177.9327
REGION1,DEMPWRGEO,2047,1177.9327
REGION1,DEMPWRGEO,2048,1177.9327
REGION1,DEMPWRGEO,2049,1177.9327
REGION1,DEMPWRGEO,2050,1177.9327
REGION1,DEMPWRHYD,2020,423.8123
REGION1,DEMPWRHYD,2021,423.8123
REGION1,DEMPWRHYD,2022,423.8123
REGION1,DEMPWRHYD,2023,423.8123
REGION1,DEMPWRHYD,2024,423.8123
REGION1,DEMPWRHYD,2025,467.1743
REGION1,DEMPWRHYD,2026,493.6013
REGION1,DEMPWRHYD,2027,501.9332
REGION1,DEMPWRHYD,2028,508.9853
REGION1,DEMPWRHYD,2029,515.5844
REGION1,DEMPWRHYD,2030,523.2113
REGION1,DEMPWRHYD,2031,552.6707
REGION1,DEMPWRHYD,2032,582.0354
REGION1,DEMPWRHYD,2033,611.2378
REGION1,DEMPWRHYD,2034,616.3364
REGION1,DEMPWRHYD,2035,616.3364
REGION1,DEMPWRHYD,2036,616.3364
REGION1,DEMPWRHYD,2037,616.3364
REGION1,DEMPWRHYD,2038,686.6112
REGION1,DEMPWRHYD,2039,784.6521
REGION1,DEMPWRHYD,2040,833.3025
REGION1,DEMPWRHYD,2041,882.2616
REGION1,DEMPWRHYD,2042,931.576
REGION1,DEMPWRHYD,2043,948.6034
REGION1,DEMPWRHYD,2044,896.8523
REGION1,DEMPWRHYD,2045,896.8523
REGION1,DEMPWRHYD,2046,896.8523
REGION1,DEMPWRHYD,2047,896.8523
REGION1,DEMPWRHYD,2048,896.8523
REGION1,DEMPWRHYD,2049,896.8523
REGION1,DEMPWRHYD,2050,971.5642
REGION1,DEMPWRNGS,2020,464.1874
REGION1,DEMPWRNGS,2021,482.5424
REGION1,DEMPWRNGS,2022,499.4688
REGION1,DEMPWRNGS,2023,518.8627
REGION1,DEMPWRNGS,2024,509.642
REGION1,DEMPWRNGS,2025,214.3086
REGION1,DEMPWRNGS,2026,1.6934
REGION1,DEMPWRNGS,2034,7.1277
REGION1,DEMPWRNGS,2035,52.3876
REGION1,DEMPWRNGS,2036,93.2826
REGION1,DEMPWRNGS,2037,136.662
REGION1,DEMPWRNGS,2038,86.6773
REGION1,DEMPWRNGS,2039,2.4105
REGION1,DEMPWRNGS,2043,62.0109
REGION1,DEMPWRNGS,2044,266.6428
REGION1,DEMPWRNGS,2045,396.3406
REGION1,DEMPWRNGS,2046,525.8076
REGION1,DEMPWRNGS,2047,655.215
REGION1,DEMPWRNGS,2048,784.6224
REGION1,DEMPWRNGS,2049,914.0894
REGION1,DEMPWRSOL,2020,0.0403
REGION1,DEMPWRSOL,2021,0.0403
REGION1,DEMPWRSOL,2022,0.0403
REGION1,DEMPWRSOL,2023,0.0403
REGION1,DEMPWRSOL,2024,0.0403
REGION1,DEMPWRSOL,2025,0.0403
REGION1,DEMPWRSOL,2026,1000.3497
REGION1,DEMPWRSOL,2027,1000.3497
REGION1,DEMPWRSOL,2028,1000.3497
REGION1,DEMPWRSOL,2029,1000.3497
REGION1,DEMPWRSOL,2030,1000.3497
REGION1,DEMPWRSOL,2031,1000.3497
REGION1,DEMPWRSOL,2032,1000.3497
REGION1,DEMPWRSOL,2033,1000.3497
REGION1,DEMPWRSOL,2034,1000.3497
REGION1,DEMPWRSOL,2035,1000.3497
REGION1,DEMPWRSOL,2036,1006.1529
REGION1,DEMPWRSOL,2037,1354.5954
REGION1,DEMPWRSOL,2038,1566.0847
REGION1,DEMPWRSOL,2039,1717.6769
REGION1,DEMPWRSOL,2040,1856.2238
REGION1,DEMPWRSOL,2041,1996.8559
REGION1,DEMPWRSOL,2042,2111.1988
REGION1,DEMPWRSOL,2043,2111.1988
REGION1,DEMPWRSOL,2044,2224.7408
REGION1,DEMPWRSOL,2045,2364.4483
REGION1,DEMPWRSOL,2046,2503.5406
REGION1,DEMPWRSOL,2047,2642.5687
REGION1,DEMPWRSOL,2048,2781.5969
REGION1,DEMPWRSOL,2049,2920.6892
REGION1,DEMPWRSOL,2050,3355.1522
REGION1,DEMPWRSURBC1,2020,4.2832
REGION1,DEMPWRSURBC1,2021,4.4375
REGION1,DEMPWRSURBC1,2022,4.5798
REGION1,DEMPWRSURBC1,2023,4.7429
REGION1,DEMPWRSURBC1,2024,5.7817
REGION1,DEMPWRSURBC1,2025,3.4716
REGION1,DEMPWRSURBC1,2026,1.3875
REGION1,DEMPWRSURBC1,2027,1.8723
REGION1,DEMPWRSURBC1,2028,2.3476
REGION1,DEMPWRSURBC1,2029,2.7924
REGION1,DEMPWRSURBC1,2030,3.3064
REGION1,DEMPWRSURBC1,2031,5.292
REGION1,DEMPWRSURBC1,2032,7.2712
REGION1,DEMPWRSURBC1,2033,9.2394
REGION1,DEMPWRSURBC1,2034,11.2732
REGION1,DEMPWRSURBC1,2035,12.6207
REGION1,DEMPWRSURBC1,2036,13.0757
REGION1,DEMPWRSURBC1,2037,13.4404
REGION1,DEMPWRSURBC1,2038,13.0202
REGION1,DEMPWRSURBC1,2039,12.3117
REGION1,DEMPWRSURBC1,2040,12.2915
REGION1,DEMPWRSURBC1,2041,12.2915
REGION1,DEMPWRSURBC1,2042,12.2915
REGION1,DEMPWRSURBC1,2043,12.8128
REGION1,DEMPWRSURBC1,2044,14.5332
REGION1,DEMPWRSURBC1,2045,15.6237
REGION1,DEMPWRSURBC1,2046,16.7122
REGION1,DEMPWRSURBC1,2047,17.8001
REGION1,DEMPWRSURBC1,2048,18.8881
REGION1,DEMPWRSURBC1,2049,19.9766
REGION1,DEMPWRSURBC1,2050,12.2915
REGION1,DEMPWRURN,2024,88.6002
REGION1,DEMPWRURN,2025,88.6002
REGION1,DEMPWRURN,2026,95.269
REGION1,DEMPWRURN,2027,134.8762
REGION1,DEMPWRURN,2028,172.5996
REGION1,DEMPWRURN,2029,207.8997
REGION1,DEMPWRURN,2030,248.6973
REGION1,DEMPWRURN,2031,406.2819
REGION1,DEMPWRURN,2032,563.3601
REGION1,DEMPWRURN,2033,719.5702
REGION1,DEMPWRURN,2034,874.1744
REGION1,DEMPWRURN,2035,946.08
REGION1,DEMPWRURN,2036,946.08
REGION1,DEMPWRURN,2037,946.08
REGION1,DEMPWRURN,2038,946.08
REGION1,DEMPWRURN,2039,946.08
REGION1,DEMPWRURN,2040,946.08
REGION1,DEMPWRURN,2041,946.08
REGION1,DEMPWRURN,2042,946.08
REGION1,DEMPWRURN,2043,946.08
REGION1,DEMPWRURN,2044,946.08
REGION1,DEMPWRURN,2045,946.08
REGION1,DEMPWRURN,2046,946.08
REGION1,DEMPWRURN,2047,946.08
REGION1,DEMPWRURN,2048,946.08
REGION1,DEMPWRURN,2049,946.08
REGION1,DEMPWRURN,2050,946.08
REGION1,DEMPWRWND,2020,314.8577
REGION1,DEMPWRWND,2021,314.8577
REGION1,DEMPWRWND,2022,314.8577
REGION1,DEMPWRWND,2023,314.8577
REGION1,DEMPWRWND,2024,314.8577
REGION1,DEMPWRWND,2025,314.8577
REGION1,DEMPWRWND,2026,314.8577
REGION1,DEMPWRWND,2027,314.8577
REGION1,DEMPWRWND,2028,314.8577
REGION1,DEMPWRWND,2029,314.8577
REGION1,DEMPWRWND,2030,314.8577
REGION1,DEMPWRWND,2031,314.8577
REGION1,DEMPWRWND,2032,314.8577
REGION1,DEMPWRWND,2033,314.8577
REGION1,DEMPWRWND,2034,314.8577
REGION1,DEMPWRWND,2035,312.4214
REGION1,DEMPWRWND,2036,312.4214
REGION1,DEMPWRWND,2037,307.849
REGION1,DEMPWRWND,2038,301.88
REGION1,DEMPWRWND,2039,296.3142
REGION1,DEMPWRWND,2040,296.3142
REGION1,DEMPWRWND,2041,296.3142
REGION1,DEMPWRWND,2042,334.4988
REGION1,DEMPWRWND,2043,550.3334
REGION1,DEMPWRWND,2044,589.7552
REGION1,DEMPWRWND,2045,588.7974
REGION1,DEMPWRWND,2046,588.7974
REGION1,DEMPWRWND,2047,588.7974
REGION1,DEMPWRWND,2048,588.7974
REGION1,DEMPWRWND,2049,588.7974
REGION1,DEMPWRWND,2050,891.4503
REGION1,DEMRESELCB02,2020,107.5678
REGION1,DEMRESELCB02,2021,109.9656
REGION1,DEMRESELCB02,2022,112.2478
REGION1,DEMRESELCB02,2023,114.7756
REGION1,DEMRESELCB02,2024,117.1011
REGION1,DEMRESELCB02,2025,119.4267
REGION1,DEMRESELCB02,2026,142.2344
REGION1,DEMRESELCB02,2027,144.3722
REGION1,DEMRESELCB02,2028,146.5389
REGION1,DEMRESELCB02,2029,148.6622
REGION1,DEMRESELCB02,2030,150.7278
REGION1,DEMRESELCB02,2031,152.7933
REGION1,DEMRESELCB02,2032,154.8444
REGION1,DEMRESELCB02,2033,156.8522
REGION1,DEMRESELCB02,2034,158.86
REGION1,DEMRESELCB02,2035,160.8389
REGION1,DEMRESELCB02,2036,162.76
REGION1,DEMRESELCB02,2037,164.6378
REGION1,DEMRESELCB02,2038,166.5011
REGION1,DEMRESELCB02,2039,168.3067
REGION1,DEMRESELCB02,2040,170.1267
REGION1,DEMRESELCB02,2041,171.8889
REGION1,DEMRESELCB02,2042,173.8533
REGION1,DEMRESELCB02,2043,175.8178
REGION1,DEMRESELCB02,2044,177.7822
REGION1,DEMRESELCB02,2045,179.7467
REGION1,DEMRESELCB02,2046,181.7111
REGION1,DEMRESELCB02,2047,183.6756
REGION1,DEMRESELCB02,2048,185.64
REGION1,DEMRESELCB02,2049,187.6044
REGION1,DEMRESELCB02,2050,189.5833
REGION1,DEMRESKER,2020,0.8485
REGION1,DEMRESKER,2021,0.8586
REGION1,DEMRESKER,2022,0.8687
REGION1,DEMRESKER,2023,0.8788
REGION1,DEMRESKER,2024,0.8788
REGION1,DEMRESKER,2025,0.8788
REGION1,DEMRESKER,2026,0.8889
REGION1,DEMRESKER,2027,0.8889
REGION1,DEMRESKER,2028,0.8889
REGION1,DEMRESKER,2029,0.8889
REGION1,DEMRESKER,2030,0.8889
REGION1,DEMRESKER,2031,0.8889
REGION1,DEMRESKER,2032,0.8889
REGION1,DEMRESKER,2033,0.8889
REGION1,DEMRESKER,2034,0.8889
REGION1,DEMRESKER,2035,0.8889
REGION1,DEMRESKER,2036,0.8889
REGION1,DEMRESKER,2037,0.8788
REGION1,DEMRESKER,2038,0.8788
REGION1,DEMRESKER,2039,0.8788
REGION1,DEMRESKER,2040,0.8687
REGION1,DEMRESNGS,2020,84.0202
REGION1,DEMRESNGS,2021,86.8032
REGION1,DEMRESNGS,2022,89.4009
REGION1,DEMRESNGS,2023,86.9394
REGION1,DEMRESNGS,2024,88.5354
REGION1,DEMRESNGS,2025,89.9697
REGION1,DEMRESNGS,2026,86.3737
REGION1,DEMRESNGS,2027,82.7677
REGION1,DEMRESNGS,2028,79.1717
REGION1,DEMRESNGS,2029,75.5758
REGION1,DEMRESNGS,2030,71.9798
REGION1,DEMRESNGS,2031,68.3737
REGION1,DEMRESNGS,2032,64.7778
REGION1,DEMRESNGS,2033,61.1818
REGION1,DEMRESNGS,2034,57.5758
REGION1,DEMRESNGS,2035,53.9798
REGION1,DEMRESNGS,2036,50.3838
REGION1,DEMRESNGS,2037,46.7879
REGION1,DEMRESNGS,2038,43.1818
REGION1,DEMRESNGS,2039,39.5859
REGION1,DEMRESNGS,2040,35.9899
REGION1,DEMRESNGS,2041,32.3939
REGION1,DEMRESNGS,2042,28.7879
REGION1,DEMRESNGS,2043,25.1919
REGION1,DEMRESNGS,2044,21.596
REGION1,DEMRESNGS,2045,17.9899
REGION1,DEMRESNGS,2046,14.3939
REGION1,DEMRESNGS,2047,10.798
REGION1,DEMRESNGS,2048,7.202
REGION1,DEMRESNGS,2049,3.9556
REGION1,DEMTRADSL,2020,99.8081
REGION1,DEMTRADSL,2021,98.5657
REGION1,DEMTRADSL,2022,97.0303
REGION1,DEMTRADSL,2023,95.7475
REGION1,DEMTRADSL,2024,94.798
REGION1,DEMTRADSL,2025,94.3535
REGION1,DEMTRADSL,2026,90.5758
REGION1,DEMTRADSL,2027,86.8081
REGION1,DEMTRADSL,2028,83.0303
REGION1,DEMTRADSL,2029,79.2525
REGION1,DEMTRADSL,2030,75.4848
REGION1,DEMTRADSL,2031,71.7071
REGION1,DEMTRADSL,2032,67.9394
REGION1,DEMTRADSL,2033,64.1616
REGION1,DEMTRADSL,2034,60.3838
REGION1,DEMTRADSL,2035,56.6162
REGION1,DEMTRADSL,2036,52.8384
REGION1,DEMTRADSL,2037,49.0606
REGION1,DEMTRADSL,2038,45.2929
REGION1,DEMTRADSL,2039,41.5152
REGION1,DEMTRADSL,2040,37.7374
REGION1,DEMTRADSL,2041,33.9697
REGION1,DEMTRADSL,2042,30.1919
REGION1,DEMTRADSL,2043,26.4141
REGION1,DEMTRADSL,2044,22.6465
REGION1,DEMTRADSL,2045,18.8687
REGION1,DEMTRADSL,2046,15.101
REGION1,DEMTRADSL,2047,11.3232
REGION1,DEMTRADSL,2048,7.5455
REGION1,DEMTRADSL,2049,3.7778
REGION1,DEMTRAELCB02,2020,1.7911
REGION1,DEMTRAELCB02,2021,2.34
REGION1,DEMTRAELCB02,2022,3.0044
REGION1,DEMTRAELCB02,2023,3.8133
REGION1,DEMTRAELCB02,2024,4.7089
REGION1,DEMTRAELCB02,2025,5.8644
REGION1,DEMTRAELCB02,2026,46.3811
REGION1,DEMTRAELCB02,2027,55.4233
REGION1,DEMTRAELCB02,2028,64.4367
REGION1,DEMTRAELCB02,2029,73.3922
REGION1,DEMTRAELCB02,2030,82.3622
REGION1,DEMTRAELCB02,2031,91.3178
REGION1,DEMTRAELCB02,2032,100.3167
REGION1,DEMTRAELCB02,2033,109.2289
REGION1,DEMTRAELCB02,2034,118.0978
REGION1,DEMTRAELCB02,2035,126.9522
REGION1,DEMTRAELCB02,2036,135.7922
REGION1,DEMTRAELCB02,2037,144.6467
REGION1,DEMTRAELCB02,2038,153.4867
REGION1,DEMTRAELCB02,2039,162.3411
REGION1,DEMTRAELCB02,2040,171.21
REGION1,DEMTRAELCB02,2041,180.31
REGION1,DEMTRAELCB02,2042,189.2222
REGION1,DEMTRAELCB02,2043,198.1344
REGION1,DEMTRAELCB02,2044,207.0467
REGION1,DEMTRAELCB02,2045,215.9444
REGION1,DEMTRAELCB02,2046,224.8567
REGION1,DEMTRAELCB02,2047,233.7689
REGION1,DEMTRAELCB02,2048,242.6811
REGION1,DEMTRAELCB02,2049,251.5933
REGION1,DEMTRAELCB02,2050,237.0478
REGION1,DEMTRAGSL,2020,155.1313
REGION1,DEMTRAGSL,2021,152.4141
REGION1,DEMTRAGSL,2022,149.697
REGION1,DEMTRAGSL,2023,146.8283
REGION1,DEMTRAGSL,2024,144.1717
REGION1,DEMTRAGSL,2025,141.6768
REGION1,DEMTRAGSL,2026,136.0101
REGION1,DEMTRAGSL,2027,130.3434
REGION1,DEMTRAGSL,2028,124.6768
REGION1,DEMTRAGSL,2029,119.0101
REGION1,DEMTRAGSL,2030,113.3434
REGION1,DEMTRAGSL,2031,107.6768
REGION1,DEMTRAGSL,2032,102.0101
REGION1,DEMTRAGSL,2033,96.3434
REGION1,DEMTRAGSL,2034,90.6768
REGION1,DEMTRAGSL,2035,85.0101
REGION1,DEMTRAGSL,2036,79.3434
REGION1,DEMTRAGSL,2037,73.6768
REGION1,DEMTRAGSL,2038,68.0
REGION1,DEMTRAGSL,2039,62.3333
REGION1,DEMTRAGSL,2040,56.6667
REGION1,DEMTRAGSL,2041,51.0
REGION1,DEMTRAGSL,2042,45.3333
REGION1,DEMTRAGSL,2043,39.6667
REGION1,DEMTRAGSL,2044,34.0
REGION1,DEMTRAGSL,2045,28.3333
REGION1,DEMTRAGSL,2046,22.6667
REGION1,DEMTRAGSL,2047,17.0
REGION1,DEMTRAGSL,2048,11.3333
REGION1,DEMTRAGSL,2049,5.6667
REGION1,DEMTRAHFO,2020,10.798
REGION1,DEMTRAHFO,2021,10.5556
REGION1,DEMTRAHFO,2022,10.303
REGION1,DEMTRAHFO,2023,10.0606
REGION1,DEMTRAHFO,2024,9.8485
REGION1,DEMTRAHFO,2025,9.6869
REGION1,DEMTRAHFO,2026,9.5455
REGION1,DEMTRAHFO,2027,9.4242
REGION1,DEMTRAHFO,2028,9.2929
REGION1,DEMTRAHFO,2029,9.1515
REGION1,DEMTRAHFO,2030,9.0202
REGION1,DEMTRAHFO,2031,8.5657
REGION1,DEMTRAHFO,2032,8.1212
REGION1,DEMTRAHFO,2033,7.6667
REGION1,DEMTRAHFO,2034,7.2121
REGION1,DEMTRAHFO,2035,6.7677
REGION1,DEMTRAHFO,2036,6.3131
REGION1,DEMTRAHFO,2037,5.8586
REGION1,DEMTRAHFO,2038,5.4141
REGION1,DEMTRAHFO,2039,4.9596
REGION1,DEMTRAHFO,2040,4.5152
REGION1,DEMTRAHFO,2041,4.0606
REGION1,DEMTRAHFO,2042,3.6061
REGION1,DEMTRAHFO,2043,3.1616
REGION1,DEMTRAHFO,2044,2.7071
REGION1,DEMTRAHFO,2045,2.2525
REGION1,DEMTRAHFO,2046,1.8081
REGION1,DEMTRAHFO,2047,1.3535
REGION1,DEMTRAHFO,2048,0.899
REGION1,DEMTRAHFO,2049,0.4545
REGION1,DEMTRAJFL,2020,39.9394
REGION1,DEMTRAJFL,2021,39.2828
REGION1,DEMTRAJFL,2022,39.0
REGION1,DEMTRAJFL,2023,38.9192
REGION1,DEMTRAJFL,2024,39.1212
REGION1,DEMTRAJFL,2025,39.5657
REGION1,DEMTRAJFL,2026,40.0808
REGION1,DEMTRAJFL,2027,40.6162
REGION1,DEMTRAJFL,2028,41.0404
REGION1,DEMTRAJFL,2029,41.3737
REGION1,DEMTRAJFL,2030,41.7475
REGION1,DEMTRAJFL,2031,39.6566
REGION1,DEMTRAJFL,2032,37.5758
REGION1,DEMTRAJFL,2033,35.4848
REGION1,DEMTRAJFL,2034,33.3939
REGION1,DEMTRAJFL,2035,31.3131
REGION1,DEMTRAJFL,2036,29.2222
REGION1,DEMTRAJFL,2037,27.1313
REGION1,DEMTRAJFL,2038,25.0505
REGION1,DEMTRAJFL,2039,22.9596
REGION1,DEMTRAJFL,2040,20.8788
REGION1,DEMTRAJFL,2041,18.7879
REGION1,DEMTRAJFL,2042,16.697
REGION1,DEMTRAJFL,2043,14.6162
REGION1,DEMTRAJFL,2044,12.5253
REGION1,DEMTRAJFL,2045,10.4343
REGION1,DEMTRAJFL,2046,8.3535
REGION1,DEMTRAJFL,2047,6.2626
REGION1,DEMTRAJFL,2048,4.1717
REGION1,DEMTRAJFL,2049,2.0909
REGION1,DEMTRALPG,2020,2.6869
REGION1,DEMTRALPG,2021,2.7475
REGION1,DEMTRALPG,2022,2.8182
REGION1,DEMTRALPG,2023,2.8889
REGION1,DEMTRALPG,2024,2.9394
REGION1,DEMTRALPG,2025,2.9899
REGION1,DEMTRALPG,2026,3.0505
REGION1,DEMTRALPG,2027,3.101
REGION1,DEMTRALPG,2028,3.1616
REGION1,DEMTRALPG,2029,3.202
REGION1,DEMTRALPG,2030,3.2323
REGION1,DEMTRALPG,2031,3.2424
REGION1,DEMTRALPG,2032,3.2323
REGION1,DEMTRALPG,2033,3.1919
REGION1,DEMTRALPG,2034,3.1414
REGION1,DEMTRALPG,2035,3.0606
REGION1,DEMTRALPG,2036,2.9596
REGION1,DEMTRALPG,2037,2.8384
REGION1,DEMTRALPG,2038,2.7071
REGION1,DEMTRALPG,2039,2.5455
REGION1,DEMTRALPG,2040,2.3737
REGION1,DEMTRALPG,2041,2.6293
REGION1,DEMTRALPG,2042,2.5828
REGION1,DEMTRALPG,2043,2.5364
REGION1,DEMTRALPG,2044,2.4889
REGION1,DEMTRALPG,2045,2.4424
REGION1,DEMTRALPG,2046,2.396
REGION1,DEMTRALPG,2047,2.3495
REGION1,DEMTRALPG,2048,2.302
REGION1,DEMTRALPG,2049,2.2556
REGION1,DEMTRANGS,2020,1.8182
REGION1,DEMTRANGS,2021,2.0606
REGION1,DEMTRANGS,2022,2.6263
REGION1,DEMTRANGS,2023,2.8889
REGION1,DEMTRANGS,2024,3.202
REGION1,DEMTRANGS,2025,3.5859
REGION1,DEMTRANGS,2026,3.4444
REGION1,DEMTRANGS,2027,3.303
REGION1,DEMTRANGS,2028,3.1515
REGION1,DEMTRANGS,2029,3.0101
REGION1,DEMTRANGS,2030,2.8687
REGION1,DEMTRANGS,2031,2.7273
REGION1,DEMTRANGS,2032,2.5859
REGION1,DEMTRANGS,2033,2.4343
REGION1,DEMTRANGS,2034,2.2929
REGION1,DEMTRANGS,2035,2.1515
REGION1,DEMTRANGS,2036,2.0101
REGION1,DEMTRANGS,2037,1.8687
REGION1,DEMTRANGS,2038,1.7172
REGION1,DEMTRANGS,2039,1.5758
REGION1,DEMTRANGS,2040,1.4343
REGION1,DEMTRANGS,2041,1.2929
REGION1,DEMTRANGS,2042,1.1515
REGION1,DEMTRANGS,2043,1.0
REGION1,DEMTRANGS,2044,0.8586
REGION1,DEMTRANGS,2045,0.7172
REGION1,DEMTRANGS,2046,0.5758
REGION1,DEMTRANGS,2047,0.4343
REGION1,DEMTRANGS,2048,0.2828
REGION1,DEMTRANGS,2049,0.1556
REGION1,IMPDSL,2020,224.3939
REGION1,IMPDSL,2021,223.5636
REGION1,IMPDSL,2022,221.9263
REGION1,IMPDSL,2023,220.598
REGION1,IMPDSL,2024,220.9838
REGION1,IMPDSL,2025,221.9202
REGION1,IMPDSL,2026,218.7222
REGION1,IMPDSL,2027,215.4131
REGION1,IMPDSL,2028,211.5495
REGION1,IMPDSL,2029,207.0586
REGION1,IMPDSL,2030,202.6495
REGION1,IMPDSL,2031,192.5121
REGION1,IMPDSL,2032,182.3848
REGION1,IMPDSL,2033,172.2485
REGION1,IMPDSL,2034,162.1111
REGION1,IMPDSL,2035,151.995
REGION1,IMPDSL,2036,141.8576
REGION1,IMPDSL,2037,131.7212
REGION1,IMPDSL,2038,121.5939
REGION1,IMPDSL,2039,111.4566
REGION1,IMPDSL,2040,101.3202
REGION1,IMPDSL,2041,91.1929
REGION1,IMPDSL,2042,81.0566
REGION1,IMPDSL,2043,70.9192
REGION1,IMPDSL,2044,60.7919
REGION1,IMPDSL,2045,50.6657
REGION1,IMPDSL,2046,40.5384
REGION1,IMPDSL,2047,30.402
REGION1,IMPDSL,2048,20.2646
REGION1,IMPDSL,2049,10.1384
REGION1,IMPGSL,2020,155.1313
REGION1,IMPGSL,2021,152.4141
REGION1,IMPGSL,2022,149.697
REGION1,IMPGSL,2023,146.8283
REGION1,IMPGSL,2024,144.1717
REGION1,IMPGSL,2025,141.6768
REGION1,IMPGSL,2026,136.0101
REGION1,IMPGSL,2027,130.3434
REGION1,IMPGSL,2028,124.6768
REGION1,IMPGSL,2029,119.0101
REGION1,IMPGSL,2030,113.3434
REGION1,IMPGSL,2031,107.6768
REGION1,IMPGSL,2032,102.0101
REGION1,IMPGSL,2033,96.3434
REGION1,IMPGSL,2034,90.6768
REGION1,IMPGSL,2035,85.0101
REGION1,IMPGSL,2036,79.3434
REGION1,IMPGSL,2037,73.6768
REGION1,IMPGSL,2038,68.0
REGION1,IMPGSL,2039,62.3333
REGION1,IMPGSL,2040,56.6667
REGION1,IMPGSL,2041,51.0
REGION1,IMPGSL,2042,45.3333
REGION1,IMPGSL,2043,39.6667
REGION1,IMPGSL,2044,34.0
REGION1,IMPGSL,2045,28.3333
REGION1,IMPGSL,2046,22.6667
REGION1,IMPGSL,2047,17.0
REGION1,IMPGSL,2048,11.3333
REGION1,IMPGSL,2049,5.6667
REGION1,IMPHFO,2020,10.798
REGION1,IMPHFO,2021,10.5556
REGION1,IMPHFO,2022,10.303
REGION1,IMPHFO,2023,10.0606
REGION1,IMPHFO,2024,9.8485
REGION1,IMPHFO,2025,9.6869
REGION1,IMPHFO,2026,9.5455
REGION1,IMPHFO,2027,9.4242
REGION1,IMPHFO,2028,9.2929
REGION1,IMPHFO,2029,9.1515
REGION1,IMPHFO,2030,9.0202
REGION1,IMPHFO,2031,8.5657
REGION1,IMPHFO,2032,8.1212
REGION1,IMPHFO,2033,7.6667
REGION1,IMPHFO,2034,7.2121
REGION1,IMPHFO,2035,6.7677
REGION1,IMPHFO,2036,6.3131
REGION1,IMPHFO,2037,5.8586
REGION1,IMPHFO,2038,5.4141
REGION1,IMPHFO,2039,4.9596
REGION1,IMPHFO,2040,4.5152
REGION1,IMPHFO,2041,4.0606
REGION1,IMPHFO,2042,3.6061
REGION1,IMPHFO,2043,3.1616
REGION1,IMPHFO,2044,2.7071
REGION1,IMPHFO,2045,2.2525
REGION1,IMPHFO,2046,1.8081
REGION1,IMPHFO,2047,1.3535
REGION1,IMPHFO,2048,0.899
REGION1,IMPHFO,2049,0.4545
REGION1,IMPJFL,2020,39.9394
REGION1,IMPJFL,2021,39.2828
REGION1,IMPJFL,2022,39.0
REGION1,IMPJFL,2023,38.9192
REGION1,IMPJFL,2024,39.1212
REGION1,IMPJFL,2025,39.5657
REGION1,IMPJFL,2026,40.0808
REGION1,IMPJFL,2027,40.6162
REGION1,IMPJFL,2028,41.0404
REGION1,IMPJFL,2029,41.3737
REGION1,IMPJFL,2030,41.7475
REGION1,IMPJFL,2031,39.6566
REGION1,IMPJFL,2032,37.5758
REGION1,IMPJFL,2033,35.4848
REGION1,IMPJFL,2034,33.3939
REGION1,IMPJFL,2035,31.3131
REGION1,IMPJFL,2036,29.2222
REGION1,IMPJFL,2037,27.1313
REGION1,IMPJFL,2038,25.0505
REGION1,IMPJFL,2039,22.9596
REGION1,IMPJFL,2040,20.8788
REGION1,IMPJFL,2041,18.7879
REGION1,IMPJFL,2042,16.697
REGION1,IMPJFL,2043,14.6162
REGION1,IMPJFL,2044,12.5253
REGION1,IMPJFL,2045,10.4343
REGION1,IMPJFL,2046,8.3535
REGION1,IMPJFL,2047,6.2626
REGION1,IMPJFL,2048,4.1717
REGION1,IMPJFL,2049,2.0909
REGION1,IMPKER,2020,11.5253
REGION1,IMPKER,2021,11.7677
REGION1,IMPKER,2022,11.9798
REGION1,IMPKER,2023,12.1616
REGION1,IMPKER,2024,12.3232
REGION1,IMPKER,2025,12.4747
REGION1,IMPKER,2026,12.0202
REGION1,IMPKER,2027,11.5556
REGION1,IMPKER,2028,11.0909
REGION1,IMPKER,2029,10.6263
REGION1,IMPKER,2030,10.1616
REGION1,IMPKER,2031,9.7071
REGION1,IMPKER,2032,9.2424
REGION1,IMPKER,2033,8.7778
REGION1,IMPKER,2034,8.3131
REGION1,IMPKER,2035,7.8485
REGION1,IMPKER,2036,7.3838
REGION1,IMPKER,2037,6.9091
REGION1,IMPKER,2038,6.4444
REGION1,IMPKER,2039,5.9798
REGION1,IMPKER,2040,5.5051
REGION1,IMPKER,2041,4.1717
REGION1,IMPKER,2042,3.7071
REGION1,IMPKER,2043,3.2525
REGION1,IMPKER,2044,2.7879
REGION1,IMPKER,2045,2.3232
REGION1,IMPKER,2046,1.8586
REGION1,IMPKER,2047,1.3939
REGION1,IMPKER,2048,0.9293
REGION1,IMPKER,2049,0.4646
REGION1,IMPLPG,2020,2.6869
REGION1,IMPLPG,2021,2.7475
REGION1,IMPLPG,2022,2.8182
REGION1,IMPLPG,2023,2.8889
REGION1,IMPLPG,2024,2.9394
REGION1,IMPLPG,2025,2.9899
REGION1,IMPLPG,2026,3.0505
REGION1,IMPLPG,2027,3.101
REGION1,IMPLPG,2028,3.1616
REGION1,IMPLPG,2029,3.202
REGION1,IMPLPG,2030,3.2323
REGION1,IMPLPG,2031,3.2424
REGION1,IMPLPG,2032,3.2323
REGION1,IMPLPG,2033,3.1919
REGION1,IMPLPG,2034,3.1414
REGION1,IMPLPG,2035,3.0606
REGION1,IMPLPG,2036,2.9596
REGION1,IMPLPG,2037,2.8384
REGION1,IMPLPG,2038,2.7071
REGION1,IMPLPG,2039,2.5455
REGION1,IMPLPG,2040,2.3737
REGION1,IMPLPG,2041,2.6293
REGION1,IMPLPG,2042,2.5828
REGION1,IMPLPG,2043,2.5364
REGION1,IMPLPG,2044,2.4889
REGION1,IMPLPG,2045,2.4424
REGION1,IMPLPG,2046,2.396
REGION1,IMPLPG,2047,2.3495
REGION1,IMPLPG,2048,2.302
REGION1,IMPLPG,2049,2.2556
REGION1,LNDAGRBC1C01,2020,280.4271
REGION1,LNDAGRBC1C01,2021,280.4271
REGION1,LNDAGRBC1C01,2022,280.4271
REGION1,LNDAGRBC1C01,2023,280.4318
REGION1,LNDAGRBC1C01,2024,280.4367
REGION1,LNDAGRBC1C01,2025,280.4415
REGION1,LNDAGRBC1C01,2026,280.4465
REGION1,LNDAGRBC1C01,2027,280.4615
REGION1,LNDAGRBC1C01,2028,280.4615
REGION1,LNDAGRBC1C01,2029,280.4615
REGION1,LNDAGRBC1C01,2030,280.4667
REGION1,LNDAGRBC1C01,2031,280.4718
REGION1,LNDAGRBC1C01,2032,280.4772
REGION1,LNDAGRBC1C01,2033,280.4824
REGION1,LNDAGRBC1C01,2034,280.4878
REGION1,LNDAGRBC1C01,2035,280.4932
REGION1,LNDAGRBC1C01,2036,280.4987
REGION1,LNDAGRBC1C01,2037,280.5043
REGION1,LNDAGRBC1C01,2038,280.5099
REGION1,LNDAGRBC1C01,2039,280.5156
REGION1,LNDAGRBC1C01,2040,280.5213
REGION1,LNDAGRBC1C01,2041,280.5271
REGION1,LNDAGRBC1C01,2042,280.5449
REGION1,LNDAGRBC1C01,2043,280.5449
REGION1,LNDAGRBC1C01,2044,280.5449
REGION1,LNDAGRBC1C01,2045,280.5509
REGION1,LNDAGRBC1C01,2046,280.5571
REGION1,LNDAGRBC1C01,2047,280.5632
REGION1,LNDAGRBC1C01,2048,280.5695
REGION1,LNDAGRBC1C01,2049,280.5759
REGION1,LNDAGRBC1C01,2050,280.5822
REGION1,LNDAGRBC1C02,2020,27.1518
REGION1,LNDAGRBC1C02,2021,27.1518
REGION1,LNDAGRBC1C02,2022,27.1518
REGION1,LNDAGRBC1C02,2023,27.1518
REGION1,LNDAGRBC1C02,2024,27.155
REGION1,LNDAGRBC1C02,2025,27.1582
REGION1,LNDAGRBC1C02,2026,27.1615
REGION1,LNDAGRBC1C02,2027,27.1749
REGION1,LNDAGRBC1C02,2028,27.1749
REGION1,LNDAGRBC1C02,2029,27.1749
REGION1,LNDAGRBC1C02,2030,27.1749
REGION1,LNDAGRBC1C02,2031,27.1783
REGION1,LNDAGRBC1C02,2032,27.1818
REGION1,LNDAGRBC1C02,2033,27.1853
REGION1,LNDAGRBC1C02,2034,27.1888
REGION1,LNDAGRBC1C02,2035,27.1925
REGION1,LNDAGRBC1C02,2036,27.1961
REGION1,LNDAGRBC1C02,2037,27.1998
REGION1,LNDAGRBC1C02,2038,27.2035
REGION1,LNDAGRBC1C02,2039,27.2072
REGION1,LNDAGRBC1C02,2040,27.2111
REGION1,LNDAGRBC1C02,2041,27.2149
REGION1,LNDAGRBC1C02,2042,27.2307
REGION1,LNDAGRBC1C02,2043,27.2307
REGION1,LNDAGRBC1C02,2044,27.2307
REGION1,LNDAGRBC1C02,2045,27.2307
REGION1,LNDAGRBC1C02,2046,27.2347
REGION1,LNDAGRBC1C02,2047,27.2388
REGION1,LNDAGRBC1C02,2048,27.243
REGION1,LNDAGRBC1C02,2049,27.2471
REGION1,LNDAGRBC1C02,2050,27.2514
REGION1,LNDAGRBC1C03,2020,49.8499
REGION1,LNDAGRBC1C03,2021,55.1439
REGION1,LNDAGRBC1C03,2022,55.1439
REGION1,LNDAGRBC1C03,2023,56.1446
REGION1,LNDAGRBC1C03,2024,56.8007
REGION1,LNDAGRBC1C03,2025,56.8237
REGION1,LNDAGRBC1C03,2026,57.047
REGION1,LNDAGRBC1C03,2027,57.047
REGION1,LNDAGRBC1C03,2028,57.047
REGION1,LNDAGRBC1C03,2029,57.047
REGION1,LNDAGRBC1C03,2030,57.047
REGION1,LNDAGRBC1C03,2031,57.047
REGION1,LNDAGRBC1C03,2032,57.047
REGION1,LNDAGRBC1C03,2033,57.047
REGION1,LNDAGRBC1C03,2034,57.047
REGION1,LNDAGRBC1C03,2035,33.3493
REGION1,LNDAGRBC1C03,2036,32.5247
REGION1,LNDAGRBC1C03,2037,32.5247
REGION1,LNDAGRBC1C03,2038,32.177
REGION1,LNDAGRBC1C03,2039,31.8714
REGION1,LNDAGRBC1C03,2040,32.025
REGION1,LNDAGRBC1C03,2041,32.2698
REGION1,LNDAGRBC1C03,2042,32.491
REGION1,LNDAGRBC1C03,2043,32.7276
REGION1,LNDAGRBC1C03,2044,32.9388
REGION1,LNDAGRBC1C03,2045,33.1555
REGION1,LNDAGRBC1C03,2046,33.3671
REGION1,LNDAGRBC1C03,2047,33.5816
REGION1,LNDAGRBC1C03,2048,33.799
REGION1,LNDAGRBC1C03,2049,34.0096
REGION1,LNDAGRBC1C03,2050,34.2263
REGION1,LNDAGRBC1C04,2020,10.863
REGION1,LNDAGRBC1C04,2021,10.8714
REGION1,LNDAGRBC1C04,2022,10.8798
REGION1,LNDAGRBC1C04,2023,10.8883
REGION1,LNDAGRBC1C04,2024,10.8969
REGION1,LNDAGRBC1C04,2025,10.9055
REGION1,LNDAGRBC1C04,2026,10.9143
REGION1,LNDAGRBC1C04,2027,10.9231
REGION1,LNDAGRBC1C04,2028,10.9321
REGION1,LNDAGRBC1C04,2029,10.9411
REGION1,LNDAGRBC1C04,2030,10.9503
REGION1,LNDAGRBC1C04,2031,10.9596
REGION1,LNDAGRBC1C04,2032,10.9689
REGION1,LNDAGRBC1C04,2033,10.9784
REGION1,LNDAGRBC1C04,2034,10.988
REGION1,LNDAGRBC1C04,2035,10.9977
REGION1,LNDAGRBC1C04,2036,11.0075
REGION1,LNDAGRBC1C04,2037,11.0173
REGION1,LNDAGRBC1C04,2038,11.0273
REGION1,LNDAGRBC1C04,2039,11.0374
REGION1,LNDAGRBC1C04,2040,11.0477
REGION1,LNDAGRBC1C04,2041,11.058
REGION1,LNDAGRBC1C04,2042,11.0684
REGION1,LNDAGRBC1C04,2043,11.079
REGION1,LNDAGRBC1C04,2044,11.0897
REGION1,LNDAGRBC1C04,2045,11.1004
REGION1,LNDAGRBC1C04,2046,11.1113
REGION1,LNDAGRBC1C04,2047,11.1224
REGION1,LNDAGRBC1C04,2048,11.1336
REGION1,LNDAGRBC1C04,2049,11.1449
REGION1,LNDAGRBC1C04,2050,11.1563
REGION1,LNDAGRBC1C05,2020,549.411
REGION1,LNDAGRBC1C05,2021,549.411
REGION1,LNDAGRBC1C05,2022,549.411
REGION1,LNDAGRBC1C05,2023,549.411
REGION1,LNDAGRBC1C05,2024,549.411
REGION1,LNDAGRBC1C05,2025,549.411
REGION1,LNDAGRBC1C05,2026,549.411
REGION1,LNDAGRBC1C05,2027,554.2743
REGION1,LNDAGRBC1C05,2028,554.2743
REGION1,LNDAGRBC1C05,2029,554.2743
REGION1,LNDAGRBC1C05,2030,554.2743
REGION1,LNDAGRBC1C05,2031,554.2743
REGION1,LNDAGRBC1C05,2032,554.2743
REGION1,LNDAGRBC1C05,2033,554.2743
REGION1,LNDAGRBC1C05,2034,554.2743
REGION1,LNDAGRBC1C05,2035,565.6278
REGION1,LNDAGRBC1C05,2036,566.4304
REGION1,LNDAGRBC1C05,2037,566.5362
REGION1,LNDAGRBC1C05,2038,566.7334
REGION1,LNDAGRBC1C05,2039,567.0163
REGION1,LNDAGRBC1C05,2040,567.0163
REGION1,LNDAGRBC1C05,2041,567.0163
REGION1,LNDAGRBC1C05,2042,566.3033
REGION1,LNDAGRBC1C05,2043,566.3033
REGION1,LNDAGRBC1C05,2044,566.3033
REGION1,LNDAGRBC1C05,2045,566.3033
REGION1,LNDAGRBC1C05,2046,566.3033
REGION1,LNDAGRBC1C05,2047,566.3033
REGION1,LNDAGRBC1C05,2048,566.3033
REGION1,LNDAGRBC1C05,2049,566.3033
REGION1,LNDAGRBC1C05,2050,564.3944
REGION1,LNDAGRBC1C06,2020,3.4534
REGION1,LNDAGRBC1C06,2021,3.4539
REGION1,LNDAGRBC1C06,2022,3.4544
REGION1,LNDAGRBC1C06,2023,3.4549
REGION1,LNDAGRBC1C06,2024,3.4554
REGION1,LNDAGRBC1C06,2025,3.456
REGION1,LNDAGRBC1C06,2026,3.4566
REGION1,LNDAGRBC1C06,2027,3.4571
REGION1,LNDAGRBC1C06,2028,3.4576
REGION1,LNDAGRBC1C06,2029,3.4582
REGION1,LNDAGRBC1C06,2030,3.4587
REGION1,LNDAGRBC1C06,2031,3.4593
REGION1,LNDAGRBC1C06,2032,3.4598
REGION1,LNDAGRBC1C06,2033,3.4604
REGION1,LNDAGRBC1C06,2034,3.461
REGION1,LNDAGRBC1C06,2035,3.4615
REGION1,LNDAGRBC1C06,2036,3.4621
REGION1,LNDAGRBC1C06,2037,3.4627
REGION1,LNDAGRBC1C06,2038,3.4633
REGION1,LNDAGRBC1C06,2039,3.4639
REGION1,LNDAGRBC1C06,2040,3.4645
REGION1,LNDAGRBC1C06,2041,3.4651
REGION1,LNDAGRBC1C06,2042,3.4657
REGION1,LNDAGRBC1C06,2043,3.4665
REGION1,LNDAGRBC1C06,2044,3.4671
REGION1,LNDAGRBC1C06,2045,3.4677
REGION1,LNDAGRBC1C06,2046,3.4684
REGION1,LNDAGRBC1C06,2047,3.469
REGION1,LNDAGRBC1C06,2048,3.4697
REGION1,LNDAGRBC1C06,2049,3.4704
REGION1,LNDAGRBC1C06,2050,3.4711
REGION1,LNDAGRBC1C07,2020,13.1873
REGION1,LNDAGRBC1C07,2021,13.1894
REGION1,LNDAGRBC1C07,2022,13.1915
REGION1,LNDAGRBC1C07,2023,13.1937
REGION1,LNDAGRBC1C07,2024,13.1958
REGION1,LNDAGRBC1C07,2025,13.1981
REGION1,LNDAGRBC1C07,2026,13.2003
REGION1,LNDAGRBC1C07,2027,13.2025
REGION1,LNDAGRBC1C07,2028,13.2048
REGION1,LNDAGRBC1C07,2029,13.2072
REGION1,LNDAGRBC1C07,2030,13.2095
REGION1,LNDAGRBC1C07,2031,13.2118
REGION1,LNDAGRBC1C07,2032,13.2142
REGION1,LNDAGRBC1C07,2033,13.2166
REGION1,LNDAGRBC1C07,2034,13.219
REGION1,LNDAGRBC1C07,2035,13.2215
REGION1,LNDAGRBC1C07,2036,13.2239
REGION1,LNDAGRBC1C07,2037,13.2265
REGION1,LNDAGRBC1C07,2038,13.229
REGION1,LNDAGRBC1C07,2039,13.2316
REGION1,LNDAGRBC1C07,2040,13.2341
REGION1,LNDAGRBC1C07,2041,13.2368
REGION1,LNDAGRBC1C07,2042,13.2395
REGION1,LNDAGRBC1C07,2043,13.2421
REGION1,LNDAGRBC1C07,2044,13.2448
REGION1,LNDAGRBC1C07,2045,13.2476
REGION1,LNDAGRBC1C07,2046,13.2504
REGION1,LNDAGRBC1C07,2047,13.2531
REGION1,LNDAGRBC1C07,2048,13.2559
REGION1,LNDAGRBC1C07,2049,13.2589
REGION1,LNDAGRBC1C07,2050,13.2617
REGION1,LNDALFHIBC1,2020,0.52
REGION1,LNDALFHIBC1,2021,0.4853
REGION1,LNDALFHIBC1,2022,0.4507
REGION1,LNDALFHIBC1,2023,0.416
REGION1,LNDALFHIBC1,2024,0.3813
REGION1,LNDALFHIBC1,2025,0.5801
REGION1,LNDALFHIBC1,2026,0.7866
REGION1,LNDALFHIBC1,2027,0.9931
REGION1,LNDALFHIBC1,2028,1.1996
REGION1,LNDALFHIBC1,2029,1.3983
REGION1,LNDALFHIBC1,2030,1.6049
REGION1,LNDALFHIBC1,2031,1.8114
REGION1,LNDALFHIBC1,2032,2.0101
REGION1,LNDALFHIBC1,2033,2.2166
REGION1,LNDALFHIBC1,2034,2.4231
REGION1,LNDALFHIBC1,2035,9.9599
REGION1,LNDALFHIBC1,2036,10.6285
REGION1,LNDALFHIBC1,2037,10.8774
REGION1,LNDALFHIBC1,2038,11.1341
REGION1,LNDALFHIBC1,2039,11.3831
REGION1,LNDALFHIBC1,2040,11.3986
REGION1,LNDALFHIBC1,2041,11.4141
REGION1,LNDALFHIBC1,2042,11.4297
REGION1,LNDALFHIBC1,2043,11.4375
REGION1,LNDALFHIBC1,2044,11.453
REGION1,LNDALFHIBC1,2045,11.4685
REGION1,LNDALFHIBC1,2046,11.4763
REGION1,LNDALFHIBC1,2047,11.4918
REGION1,LNDALFHIBC1,2048,11.5074
REGION1,LNDALFHIBC1,2049,11.5229
REGION1,LNDALFHIBC1,2050,11.5307
REGION1,LNDALFHRBC1,2020,2.5764
REGION1,LNDALFHRBC1,2021,2.4046
REGION1,LNDALFHRBC1,2022,2.2329
REGION1,LNDALFHRBC1,2023,2.0611
REGION1,LNDALFHRBC1,2024,1.8894
REGION1,LNDALFHRBC1,2025,1.7176
REGION1,LNDALFHRBC1,2026,1.5458
REGION1,LNDALFHRBC1,2027,1.3741
REGION1,LNDALFHRBC1,2028,1.2023
REGION1,LNDALFHRBC1,2029,1.0306
REGION1,LNDALFHRBC1,2030,0.8588
REGION1,LNDALFHRBC1,2031,0.687
REGION1,LNDALFHRBC1,2032,0.5153
REGION1,LNDALFHRBC1,2033,0.3435
REGION1,LNDALFHRBC1,2034,0.1718
REGION1,LNDALFIIBC1,2020,0.13
REGION1,LNDALFIIBC1,2021,0.1213
REGION1,LNDALFIIBC1,2022,0.1127
REGION1,LNDALFIIBC1,2023,0.104
REGION1,LNDALFIIBC1,2024,0.0953
REGION1,LNDALFIIBC1,2025,0.0867
REGION1,LNDALFIIBC1,2026,0.078
REGION1,LNDALFIIBC1,2027,0.0693
REGION1,LNDALFIIBC1,2028,0.0607
REGION1,LNDALFIIBC1,2029,0.052
REGION1,LNDALFIIBC1,2030,0.0433
REGION1,LNDALFIIBC1,2031,0.0347
REGION1,LNDALFIIBC1,2032,0.026
REGION1,LNDALFIIBC1,2033,0.0173
REGION1,LNDALFIIBC1,2034,0.0087
REGION1,LNDALFIRBC1,2020,0.6441
REGION1,LNDALFIRBC1,2021,0.6012
REGION1,LNDALFIRBC1,2022,0.5582
REGION1,LNDALFIRBC1,2023,0.5153
REGION1,LNDALFIRBC1,2024,0.4723
REGION1,LNDALFIRBC1,2025,0.4294
REGION1,LNDALFIRBC1,2026,0.3865
REGION1,LNDALFIRBC1,2027,0.3435
REGION1,LNDALFIRBC1,2028,0.3006
REGION1,LNDALFIRBC1,2029,0.2576
REGION1,LNDALFIRBC1,2030,0.2147
REGION1,LNDALFIRBC1,2031,0.1718
REGION1,LNDALFIRBC1,2032,0.1288
REGION1,LNDALFIRBC1,2033,0.0859
REGION1,LNDALFIRBC1,2034,0.0429
REGION1,LNDALFLRBC1,2020,20.2753
REGION1,LNDALFLRBC1,2021,22.1029
REGION1,LNDALFLRBC1,2022,22.7485
REGION1,LNDALFLRBC1,2023,23.4156
REGION1,LNDALFLRBC1,2024,24.0827
REGION1,LNDALFLRBC1,2025,24.0827
REGION1,LNDALFLRBC1,2026,24.0827
REGION1,LNDALFLRBC1,2027,24.0827
REGION1,LNDALFLRBC1,2028,24.0827
REGION1,LNDALFLRBC1,2029,24.0827
REGION1,LNDALFLRBC1,2030,24.0827
REGION1,LNDALFLRBC1,2031,24.0827
REGION1,LNDALFLRBC1,2032,24.0827
REGION1,LNDALFLRBC1,2033,24.0827
REGION1,LNDALFLRBC1,2034,24.0827
REGION1,LNDALFLRBC1,2035,3.8074
REGION1,LNDALFLRBC1,2036,1.9798
REGION1,LNDALFLRBC1,2037,1.3342
REGION1,LNDALFLRBC1,2038,0.6671
REGION1,LNDBARBC1,2020,149.8406
REGION1,LNDBARBC1,2021,149.8406
REGION1,LNDBARBC1,2022,149.8406
REGION1,LNDBARBC1,2023,149.8449
REGION1,LNDBARBC1,2024,149.8406
REGION1,LNDBARBC1,2025,149.8868
REGION1,LNDBARBC1,2026,149.9235
REGION1,LNDBARBC1,2027,149.8406
REGION1,LNDBARBC1,2028,149.9416
REGION1,LNDBARBC1,2029,149.8406
REGION1,LNDBARBC1,2030,149.9571
REGION1,LNDBARBC1,2031,149.8406
REGION1,LNDBARBC1,2032,150.031
REGION1,LNDBARBC1,2033,149.8406
REGION1,LNDBARBC1,2034,150.0655
REGION1,LNDBARBC1,2035,150.0619
REGION1,LNDBARBC1,2036,149.8406
REGION1,LNDBARBC1,2037,149.8406
REGION1,LNDBARBC1,2038,149.8406
REGION1,LNDBARBC1,2039,149.8406
REGION1,LNDBARBC1,2040,149.8406
REGION1,LNDBARBC1,2041,150.0756
REGION1,LNDBARBC1,2042,149.8406
REGION1,LNDBARBC1,2043,149.8406
REGION1,LNDBARBC1,2044,149.8406
REGION1,LNDBARBC1,2045,149.8406
REGION1,LNDBARBC1,2046,150.2939
REGION1,LNDBARBC1,2047,150.2895
REGION1,LNDBARBC1,2048,149.8406
REGION1,LNDBARBC1,2049,150.2841
REGION1,LNDBARBC1,2050,149.8406
REGION1,LNDBLTBC1,2020,12.5455
REGION1,LNDBLTBC1,2021,12.5496
REGION1,LNDBLTBC1,2022,12.5533
REGION1,LNDBLTBC1,2023,12.5576
REGION1,LNDBLTBC1,2024,12.5565
REGION1,LNDBLTBC1,2025,13.2985
REGION1,LNDBLTBC1,2026,10.4485
REGION1,LNDBLTBC1,2027,10.5564
REGION1,LNDBLTBC1,2028,10.648
REGION1,LNDBLTBC1,2029,10.7338
REGION1,LNDBLTBC1,2030,10.8329
REGION1,LNDBLTBC1,2031,11.2157
REGION1,LNDBLTBC1,2032,11.5973
REGION1,LNDBLTBC1,2033,11.9767
REGION1,LNDBLTBC1,2034,12.0394
REGION1,LNDBLTBC1,2035,12.0656
REGION1,LNDBLTBC1,2036,12.1073
REGION1,LNDBLTBC1,2037,12.3543
REGION1,LNDBLTBC1,2038,13.7238
REGION1,LNDBLTBC1,2039,15.5334
REGION1,LNDBLTBC1,2040,16.6978
REGION1,LNDBLTBC1,2041,17.8603
REGION1,LNDBLTBC1,2042,18.9359
REGION1,LNDBLTBC1,2043,19.1839
REGION1,LNDBLTBC1,2044,18.6352
REGION1,LNDBLTBC1,2045,18.7592
REGION1,LNDBLTBC1,2046,18.8829
REGION1,LNDBLTBC1,2047,19.0065
REGION1,LNDBLTBC1,2048,19.1301
REGION1,LNDBLTBC1,2049,19.2538
REGION1,LNDBLTBC1,2050,18.0764
REGION1,LNDBRLHIBC1,2020,0.0018
REGION1,LNDBRLHIBC1,2021,0.0017
REGION1,LNDBRLHIBC1,2022,0.0016
REGION1,LNDBRLHIBC1,2023,0.0015
REGION1,LNDBRLHIBC1,2024,0.0014
REGION1,LNDBRLHIBC1,2025,0.0012
REGION1,LNDBRLHIBC1,2026,0.0011
REGION1,LNDBRLHIBC1,2027,0.001
REGION1,LNDBRLHIBC1,2028,0.0009
REGION1,LNDBRLHIBC1,2029,0.0007
REGION1,LNDBRLHIBC1,2030,0.0006
REGION1,LNDBRLHIBC1,2031,0.0005
REGION1,LNDBRLHIBC1,2032,0.0004
REGION1,LNDBRLHIBC1,2033,0.0002
REGION1,LNDBRLHIBC1,2034,0.0001
REGION1,LNDBRLHRBC1,2020,0.1833
REGION1,LNDBRLHRBC1,2021,0.1711
REGION1,LNDBRLHRBC1,2022,0.1589
REGION1,LNDBRLHRBC1,2023,0.1467
REGION1,LNDBRLHRBC1,2024,0.1344
REGION1,LNDBRLHRBC1,2025,0.1222
REGION1,LNDBRLHRBC1,2026,0.11
REGION1,LNDBRLHRBC1,2027,0.0978
REGION1,LNDBRLHRBC1,2028,0.0856
REGION1,LNDBRLHRBC1,2029,0.0874
REGION1,LNDBRLHRBC1,2030,0.0933
REGION1,LNDBRLHRBC1,2031,0.0979
REGION1,LNDBRLHRBC1,2032,0.1024
REGION1,LNDBRLHRBC1,2033,0.107
REGION1,LNDBRLHRBC1,2034,0.1116
REGION1,LNDBRLHRBC1,2035,0.1162
REGION1,LNDBRLHRBC1,2036,0.1187
REGION1,LNDBRLHRBC1,2037,0.1212
REGION1,LNDBRLHRBC1,2038,0.1237
REGION1,LNDBRLHRBC1,2039,0.1275
REGION1,LNDBRLHRBC1,2040,0.1301
REGION1,LNDBRLHRBC1,2041,0.1326
REGION1,LNDBRLHRBC1,2042,0.1351
REGION1,LNDBRLHRBC1,2043,0.1376
REGION1,LNDBRLHRBC1,2044,0.1402
REGION1,LNDBRLHRBC1,2045,0.1427
REGION1,LNDBRLHRBC1,2046,0.1452
REGION1,LNDBRLHRBC1,2047,0.1477
REGION1,LNDBRLHRBC1,2048,0.1503
REGION1,LNDBRLHRBC1,2049,0.1528
REGION1,LNDBRLHRBC1,2050,0.1566
REGION1,LNDBRLIIBC1,2020,0.0005
REGION1,LNDBRLIIBC1,2021,0.0004
REGION1,LNDBRLIIBC1,2022,0.0004
REGION1,LNDBRLIIBC1,2023,0.0004
REGION1,LNDBRLIIBC1,2024,0.0003
REGION1,LNDBRLIIBC1,2025,0.0003
REGION1,LNDBRLIIBC1,2026,0.0003
REGION1,LNDBRLIIBC1,2027,0.0002
REGION1,LNDBRLIIBC1,2028,0.0002
REGION1,LNDBRLIIBC1,2029,0.0002
REGION1,LNDBRLIIBC1,2030,0.0001
REGION1,LNDBRLIIBC1,2031,0.0001
REGION1,LNDBRLIIBC1,2032,0.0001
REGION1,LNDBRLIIBC1,2033,0.0001
REGION1,LNDBRLIIBC1,2034,0.0
REGION1,LNDBRLIRBC1,2020,0.0458
REGION1,LNDBRLIRBC1,2021,0.0428
REGION1,LNDBRLIRBC1,2022,0.0397
REGION1,LNDBRLIRBC1,2023,0.0367
REGION1,LNDBRLIRBC1,2024,0.0336
REGION1,LNDBRLIRBC1,2025,0.0306
REGION1,LNDBRLIRBC1,2026,0.0275
REGION1,LNDBRLIRBC1,2027,0.0244
REGION1,LNDBRLIRBC1,2028,0.0214
REGION1,LNDBRLIRBC1,2029,0.0183
REGION1,LNDBRLIRBC1,2030,0.0153
REGION1,LNDBRLIRBC1,2031,0.0122
REGION1,LNDBRLIRBC1,2032,0.0092
REGION1,LNDBRLIRBC1,2033,0.0061
REGION1,LNDBRLIRBC1,2034,0.0031
REGION1,LNDFORBC1,2020,523.582
REGION1,LNDFORBC1,2021,518.2645
REGION1,LNDFORBC1,2022,518.2762
REGION1,LNDFORBC1,2023,517.2161
REGION1,LNDFORBC1,2024,516.5446
REGION1,LNDFORBC1,2025,516.2049
REGION1,LNDFORBC1,2026,519.2249
REGION1,LNDFORBC1,2027,531.4952
REGION1,LNDFORBC1,2028,531.0232
REGION1,LNDFORBC1,2029,530.8993
REGION1,LNDFORBC1,2030,530.6207
REGION1,LNDFORBC1,2031,530.2748
REGION1,LNDFORBC1,2032,530.3071
REGION1,LNDFORBC1,2033,530.0903
REGION1,LNDFORBC1,2034,529.9666
REGION1,LNDFORBC1,2035,542.6931
REGION1,LNDFORBC1,2036,543.4642
REGION1,LNDFORBC1,2037,543.3556
REGION1,LNDFORBC1,2038,542.9289
REGION1,LNDFORBC1,2039,542.4292
REGION1,LNDFORBC1,2040,541.5197
REGION1,LNDFORBC1,2041,540.5094
REGION1,LNDFORBC1,2042,540.1815
REGION1,LNDFORBC1,2043,539.9236
REGION1,LNDFORBC1,2044,539.6261
REGION1,LNDFORBC1,2045,538.6982
REGION1,LNDFORBC1,2046,538.4565
REGION1,LNDFORBC1,2047,538.1016
REGION1,LNDFORBC1,2048,538.1876
REGION1,LNDFORBC1,2049,537.427
REGION1,LNDFORBC1,2050,537.0543
REGION1,LNDGRSBC1,2020,160.5092
REGION1,LNDGRSBC1,2021,160.5092
REGION1,LNDGRSBC1,2022,160.5092
REGION1,LNDGRSBC1,2023,160.5092
REGION1,LNDGRSBC1,2024,160.5092
REGION1,LNDGRSBC1,2025,160.5092
REGION1,LNDGRSBC1,2026,160.5092
REGION1,LNDGRSBC1,2027,160.5092
REGION1,LNDGRSBC1,2028,160.5092
REGION1,LNDGRSBC1,2029,160.5092
REGION1,LNDGRSBC1,2030,160.5092
REGION1,LNDGRSBC1,2031,160.6601
REGION1,LNDGRSBC1,2032,160.5092
REGION1,LNDGRSBC1,2033,160.7328
REGION1,LNDGRSBC1,2034,160.5092
REGION1,LNDGRSBC1,2035,160.5092
REGION1,LNDGRSBC1,2036,160.5092
REGION1,LNDGRSBC1,2037,160.7255
REGION1,LNDGRSBC1,2038,160.7974
REGION1,LNDGRSBC1,2039,160.903
REGION1,LNDGRSBC1,2040,160.9482
REGION1,LNDGRSBC1,2041,160.9924
REGION1,LNDGRSBC1,2042,160.5092
REGION1,LNDGRSBC1,2043,160.5092
REGION1,LNDGRSBC1,2044,160.5092
REGION1,LNDGRSBC1,2045,161.077
REGION1,LNDGRSBC1,2046,160.5092
REGION1,LNDGRSBC1,2047,160.5092
REGION1,LNDGRSBC1,2048,160.5092
REGION1,LNDGRSBC1,2049,160.5092
REGION1,LNDGRSBC1,2050,160.5092
REGION1,LNDMAIHIBC1,2020,0.0014
REGION1,LNDMAIHIBC1,2021,3.161
REGION1,LNDMAIHIBC1,2022,3.1609
REGION1,LNDMAIHIBC1,2023,3.2201
REGION1,LNDMAIHIBC1,2024,3.3493
REGION1,LNDMAIHIBC1,2025,3.3589
REGION1,LNDMAIHIBC1,2026,3.528
REGION1,LNDMAIHIBC1,2027,8.2431
REGION1,LNDMAIHIBC1,2028,8.5053
REGION1,LNDMAIHIBC1,2029,8.6744
REGION1,LNDMAIHIBC1,2030,8.7239
REGION1,LNDMAIHIBC1,2031,8.9027
REGION1,LNDMAIHIBC1,2032,8.9026
REGION1,LNDMAIHIBC1,2033,9.0318
REGION1,LNDMAIHIBC1,2034,9.068
REGION1,LNDMAIHIBC1,2035,9.1839
REGION1,LNDMAIHIBC1,2036,9.4099
REGION1,LNDMAIHIBC1,2037,9.5827
REGION1,LNDMAIHIBC1,2038,9.689
REGION1,LNDMAIHIBC1,2039,9.7023
REGION1,LNDMAIHIBC1,2040,9.7554
REGION1,LNDMAIHIBC1,2041,9.8884
REGION1,LNDMAIHIBC1,2042,10.008
REGION1,LNDMAIHIBC1,2043,10.1276
REGION1,LNDMAIHIBC1,2044,10.2339
REGION1,LNDMAIHIBC1,2045,10.3402
REGION1,LNDMAIHIBC1,2046,10.4466
REGION1,LNDMAIHIBC1,2047,10.5529
REGION1,LNDMAIHIBC1,2048,10.6592
REGION1,LNDMAIHIBC1,2049,10.7523
REGION1,LNDMAIHIBC1,2050,10.8586
REGION1,LNDMAIHRBC1,2020,0.1416
REGION1,LNDMAIHRBC1,2021,0.1322
REGION1,LNDMAIHRBC1,2022,0.1228
REGION1,LNDMAIHRBC1,2023,0.1133
REGION1,LNDMAIHRBC1,2024,0.1039
REGION1,LNDMAIHRBC1,2025,0.0944
REGION1,LNDMAIHRBC1,2026,0.085
REGION1,LNDMAIHRBC1,2027,0.0756
REGION1,LNDMAIHRBC1,2028,0.0661
REGION1,LNDMAIHRBC1,2029,0.0567
REGION1,LNDMAIHRBC1,2030,0.0472
REGION1,LNDMAIHRBC1,2031,0.0378
REGION1,LNDMAIHRBC1,2032,0.0283
REGION1,LNDMAIHRBC1,2033,0.0189
REGION1,LNDMAIHRBC1,2034,0.0094
REGION1,LNDMAIIIBC1,2020,0.0004
REGION1,LNDMAIIIBC1,2021,0.0003
REGION1,LNDMAIIIBC1,2022,0.0003
REGION1,LNDMAIIIBC1,2023,0.0003
REGION1,LNDMAIIIBC1,2024,0.0003
REGION1,LNDMAIIIBC1,2025,0.0002
REGION1,LNDMAIIIBC1,2026,0.0002
REGION1,LNDMAIIIBC1,2027,0.0002
REGION1,LNDMAIIIBC1,2028,0.0002
REGION1,LNDMAIIIBC1,2029,0.0001
REGION1,LNDMAIIIBC1,2030,0.0001
REGION1,LNDMAIIIBC1,2031,0.0001
REGION1,LNDMAIIIBC1,2032,0.0001
REGION1,LNDMAIIIBC1,2033,0.0
REGION1,LNDMAIIIBC1,2034,0.0
REGION1,LNDMAIIRBC1,2020,0.0354
REGION1,LNDMAIIRBC1,2021,0.0331
REGION1,LNDMAIIRBC1,2022,0.0307
REGION1,LNDMAIIRBC1,2023,0.0283
REGION1,LNDMAIIRBC1,2024,0.026
REGION1,LNDMAIIRBC1,2025,0.0236
REGION1,LNDMAIIRBC1,2026,0.0213
REGION1,LNDMAIIRBC1,2027,0.0189
REGION1,LNDMAIIRBC1,2028,0.0165
REGION1,LNDMAIIRBC1,2029,0.0142
REGION1,LNDMAIIRBC1,2030,0.0118
REGION1,LNDMAIIRBC1,2031,0.0094
REGION1,LNDMAIIRBC1,2032,0.0071
REGION1,LNDMAIIRBC1,2033,0.0047
REGION1,LNDMAIIRBC1,2034,0.0024
REGION1,LNDMAILRBC1,2020,16.9813
REGION1,LNDMAILRBC1,2021,16.9813
REGION1,LNDMAILRBC1,2022,16.9813
REGION1,LNDMAILRBC1,2023,16.9813
REGION1,LNDMAILRBC1,2024,16.9813
REGION1,LNDMAILRBC1,2025,16.9813
REGION1,LNDMAILRBC1,2026,16.9813
REGION1,LNDMAILRBC1,2027,16.9813
REGION1,LNDMAILRBC1,2028,16.9813
REGION1,LNDMAILRBC1,2029,16.9813
REGION1,LNDMAILRBC1,2030,16.9813
REGION1,LNDMAILRBC1,2031,16.9813
REGION1,LNDMAILRBC1,2032,16.9813
REGION1,LNDMAILRBC1,2033,16.9813
REGION1,LNDMAILRBC1,2034,16.9813
REGION1,LNDOATHIBC1,2020,0.0022
REGION1,LNDOATHIBC1,2021,0.002
REGION1,LNDOATHIBC1,2022,0.0019
REGION1,LNDOATHIBC1,2023,0.0018
REGION1,LNDOATHIBC1,2024,0.0016
REGION1,LNDOATHIBC1,2025,0.0085
REGION1,LNDOATHIBC1,2026,0.0265
REGION1,LNDOATHIBC1,2027,0.0445
REGION1,LNDOATHIBC1,2028,0.0624
REGION1,LNDOATHIBC1,2029,0.0827
REGION1,LNDOATHIBC1,2030,0.1007
REGION1,LNDOATHIBC1,2031,0.1186
REGION1,LNDOATHIBC1,2032,0.1389
REGION1,LNDOATHIBC1,2033,0.1569
REGION1,LNDOATHIBC1,2034,0.1749
REGION1,LNDOATHIBC1,2035,0.1928
REGION1,LNDOATHIBC1,2036,0.1974
REGION1,LNDOATHIBC1,2037,0.1997
REGION1,LNDOATHIBC1,2038,0.202
REGION1,LNDOATHIBC1,2039,0.2066
REGION1,LNDOATHIBC1,2040,0.2089
REGION1,LNDOATHIBC1,2041,0.2112
REGION1,LNDOATHIBC1,2042,0.2135
REGION1,LNDOATHIBC1,2043,0.2181
REGION1,LNDOATHIBC1,2044,0.2204
REGION1,LNDOATHIBC1,2045,0.2227
REGION1,LNDOATHIBC1,2046,0.225
REGION1,LNDOATHIBC1,2047,0.2296
REGION1,LNDOATHIBC1,2048,0.2319
REGION1,LNDOATHIBC1,2049,0.2342
REGION1,LNDOATHIBC1,2050,0.2388
REGION1,LNDOATHRBC1,2020,0.2164
REGION1,LNDOATHRBC1,2021,0.202
REGION1,LNDOATHRBC1,2022,0.1875
REGION1,LNDOATHRBC1,2023,0.1731
REGION1,LNDOATHRBC1,2024,0.1587
REGION1,LNDOATHRBC1,2025,0.1443
REGION1,LNDOATHRBC1,2026,0.1298
REGION1,LNDOATHRBC1,2027,0.1154
REGION1,LNDOATHRBC1,2028,0.101
REGION1,LNDOATHRBC1,2029,0.0866
REGION1,LNDOATHRBC1,2030,0.0721
REGION1,LNDOATHRBC1,2031,0.0577
REGION1,LNDOATHRBC1,2032,0.0433
REGION1,LNDOATHRBC1,2033,0.0288
REGION1,LNDOATHRBC1,2034,0.0144
REGION1,LNDOATIIBC1,2020,0.0006
REGION1,LNDOATIIBC1,2021,0.0005
REGION1,LNDOATIIBC1,2022,0.0005
REGION1,LNDOATIIBC1,2023,0.0004
REGION1,LNDOATIIBC1,2024,0.0004
REGION1,LNDOATIIBC1,2025,0.0004
REGION1,LNDOATIIBC1,2026,0.0003
REGION1,LNDOATIIBC1,2027,0.0003
REGION1,LNDOATIIBC1,2028,0.0003
REGION1,LNDOATIIBC1,2029,0.0002
REGION1,LNDOATIIBC1,2030,0.0002
REGION1,LNDOATIIBC1,2031,0.0001
REGION1,LNDOATIIBC1,2032,0.0001
REGION1,LNDOATIIBC1,2033,0.0001
REGION1,LNDOATIIBC1,2034,0.0
REGION1,LNDOATIRBC1,2020,0.0541
REGION1,LNDOATIRBC1,2021,0.0505
REGION1,LNDOATIRBC1,2022,0.0469
REGION1,LNDOATIRBC1,2023,0.0433
REGION1,LNDOATIRBC1,2024,0.0397
REGION1,LNDOATIRBC1,2025,0.0361
REGION1,LNDOATIRBC1,2026,0.0325
REGION1,LNDOATIRBC1,2027,0.0288
REGION1,LNDOATIRBC1,2028,0.0253
REGION1,LNDOATIRBC1,2029,0.0216
REGION1,LNDOATIRBC1,2030,0.018
REGION1,LNDOATIRBC1,2031,0.0144
REGION1,LNDOATIRBC1,2032,0.0108
REGION1,LNDOATIRBC1,2033,0.0072
REGION1,LNDOATIRBC1,2034,0.0036
REGION1,LNDOTHHIBC1,2020,0.3846
REGION1,LNDOTHHIBC1,2021,0.359
REGION1,LNDOTHHIBC1,2022,0.3333
REGION1,LNDOTHHIBC1,2023,0.3077
REGION1,LNDOTHHIBC1,2024,0.2821
REGION1,LNDOTHHIBC1,2025,0.2564
REGION1,LNDOTHHIBC1,2026,0.2308
REGION1,LNDOTHHIBC1,2027,0.2051
REGION1,LNDOTHHIBC1,2028,0.1795
REGION1,LNDOTHHIBC1,2029,0.1538
REGION1,LNDOTHHIBC1,2030,0.1282
REGION1,LNDOTHHIBC1,2031,0.1026
REGION1,LNDOTHHIBC1,2032,0.0769
REGION1,LNDOTHHIBC1,2033,0.0513
REGION1,LNDOTHHIBC1,2034,0.0256
REGION1,LNDOTHIIBC1,2020,2.5399
REGION1,LNDOTHIIBC1,2021,2.9894
REGION1,LNDOTHIIBC1,2022,3.0572
REGION1,LNDOTHIIBC1,2023,3.1251
REGION1,LNDOTHIIBC1,2024,3.2154
REGION1,LNDOTHIIBC1,2025,3.2496
REGION1,LNDOTHIIBC1,2026,3.3287
REGION1,LNDOTHIIBC1,2027,3.419
REGION1,LNDOTHIIBC1,2028,3.5317
REGION1,LNDOTHIIBC1,2029,3.5996
REGION1,LNDOTHIIBC1,2030,3.7236
REGION1,LNDOTHIIBC1,2031,3.8251
REGION1,LNDOTHIIBC1,2032,3.8593
REGION1,LNDOTHIIBC1,2033,3.9496
REGION1,LNDOTHIIBC1,2034,4.0399
REGION1,LNDOTHIIBC1,2035,4.1302
REGION1,LNDOTHIIBC1,2036,4.1975
REGION1,LNDOTHIIBC1,2037,4.2536
REGION1,LNDOTHIIBC1,2038,4.2985
REGION1,LNDOTHIIBC1,2039,4.3547
REGION1,LNDOTHIIBC1,2040,4.3996
REGION1,LNDOTHIIBC1,2041,4.4557
REGION1,LNDOTHIIBC1,2042,4.5006
REGION1,LNDOTHIIBC1,2043,4.5679
REGION1,LNDOTHIIBC1,2044,4.6128
REGION1,LNDOTHIIBC1,2045,4.6689
REGION1,LNDOTHIIBC1,2046,4.725
REGION1,LNDOTHIIBC1,2047,4.7699
REGION1,LNDOTHIIBC1,2048,4.826
REGION1,LNDOTHIIBC1,2049,4.8822
REGION1,LNDOTHIIBC1,2050,4.9383
REGION1,LNDPEAHIBC1,2020,0.0016
REGION1,LNDPEAHIBC1,2021,0.0015
REGION1,LNDPEAHIBC1,2022,0.0014
REGION1,LNDPEAHIBC1,2023,0.0013
REGION1,LNDPEAHIBC1,2024,0.0012
REGION1,LNDPEAHIBC1,2025,0.0142
REGION1,LNDPEAHIBC1,2026,0.0286
REGION1,LNDPEAHIBC1,2027,0.0464
REGION1,LNDPEAHIBC1,2028,0.0608
REGION1,LNDPEAHIBC1,2029,0.0785
REGION1,LNDPEAHIBC1,2030,0.0929
REGION1,LNDPEAHIBC1,2031,0.1074
REGION1,LNDPEAHIBC1,2032,0.1251
REGION1,LNDPEAHIBC1,2033,0.1395
REGION1,LNDPEAHIBC1,2034,0.1573
REGION1,LNDPEAHIBC1,2035,0.1717
REGION1,LNDPEAHIBC1,2036,0.1751
REGION1,LNDPEAHIBC1,2037,0.1818
REGION1,LNDPEAHIBC1,2038,0.1852
REGION1,LNDPEAHIBC1,2039,0.1919
REGION1,LNDPEAHIBC1,2040,0.1953
REGION1,LNDPEAHIBC1,2041,0.1987
REGION1,LNDPEAHIBC1,2042,0.2054
REGION1,LNDPEAHIBC1,2043,0.2088
REGION1,LNDPEAHIBC1,2044,0.2155
REGION1,LNDPEAHIBC1,2045,0.2189
REGION1,LNDPEAHIBC1,2046,0.2222
REGION1,LNDPEAHIBC1,2047,0.229
REGION1,LNDPEAHIBC1,2048,0.2323
REGION1,LNDPEAHIBC1,2049,0.2391
REGION1,LNDPEAHIBC1,2050,0.2424
REGION1,LNDPEAHRBC1,2020,0.1613
REGION1,LNDPEAHRBC1,2021,0.1506
REGION1,LNDPEAHRBC1,2022,0.1398
REGION1,LNDPEAHRBC1,2023,0.129
REGION1,LNDPEAHRBC1,2024,0.1183
REGION1,LNDPEAHRBC1,2025,0.1075
REGION1,LNDPEAHRBC1,2026,0.0968
REGION1,LNDPEAHRBC1,2027,0.086
REGION1,LNDPEAHRBC1,2028,0.0753
REGION1,LNDPEAHRBC1,2029,0.0645
REGION1,LNDPEAHRBC1,2030,0.0538
REGION1,LNDPEAHRBC1,2031,0.043
REGION1,LNDPEAHRBC1,2032,0.0323
REGION1,LNDPEAHRBC1,2033,0.0215
REGION1,LNDPEAHRBC1,2034,0.0107
REGION1,LNDPEAIIBC1,2020,0.0004
REGION1,LNDPEAIIBC1,2021,0.0004
REGION1,LNDPEAIIBC1,2022,0.0004
REGION1,LNDPEAIIBC1,2023,0.0003
REGION1,LNDPEAIIBC1,2024,0.0003
REGION1,LNDPEAIIBC1,2025,0.0003
REGION1,LNDPEAIIBC1,2026,0.0002
REGION1,LNDPEAIIBC1,2027,0.0002
REGION1,LNDPEAIIBC1,2028,0.0002
REGION1,LNDPEAIIBC1,2029,0.0002
REGION1,LNDPEAIIBC1,2030,0.0001
REGION1,LNDPEAIIBC1,2031,0.0001
REGION1,LNDPEAIIBC1,2032,0.0001
REGION1,LNDPEAIIBC1,2033,0.0
REGION1,LNDPEAIIBC1,2034,0.0
REGION1,LNDPEAIRBC1,2020,0.0403
REGION1,LNDPEAIRBC1,2021,0.0376
REGION1,LNDPEAIRBC1,2022,0.035
REGION1,LNDPEAIRBC1,2023,0.0323
REGION1,LNDPEAIRBC1,2024,0.0296
REGION1,LNDPEAIRBC1,2025,0.0269
REGION1,LNDPEAIRBC1,2026,0.0242
REGION1,LNDPEAIRBC1,2027,0.0215
REGION1,LNDPEAIRBC1,2028,0.0188
REGION1,LNDPEAIRBC1,2029,0.0161
REGION1,LNDPEAIRBC1,2030,0.0134
REGION1,LNDPEAIRBC1,2031,0.0107
REGION1,LNDPEAIRBC1,2032,0.0081
REGION1,LNDPEAIRBC1,2033,0.0054
REGION1,LNDPEAIRBC1,2034,0.0027
REGION1,LNDPTWHIBC1,2020,0.0002
REGION1,LNDPTWHIBC1,2021,0.0002
REGION1,LNDPTWHIBC1,2022,0.0002
REGION1,LNDPTWHIBC1,2023,0.0002
REGION1,LNDPTWHIBC1,2024,0.0002
REGION1,LNDPTWHIBC1,2025,0.0002
REGION1,LNDPTWHIBC1,2026,0.0001
REGION1,LNDPTWHIBC1,2027,0.0001
REGION1,LNDPTWHIBC1,2028,0.0001
REGION1,LNDPTWHIBC1,2029,0.0001
REGION1,LNDPTWHIBC1,2030,0.0001
REGION1,LNDPTWHIBC1,2031,0.0001
REGION1,LNDPTWHIBC1,2032,0.0
REGION1,LNDPTWHIBC1,2033,0.0
REGION1,LNDPTWHIBC1,2034,0.0
REGION1,LNDPTWHIBC1,2035,0.0002
REGION1,LNDPTWHIBC1,2036,0.0002
REGION1,LNDPTWHIBC1,2037,0.0002
REGION1,LNDPTWHIBC1,2038,0.0002
REGION1,LNDPTWHIBC1,2039,0.0002
REGION1,LNDPTWHIBC1,2040,0.0002
REGION1,LNDPTWHIBC1,2041,0.0002
REGION1,LNDPTWHIBC1,2042,0.0002
REGION1,LNDPTWHIBC1,2043,0.0002
REGION1,LNDPTWHIBC1,2044,0.0002
REGION1,LNDPTWHIBC1,2045,0.0002
REGION1,LNDPTWHIBC1,2046,0.0002
REGION1,LNDPTWHIBC1,2047,0.0002
REGION1,LNDPTWHIBC1,2048,0.0002
REGION1,LNDPTWHIBC1,2049,0.0002
REGION1,LNDPTWHIBC1,2050,0.0002
REGION1,LNDPTWHRBC1,2020,0.0232
REGION1,LNDPTWHRBC1,2021,0.0217
REGION1,LNDPTWHRBC1,2022,0.0201
REGION1,LNDPTWHRBC1,2023,0.0186
REGION1,LNDPTWHRBC1,2024,0.017
REGION1,LNDPTWHRBC1,2025,0.0155
REGION1,LNDPTWHRBC1,2026,0.0139
REGION1,LNDPTWHRBC1,2027,0.0124
REGION1,LNDPTWHRBC1,2028,0.0108
REGION1,LNDPTWHRBC1,2029,0.0093
REGION1,LNDPTWHRBC1,2030,0.0078
REGION1,LNDPTWHRBC1,2031,0.0062
REGION1,LNDPTWHRBC1,2032,0.0046
REGION1,LNDPTWHRBC1,2033,0.0031
REGION1,LNDPTWHRBC1,2034,0.0016
REGION1,LNDPTWIIBC1,2020,0.0001
REGION1,LNDPTWIIBC1,2021,0.0
REGION1,LNDPTWIIBC1,2022,0.0
REGION1,LNDPTWIIBC1,2023,0.0
REGION1,LNDPTWIIBC1,2024,0.0
REGION1,LNDPTWIIBC1,2025,0.0
REGION1,LNDPTWIIBC1,2026,0.0
REGION1,LNDPTWIIBC1,2027,0.0
REGION1,LNDPTWIIBC1,2028,0.0
REGION1,LNDPTWIIBC1,2029,0.0
REGION1,LNDPTWIIBC1,2030,0.0
REGION1,LNDPTWIIBC1,2031,0.0
REGION1,LNDPTWIIBC1,2032,0.0
REGION1,LNDPTWIIBC1,2033,0.0
REGION1,LNDPTWIRBC1,2020,0.0058
REGION1,LNDPTWIRBC1,2021,0.0054
REGION1,LNDPTWIRBC1,2022,0.005
REGION1,LNDPTWIRBC1,2023,0.0046
REGION1,LNDPTWIRBC1,2024,0.0043
REGION1,LNDPTWIRBC1,2025,0.0039
REGION1,LNDPTWIRBC1,2026,0.0035
REGION1,LNDPTWIRBC1,2027,0.0031
REGION1,LNDPTWIRBC1,2028,0.0027
REGION1,LNDPTWIRBC1,2029,0.0023
REGION1,LNDPTWIRBC1,2030,0.0019
REGION1,LNDPTWIRBC1,2031,0.0016
REGION1,LNDPTWIRBC1,2032,0.0012
REGION1,LNDPTWIRBC1,2033,0.0008
REGION1,LNDPTWIRBC1,2034,0.0004
REGION1,LNDRAPHIBC1,2020,0.0031
REGION1,LNDRAPHIBC1,2021,0.0029
REGION1,LNDRAPHIBC1,2022,0.0027
REGION1,LNDRAPHIBC1,2023,0.0025
REGION1,LNDRAPHIBC1,2024,0.0023
REGION1,LNDRAPHIBC1,2025,0.0214
REGION1,LNDRAPHIBC1,2026,0.0491
REGION1,LNDRAPHIBC1,2027,0.0767
REGION1,LNDRAPHIBC1,2028,0.1016
REGION1,LNDRAPHIBC1,2029,0.1292
REGION1,LNDRAPHIBC1,2030,0.1568
REGION1,LNDRAPHIBC1,2031,0.1817
REGION1,LNDRAPHIBC1,2032,0.2093
REGION1,LNDRAPHIBC1,2033,0.2369
REGION1,LNDRAPHIBC1,2034,0.2618
REGION1,LNDRAPHIBC1,2035,0.2894
REGION1,LNDRAPHIBC1,2036,0.2948
REGION1,LNDRAPHIBC1,2037,0.2976
REGION1,LNDRAPHIBC1,2038,0.303
REGION1,LNDRAPHIBC1,2039,0.3058
REGION1,LNDRAPHIBC1,2040,0.3112
REGION1,LNDRAPHIBC1,2041,0.3167
REGION1,LNDRAPHIBC1,2042,0.3194
REGION1,LNDRAPHIBC1,2043,0.3249
REGION1,LNDRAPHIBC1,2044,0.3303
REGION1,LNDRAPHIBC1,2045,0.3331
REGION1,LNDRAPHIBC1,2046,0.3385
REGION1,LNDRAPHIBC1,2047,0.344
REGION1,LNDRAPHIBC1,2048,0.3467
REGION1,LNDRAPHIBC1,2049,0.3522
REGION1,LNDRAPHIBC1,2050,0.3576
REGION1,LNDRAPHRBC1,2020,0.305
REGION1,LNDRAPHRBC1,2021,0.2847
REGION1,LNDRAPHRBC1,2022,0.2644
REGION1,LNDRAPHRBC1,2023,0.244
REGION1,LNDRAPHRBC1,2024,0.2237
REGION1,LNDRAPHRBC1,2025,0.2034
REGION1,LNDRAPHRBC1,2026,0.183
REGION1,LNDRAPHRBC1,2027,0.1627
REGION1,LNDRAPHRBC1,2028,0.1424
REGION1,LNDRAPHRBC1,2029,0.122
REGION1,LNDRAPHRBC1,2030,0.1017
REGION1,LNDRAPHRBC1,2031,0.0813
REGION1,LNDRAPHRBC1,2032,0.061
REGION1,LNDRAPHRBC1,2033,0.0407
REGION1,LNDRAPHRBC1,2034,0.0203
REGION1,LNDRAPIIBC1,2020,0.0008
REGION1,LNDRAPIIBC1,2021,0.0007
REGION1,LNDRAPIIBC1,2022,0.0007
REGION1,LNDRAPIIBC1,2023,0.0006
REGION1,LNDRAPIIBC1,2024,0.0006
REGION1,LNDRAPIIBC1,2025,0.0005
REGION1,LNDRAPIIBC1,2026,0.0005
REGION1,LNDRAPIIBC1,2027,0.0004
REGION1,LNDRAPIIBC1,2028,0.0004
REGION1,LNDRAPIIBC1,2029,0.0003
REGION1,LNDRAPIIBC1,2030,0.0003
REGION1,LNDRAPIIBC1,2031,0.0002
REGION1,LNDRAPIIBC1,2032,0.0001
REGION1,LNDRAPIIBC1,2033,0.0001
REGION1,LNDRAPIIBC1,2034,0.0
REGION1,LNDRAPIRBC1,2020,0.0763
REGION1,LNDRAPIRBC1,2021,0.0712
REGION1,LNDRAPIRBC1,2022,0.0661
REGION1,LNDRAPIRBC1,2023,0.061
REGION1,LNDRAPIRBC1,2024,0.0559
REGION1,LNDRAPIRBC1,2025,0.0508
REGION1,LNDRAPIRBC1,2026,0.0458
REGION1,LNDRAPIRBC1,2027,0.0407
REGION1,LNDRAPIRBC1,2028,0.0356
REGION1,LNDRAPIRBC1,2029,0.0305
REGION1,LNDRAPIRBC1,2030,0.0254
REGION1,LNDRAPIRBC1,2031,0.0203
REGION1,LNDRAPIRBC1,2032,0.0152
REGION1,LNDRAPIRBC1,2033,0.0102
REGION1,LNDRAPIRBC1,2034,0.0051
REGION1,LNDRYEHIBC1,2020,0.0001
REGION1,LNDRYEHIBC1,2021,0.0001
REGION1,LNDRYEHIBC1,2022,0.0001
REGION1,LNDRYEHIBC1,2023,0.0001
REGION1,LNDRYEHIBC1,2024,0.0001
REGION1,LNDRYEHIBC1,2025,0.0001
REGION1,LNDRYEHIBC1,2026,0.0001
REGION1,LNDRYEHIBC1,2027,0.0001
REGION1,LNDRYEHIBC1,2028,0.0001
REGION1,LNDRYEHIBC1,2029,0.0001
REGION1,LNDRYEHIBC1,2030,0.0
REGION1,LNDRYEHIBC1,2031,0.0
REGION1,LNDRYEHIBC1,2032,0.0
REGION1,LNDRYEHIBC1,2033,0.0
REGION1,LNDRYEHIBC1,2034,0.0
REGION1,LNDRYEHRBC1,2020,0.0151
REGION1,LNDRYEHRBC1,2021,0.0141
REGION1,LNDRYEHRBC1,2022,0.0131
REGION1,LNDRYEHRBC1,2023,0.0121
REGION1,LNDRYEHRBC1,2024,0.0111
REGION1,LNDRYEHRBC1,2025,0.0101
REGION1,LNDRYEHRBC1,2026,0.0091
REGION1,LNDRYEHRBC1,2027,0.0081
REGION1,LNDRYEHRBC1,2028,0.007
REGION1,LNDRYEHRBC1,2029,0.006
REGION1,LNDRYEHRBC1,2030,0.005
REGION1,LNDRYEHRBC1,2031,0.0042
REGION1,LNDRYEHRBC1,2032,0.0043
REGION1,LNDRYEHRBC1,2033,0.0045
REGION1,LNDRYEHRBC1,2034,0.0047
REGION1,LNDRYEHRBC1,2035,0.0046
REGION1,LNDRYEHRBC1,2036,0.0046
REGION1,LNDRYEHRBC1,2037,0.0046
REGION1,LNDRYEHRBC1,2038,0.0046
REGION1,LNDRYEHRBC1,2039,0.0046
REGION1,LNDRYEHRBC1,2040,0.0046
REGION1,LNDRYEHRBC1,2041,0.0046
REGION1,LNDRYEHRBC1,2042,0.0046
REGION1,LNDRYEHRBC1,2043,0.0046
REGION1,LNDRYEHRBC1,2044,0.0046
REGION1,LNDRYEHRBC1,2045,0.0046
REGION1,LNDRYEHRBC1,2046,0.0045
REGION1,LNDRYEHRBC1,2047,0.0044
REGION1,LNDRYEHRBC1,2048,0.0044
REGION1,LNDRYEHRBC1,2049,0.0044
REGION1,LNDRYEHRBC1,2050,0.0044
REGION1,LNDRYEIIBC1,2020,0.0
REGION1,LNDRYEIIBC1,2021,0.0
REGION1,LNDRYEIIBC1,2022,0.0
REGION1,LNDRYEIIBC1,2023,0.0
REGION1,LNDRYEIIBC1,2024,0.0
REGION1,LNDRYEIIBC1,2025,0.0
REGION1,LNDRYEIIBC1,2026,0.0
REGION1,LNDRYEIIBC1,2027,0.0
REGION1,LNDRYEIIBC1,2028,0.0
REGION1,LNDRYEIIBC1,2029,0.0
REGION1,LNDRYEIIBC1,2030,0.0
REGION1,LNDRYEIIBC1,2031,0.0
REGION1,LNDRYEIIBC1,2032,0.0
REGION1,LNDRYEIIBC1,2033,0.0
REGION1,LNDRYEIRBC1,2020,0.0038
REGION1,LNDRYEIRBC1,2021,0.0035
REGION1,LNDRYEIRBC1,2022,0.0033
REGION1,LNDRYEIRBC1,2023,0.003
REGION1,LNDRYEIRBC1,2024,0.0028
REGION1,LNDRYEIRBC1,2025,0.0025
REGION1,LNDRYEIRBC1,2026,0.0023
REGION1,LNDRYEIRBC1,2027,0.002
REGION1,LNDRYEIRBC1,2028,0.0018
REGION1,LNDRYEIRBC1,2029,0.0015
REGION1,LNDRYEIRBC1,2030,0.0013
REGION1,LNDRYEIRBC1,2031,0.001
REGION1,LNDRYEIRBC1,2032,0.0008
REGION1,LNDRYEIRBC1,2033,0.0005
REGION1,LNDRYEIRBC1,2034,0.0002
REGION1,LNDRYELRBC1,2035,0.0007
REGION1,LNDRYELRBC1,2036,0.0007
REGION1,LNDRYELRBC1,2037,0.0007
REGION1,LNDRYELRBC1,2038,0.0007
REGION1,LNDRYELRBC1,2039,0.0007
REGION1,LNDRYELRBC1,2040,0.0007
REGION1,LNDRYELRBC1,2041,0.0007
REGION1,LNDRYELRBC1,2042,0.0007
REGION1,LNDRYELRBC1,2043,0.0007
REGION1,LNDRYELRBC1,2044,0.0007
REGION1,LNDRYELRBC1,2045,0.0007
REGION1,LNDRYELRBC1,2046,0.0007
REGION1,LNDRYELRBC1,2047,0.0007
REGION1,LNDRYELRBC1,2048,0.0007
REGION1,LNDRYELRBC1,2049,0.0007
REGION1,LNDWATBC1,2020,43.4772
REGION1,LNDWATBC1,2021,43.4772
REGION1,LNDWATBC1,2022,43.4772
REGION1,LNDWATBC1,2023,43.4772
REGION1,LNDWATBC1,2024,43.4772
REGION1,LNDWATBC1,2025,43.4772
REGION1,LNDWATBC1,2026,43.4772
REGION1,LNDWATBC1,2027,43.4772
REGION1,LNDWATBC1,2028,43.4772
REGION1,LNDWATBC1,2029,43.4772
REGION1,LNDWATBC1,2030,43.4772
REGION1,LNDWATBC1,2031,43.4772
REGION1,LNDWATBC1,2032,43.4772
REGION1,LNDWATBC1,2033,43.4772
REGION1,LNDWATBC1,2034,43.4772
REGION1,LNDWATBC1,2035,43.4772
REGION1,LNDWATBC1,2036,43.6949
REGION1,LNDWATBC1,2037,43.4772
REGION1,LNDWATBC1,2038,43.4973
REGION1,LNDWATBC1,2039,43.5734
REGION1,LNDWATBC1,2040,43.6423
REGION1,LNDWATBC1,2041,43.4772
REGION1,LNDWATBC1,2042,43.7792
REGION1,LNDWATBC1,2043,43.8403
REGION1,LNDWATBC1,2044,43.4772
REGION1,LNDWATBC1,2045,43.4772
REGION1,LNDWATBC1,2046,43.4772
REGION1,LNDWATBC1,2047,43.4772
REGION1,LNDWATBC1,2048,43.4772
REGION1,LNDWATBC1,2049,43.4772
REGION1,LNDWATBC1,2050,44.026
REGION1,LNDWHEHIBC1,2020,0.0035
REGION1,LNDWHEHIBC1,2021,0.0032
REGION1,LNDWHEHIBC1,2022,0.003
REGION1,LNDWHEHIBC1,2023,0.0028
REGION1,LNDWHEHIBC1,2024,0.0025
REGION1,LNDWHEHIBC1,2025,0.0023
REGION1,LNDWHEHIBC1,2026,0.0021
REGION1,LNDWHEHIBC1,2027,0.0018
REGION1,LNDWHEHIBC1,2028,0.0016
REGION1,LNDWHEHIBC1,2029,0.0014
REGION1,LNDWHEHIBC1,2030,0.0012
REGION1,LNDWHEHIBC1,2031,0.0009
REGION1,LNDWHEHIBC1,2032,0.0007
REGION1,LNDWHEHIBC1,2033,0.0005
REGION1,LNDWHEHIBC1,2034,0.0002
REGION1,LNDWHEHRBC1,2020,0.3432
REGION1,LNDWHEHRBC1,2021,0.3203
REGION1,LNDWHEHRBC1,2022,0.2975
REGION1,LNDWHEHRBC1,2023,0.2746
REGION1,LNDWHEHRBC1,2024,0.2517
REGION1,LNDWHEHRBC1,2025,0.2288
REGION1,LNDWHEHRBC1,2026,0.2059
REGION1,LNDWHEHRBC1,2027,0.183
REGION1,LNDWHEHRBC1,2028,0.1602
REGION1,LNDWHEHRBC1,2029,0.1373
REGION1,LNDWHEHRBC1,2030,0.1144
REGION1,LNDWHEHRBC1,2031,0.0945
REGION1,LNDWHEHRBC1,2032,0.0996
REGION1,LNDWHEHRBC1,2033,0.1047
REGION1,LNDWHEHRBC1,2034,0.1085
REGION1,LNDWHEHRBC1,2035,0.1136
REGION1,LNDWHEHRBC1,2036,0.1149
REGION1,LNDWHEHRBC1,2037,0.1162
REGION1,LNDWHEHRBC1,2038,0.1174
REGION1,LNDWHEHRBC1,2039,0.1187
REGION1,LNDWHEHRBC1,2040,0.1199
REGION1,LNDWHEHRBC1,2041,0.1212
REGION1,LNDWHEHRBC1,2042,0.1225
REGION1,LNDWHEHRBC1,2043,0.1225
REGION1,LNDWHEHRBC1,2044,0.1237
REGION1,LNDWHEHRBC1,2045,0.125
REGION1,LNDWHEHRBC1,2046,0.1263
REGION1,LNDWHEHRBC1,2047,0.1275
REGION1,LNDWHEHRBC1,2048,0.1288
REGION1,LNDWHEHRBC1,2049,0.1301
REGION1,LNDWHEHRBC1,2050,0.1313
REGION1,LNDWHEIIBC1,2020,0.0009
REGION1,LNDWHEIIBC1,2021,0.0008
REGION1,LNDWHEIIBC1,2022,0.0008
REGION1,LNDWHEIIBC1,2023,0.0007
REGION1,LNDWHEIIBC1,2024,0.0006
REGION1,LNDWHEIIBC1,2025,0.0006
REGION1,LNDWHEIIBC1,2026,0.0005
REGION1,LNDWHEIIBC1,2027,0.0005
REGION1,LNDWHEIIBC1,2028,0.0004
REGION1,LNDWHEIIBC1,2029,0.0004
REGION1,LNDWHEIIBC1,2030,0.0003
REGION1,LNDWHEIIBC1,2031,0.0002
REGION1,LNDWHEIIBC1,2032,0.0002
REGION1,LNDWHEIIBC1,2033,0.0001
REGION1,LNDWHEIIBC1,2034,0.0001
REGION1,LNDWHEIRBC1,2020,0.0858
REGION1,LNDWHEIRBC1,2021,0.0801
REGION1,LNDWHEIRBC1,2022,0.0744
REGION1,LNDWHEIRBC1,2023,0.0686
REGION1,LNDWHEIRBC1,2024,0.0629
REGION1,LNDWHEIRBC1,2025,0.0572
REGION1,LNDWHEIRBC1,2026,0.0515
REGION1,LNDWHEIRBC1,2027,0.0458
REGION1,LNDWHEIRBC1,2028,0.04
REGION1,LNDWHEIRBC1,2029,0.0343
REGION1,LNDWHEIRBC1,2030,0.0286
REGION1,LNDWHEIRBC1,2031,0.0229
REGION1,LNDWHEIRBC1,2032,0.0172
REGION1,LNDWHEIRBC1,2033,0.0114
REGION1,LNDWHEIRBC1,2034,0.0057
REGION1,MINLNDBC1,2020,934.3434
REGION1,MINLNDBC1,2021,934.3434
REGION1,MINLNDBC1,2022,934.3434
REGION1,MINLNDBC1,2023,934.3434
REGION1,MINLNDBC1,2024,934.3434
REGION1,MINLNDBC1,2025,934.3434
REGION1,MINLNDBC1,2026,934.3434
REGION1,MINLNDBC1,2027,934.3434
REGION1,MINLNDBC1,2028,934.3434
REGION1,MINLNDBC1,2029,934.3434
REGION1,MINLNDBC1,2030,934.3434
REGION1,MINLNDBC1,2031,934.3434
REGION1,MINLNDBC1,2032,934.3434
REGION1,MINLNDBC1,2033,934.3434
REGION1,MINLNDBC1,2034,934.3434
REGION1,MINLNDBC1,2035,934.3434
REGION1,MINLNDBC1,2036,934.3434
REGION1,MINLNDBC1,2037,934.3434
REGION1,MINLNDBC1,2038,934.3434
REGION1,MINLNDBC1,2039,934.3434
REGION1,MINLNDBC1,2040,934.3434
REGION1,MINLNDBC1,2041,934.3434
REGION1,MINLNDBC1,2042,934.3434
REGION1,MINLNDBC1,2043,934.3434
REGION1,MINLNDBC1,2044,934.3434
REGION1,MINLNDBC1,2045,934.3434
REGION1,MINLNDBC1,2046,934.3434
REGION1,MINLNDBC1,2047,934.3434
REGION1,MINLNDBC1,2048,934.3434
REGION1,MINLNDBC1,2049,934.3434
REGION1,MINLNDBC1,2050,934.3434
REGION1,MINNGS,2020,848.5002
REGION1,MINNGS,2021,848.5002
REGION1,MINNGS,2022,848.5002
REGION1,MINNGS,2023,848.5002
REGION1,MINNGS,2024,848.5002
REGION1,MINNGS,2025,848.5002
REGION1,MINNGS,2026,848.5002
REGION1,MINNGS,2027,848.5002
REGION1,MINNGS,2028,848.5002
REGION1,MINNGS,2029,848.5002
REGION1,MINNGS,2030,848.5002
REGION1,MINNGS,2031,848.5002
REGION1,MINNGS,2032,848.5002
REGION1,MINNGS,2033,848.5002
REGION1,MINNGS,2034,848.5002
REGION1,MINNGS,2035,848.5002
REGION1,MINNGS,2036,848.5002
REGION1,MINNGS,2037,848.5002
REGION1,MINNGS,2038,848.5002
REGION1,MINNGS,2039,848.5002
REGION1,MINNGS,2040,848.5002
REGION1,MINNGS,2041,848.5002
REGION1,MINNGS,2042,848.5002
REGION1,MINNGS,2043,848.5002
REGION1,MINNGS,2044,848.5002
REGION1,MINNGS,2045,848.5002
REGION1,MINNGS,2046,848.5002
REGION1,MINNGS,2047,848.5002
REGION1,MINNGS,2048,848.5002
REGION1,MINNGS,2049,914.0894
REGION1,MINNGS,2050,914.0894
REGION1,MINPRCBC1,2020,703.4104
REGION1,MINPRCBC1,2021,711.1966
REGION1,MINPRCBC1,2022,711.155
REGION1,MINPRCBC1,2023,712.6881
REGION1,MINPRCBC1,2024,713.6629
REGION1,MINPRCBC1,2025,713.7072
REGION1,MINPRCBC1,2026,714.046
REGION1,MINPRCBC1,2027,696.1334
REGION1,MINPRCBC1,2028,696.6578
REGION1,MINPRCBC1,2029,696.9745
REGION1,MINPRCBC1,2030,697.2037
REGION1,MINPRCBC1,2031,697.6876
REGION1,MINPRCBC1,2032,697.6149
REGION1,MINPRCBC1,2033,697.9081
REGION1,MINPRCBC1,2034,698.0644
REGION1,MINPRCBC1,2035,679.3106
REGION1,MINPRCBC1,2036,678.1102
REGION1,MINPRCBC1,2037,677.9341
REGION1,MINPRCBC1,2038,677.6232
REGION1,MINPRCBC1,2039,677.1861
REGION1,MINPRCBC1,2040,677.4242
REGION1,MINPRCBC1,2041,677.7964
REGION1,MINPRCBC1,2042,678.1417
REGION1,MINPRCBC1,2043,678.4948
REGION1,MINPRCBC1,2044,678.8181
REGION1,MINPRCBC1,2045,679.1494
REGION1,MINPRCBC1,2046,679.4738
REGION1,MINPRCBC1,2047,679.8022
REGION1,MINPRCBC1,2048,680.1353
REGION1,MINPRCBC1,2049,680.4586
REGION1,MINPRCBC1,2050,680.7909
REGION1,MINURN,2024,88.6002
REGION1,MINURN,2025,88.6002
REGION1,MINURN,2026,95.269
REGION1,MINURN,2027,134.8762
REGION1,MINURN,2028,172.5996
REGION1,MINURN,2029,207.8997
REGION1,MINURN,2030,248.6973
REGION1,MINURN,2031,406.2819
REGION1,MINURN,2032,563.3601
REGION1,MINURN,2033,719.5702
REGION1,MINURN,2034,874.1744
REGION1,MINURN,2035,946.08
REGION1,MINURN,2036,946.08
REGION1,MINURN,2037,946.08
REGION1,MINURN,2038,946.08
REGION1,MINURN,2039,946.08
REGION1,MINURN,2040,946.08
REGION1,MINURN,2041,946.08
REGION1,MINURN,2042,946.08
REGION1,MINURN,2043,946.08
REGION1,MINURN,2044,946.08
REGION1,MINURN,2045,946.08
REGION1,MINURN,2046,946.08
REGION1,MINURN,2047,946.08
REGION1,MINURN,2048,946.08
REGION1,MINURN,2049,946.08
REGION1,MINURN,2050,946.08
REGION1,PWRBIOB01,2020,0.05
REGION1,PWRBIOB01,2021,0.05
REGION1,PWRBIOB01,2022,0.05
REGION1,PWRBIOB01,2023,0.05
REGION1,PWRBIOB01,2024,0.05
REGION1,PWRBIOB01,2025,0.05
REGION1,PWRBIOB02,2020,0.18
REGION1,PWRBIOB02,2021,0.18
REGION1,PWRBIOB02,2022,0.18
REGION1,PWRBIOB02,2023,0.18
REGION1,PWRBIOB02,2024,0.18
REGION1,PWRBIOB02,2025,0.18
REGION1,PWRBIOB03,2020,0.06
REGION1,PWRBIOB03,2021,0.06
REGION1,PWRBIOB03,2022,0.06
REGION1,PWRBIOB03,2023,0.06
REGION1,PWRBIOB03,2024,0.06
REGION1,PWRBIOB03,2025,0.06
REGION1,PWRBIOB04,2020,0.27
REGION1,PWRBIOB04,2021,0.27
REGION1,PWRBIOB04,2022,0.27
REGION1,PWRBIOB04,2023,0.27
REGION1,PWRBIOB04,2024,0.27
REGION1,PWRBIOB04,2025,0.27
REGION1,PWRBIOB05,2020,0.16
REGION1,PWRBIOB05,2021,0.16
REGION1,PWRBIOB05,2022,0.16
REGION1,PWRBIOB05,2023,0.16
REGION1,PWRBIOB05,2024,0.16
REGION1,PWRBIOB05,2025,0.16
REGION1,PWRGEOB01,2025,0.4
REGION1,PWRGEOB01,2026,0.4
REGION1,PWRGEOB01,2027,0.4
REGION1,PWRGEOB01,2028,0.4
REGION1,PWRGEOB01,2029,0.4
REGION1,PWRGEOB01,2030,0.4
REGION1,PWRGEOB01,2031,0.4
REGION1,PWRGEOB01,2032,0.4
REGION1,PWRGEOB01,2033,0.4
REGION1,PWRGEOB01,2034,0.4
REGION1,PWRGEOB01,2035,0.4
REGION1,PWRGEOB01,2036,0.4
REGION1,PWRGEOB01,2037,0.4
REGION1,PWRGEOB01,2038,0.4
REGION1,PWRGEOB01,2039,0.4
REGION1,PWRGEOB01,2040,0.4
REGION1,PWRGEOB01,2041,0.4
REGION1,PWRGEOB01,2042,0.4
REGION1,PWRGEOB01,2043,0.4
REGION1,PWRGEOB01,2044,0.4
REGION1,PWRGEOB01,2045,0.4
REGION1,PWRGEOB01,2046,0.4
REGION1,PWRGEOB01,2047,0.4
REGION1,PWRGEOB01,2048,0.4
REGION1,PWRGEOB01,2049,0.4
REGION1,PWRGEOB01,2050,0.4
REGION1,PWRGEOB02,2025,2.6
REGION1,PWRGEOB02,2026,2.6
REGION1,PWRGEOB02,2027,2.6
REGION1,PWRGEOB02,2028,2.6
REGION1,PWRGEOB02,2029,2.6
REGION1,PWRGEOB02,2030,2.6
REGION1,PWRGEOB02,2031,2.6
REGION1,PWRGEOB02,2032,2.6
REGION1,PWRGEOB02,2033,2.6
REGION1,PWRGEOB02,2034,2.6
REGION1,PWRGEOB02,2035,2.6
REGION1,PWRGEOB02,2036,2.6
REGION1,PWRGEOB02,2037,2.6
REGION1,PWRGEOB02,2038,2.6
REGION1,PWRGEOB02,2039,2.6
REGION1,PWRGEOB02,2040,2.6
REGION1,PWRGEOB02,2041,2.6
REGION1,PWRGEOB02,2042,2.6
REGION1,PWRGEOB02,2043,2.6
REGION1,PWRGEOB02,2044,2.6
REGION1,PWRGEOB02,2045,2.6
REGION1,PWRGEOB02,2046,2.6
REGION1,PWRGEOB02,2047,2.6
REGION1,PWRGEOB02,2048,2.6
REGION1,PWRGEOB02,2049,2.6
REGION1,PWRGEOB02,2050,2.6
REGION1,PWRGEOB03,2035,0.9201
REGION1,PWRGEOB03,2036,2.6
REGION1,PWRGEOB03,2037,2.6
REGION1,PWRGEOB03,2038,2.6
REGION1,PWRGEOB03,2039,2.6
REGION1,PWRGEOB03,2040,2.6
REGION1,PWRGEOB03,2041,2.6
REGION1,PWRGEOB03,2042,2.6
REGION1,PWRGEOB03,2043,2.6
REGION1,PWRGEOB03,2044,2.6
REGION1,PWRGEOB03,2045,2.6
REGION1,PWRGEOB03,2046,2.6
REGION1,PWRGEOB03,2047,2.6
REGION1,PWRGEOB03,2048,2.6
REGION1,PWRGEOB03,2049,2.6
REGION1,PWRGEOB03,2050,2.6
REGION1,PWRHYDB01,2020,2.73
REGION1,PWRHYDB01,2021,2.73
REGION1,PWRHYDB01,2022,2.73
REGION1,PWRHYDB01,2023,2.73
REGION1,PWRHYDB01,2024,2.73
REGION1,PWRHYDB01,2025,2.73
REGION1,PWRHYDB01,2026,2.73
REGION1,PWRHYDB01,2027,2.73
REGION1,PWRHYDB01,2028,2.73
REGION1,PWRHYDB01,2029,2.73
REGION1,PWRHYDB01,2030,2.73
REGION1,PWRHYDB01,2031,2.73
REGION1,PWRHYDB01,2032,2.73
REGION1,PWRHYDB01,2033,2.73
REGION1,PWRHYDB01,2034,2.73
REGION1,PWRHYDB01,2035,2.73
REGION1,PWRHYDB01,2036,2.73
REGION1,PWRHYDB01,2037,2.73
REGION1,PWRHYDB01,2038,2.73
REGION1,PWRHYDB01,2039,2.73
REGION1,PWRHYDB01,2040,2.73
REGION1,PWRHYDB01,2041,2.73
REGION1,PWRHYDB01,2042,2.73
REGION1,PWRHYDB01,2043,2.73
REGION1,PWRHYDB01,2044,2.73
REGION1,PWRHYDB01,2045,2.73
REGION1,PWRHYDB01,2046,2.73
REGION1,PWRHYDB01,2047,2.73
REGION1,PWRHYDB01,2048,2.73
REGION1,PWRHYDB01,2049,2.73
REGION1,PWRHYDB01,2050,2.73
REGION1,PWRHYDB02,2020,0.69
REGION1,PWRHYDB02,2021,0.69
REGION1,PWRHYDB02,2022,0.69
REGION1,PWRHYDB02,2023,0.69
REGION1,PWRHYDB02,2024,0.69
REGION1,PWRHYDB02,2025,0.69
REGION1,PWRHYDB02,2026,0.69
REGION1,PWRHYDB02,2027,0.69
REGION1,PWRHYDB02,2028,0.69
REGION1,PWRHYDB02,2029,0.69
REGION1,PWRHYDB02,2030,0.69
REGION1,PWRHYDB02,2031,0.69
REGION1,PWRHYDB02,2032,0.69
REGION1,PWRHYDB02,2033,0.69
REGION1,PWRHYDB02,2034,0.69
REGION1,PWRHYDB02,2035,0.69
REGION1,PWRHYDB02,2036,0.69
REGION1,PWRHYDB02,2037,0.69
REGION1,PWRHYDB02,2038,0.69
REGION1,PWRHYDB02,2039,0.69
REGION1,PWRHYDB02,2040,0.69
REGION1,PWRHYDB02,2041,0.69
REGION1,PWRHYDB02,2042,0.69
REGION1,PWRHYDB02,2043,0.69
REGION1,PWRHYDB02,2044,0.69
REGION1,PWRHYDB02,2045,0.69
REGION1,PWRHYDB02,2046,0.69
REGION1,PWRHYDB02,2047,0.69
REGION1,PWRHYDB02,2048,0.69
REGION1,PWRHYDB02,2049,0.69
REGION1,PWRHYDB02,2050,0.69
REGION1,PWRHYDB03,2020,0.31
REGION1,PWRHYDB03,2021,0.31
REGION1,PWRHYDB03,2022,0.31
REGION1,PWRHYDB03,2023,0.31
REGION1,PWRHYDB03,2024,0.31
REGION1,PWRHYDB03,2025,0.31
REGION1,PWRHYDB03,2026,0.31
REGION1,PWRHYDB03,2027,0.31
REGION1,PWRHYDB03,2028,0.31
REGION1,PWRHYDB03,2029,0.31
REGION1,PWRHYDB03,2030,0.31
REGION1,PWRHYDB03,2031,0.31
REGION1,PWRHYDB03,2032,0.31
REGION1,PWRHYDB03,2033,0.31
REGION1,PWRHYDB03,2034,0.31
REGION1,PWRHYDB03,2035,0.31
REGION1,PWRHYDB03,2036,0.31
REGION1,PWRHYDB03,2037,0.31
REGION1,PWRHYDB03,2038,0.31
REGION1,PWRHYDB03,2039,0.31
REGION1,PWRHYDB03,2040,0.31
REGION1,PWRHYDB03,2041,0.31
REGION1,PWRHYDB03,2042,0.31
REGION1,PWRHYDB03,2043,0.31
REGION1,PWRHYDB03,2044,0.31
REGION1,PWRHYDB03,2045,0.31
REGION1,PWRHYDB03,2046,0.31
REGION1,PWRHYDB03,2047,0.31
REGION1,PWRHYDB03,2048,0.31
REGION1,PWRHYDB03,2049,0.31
REGION1,PWRHYDB03,2050,0.31
REGION1,PWRHYDB04,2020,0.96
REGION1,PWRHYDB04,2021,0.96
REGION1,PWRHYDB04,2022,0.96
REGION1,PWRHYDB04,2023,0.96
REGION1,PWRHYDB04,2024,0.96
REGION1,PWRHYDB04,2025,0.96
REGION1,PWRHYDB04,2026,0.96
REGION1,PWRHYDB04,2027,0.96
REGION1,PWRHYDB04,2028,0.96
REGION1,PWRHYDB04,2029,0.96
REGION1,PWRHYDB04,2030,0.96
REGION1,PWRHYDB04,2031,0.96
REGION1,PWRHYDB04,2032,0.96
REGION1,PWRHYDB04,2033,0.96
REGION1,PWRHYDB04,2034,0.96
REGION1,PWRHYDB04,2035,0.96
REGION1,PWRHYDB04,2036,0.96
REGION1,PWRHYDB04,2037,0.96
REGION1,PWRHYDB04,2038,0.96
REGION1,PWRHYDB04,2039,0.96
REGION1,PWRHYDB04,2040,0.96
REGION1,PWRHYDB04,2041,0.96
REGION1,PWRHYDB04,2042,0.96
REGION1,PWRHYDB04,2043,0.96
REGION1,PWRHYDB04,2044,0.96
REGION1,PWRHYDB04,2045,0.96
REGION1,PWRHYDB04,2046,0.96
REGION1,PWRHYDB04,2047,0.96
REGION1,PWRHYDB04,2048,0.96
REGION1,PWRHYDB04,2049,0.96
REGION1,PWRHYDB04,2050,0.96
REGION1,PWRHYDB05,2020,0.06
REGION1,PWRHYDB05,2021,0.06
REGION1,PWRHYDB05,2022,0.06
REGION1,PWRHYDB05,2023,0.06
REGION1,PWRHYDB05,2024,0.06
REGION1,PWRHYDB05,2025,0.06
REGION1,PWRHYDB05,2026,0.06
REGION1,PWRHYDB05,2027,0.06
REGION1,PWRHYDB05,2028,0.06
REGION1,PWRHYDB05,2029,0.06
REGION1,PWRHYDB05,2030,0.06
REGION1,PWRHYDB05,2031,0.06
REGION1,PWRHYDB05,2032,0.06
REGION1,PWRHYDB05,2033,0.06
REGION1,PWRHYDB05,2034,0.06
REGION1,PWRHYDB05,2035,0.06
REGION1,PWRHYDB05,2036,0.06
REGION1,PWRHYDB05,2037,0.06
REGION1,PWRHYDB05,2038,0.06
REGION1,PWRHYDB05,2039,0.06
REGION1,PWRHYDB05,2040,0.06
REGION1,PWRHYDB05,2041,0.06
REGION1,PWRHYDB05,2042,0.06
REGION1,PWRHYDB05,2043,0.06
REGION1,PWRHYDB05,2044,0.06
REGION1,PWRHYDB05,2045,0.06
REGION1,PWRHYDB05,2046,0.06
REGION1,PWRHYDB05,2047,0.06
REGION1,PWRHYDB05,2048,0.06
REGION1,PWRHYDB05,2049,0.06
REGION1,PWRHYDB05,2050,0.06
REGION1,PWRHYDB06,2020,2.75
REGION1,PWRHYDB06,2021,2.75
REGION1,PWRHYDB06,2022,2.75
REGION1,PWRHYDB06,2023,2.75
REGION1,PWRHYDB06,2024,2.75
REGION1,PWRHYDB06,2025,2.75
REGION1,PWRHYDB06,2026,2.75
REGION1,PWRHYDB06,2027,2.75
REGION1,PWRHYDB06,2028,2.75
REGION1,PWRHYDB06,2029,2.75
REGION1,PWRHYDB06,2030,2.75
REGION1,PWRHYDB06,2031,2.75
REGION1,PWRHYDB06,2032,2.75
REGION1,PWRHYDB06,2033,2.75
REGION1,PWRHYDB06,2034,2.75
REGION1,PWRHYDB06,2035,2.75
REGION1,PWRHYDB06,2036,2.75
REGION1,PWRHYDB06,2037,2.75
REGION1,PWRHYDB06,2038,2.75
REGION1,PWRHYDB06,2039,2.75
REGION1,PWRHYDB06,2040,2.75
REGION1,PWRHYDB06,2041,2.75
REGION1,PWRHYDB06,2042,2.75
REGION1,PWRHYDB06,2043,2.75
REGION1,PWRHYDB06,2044,2.75
REGION1,PWRHYDB06,2045,2.75
REGION1,PWRHYDB06,2046,2.75
REGION1,PWRHYDB06,2047,2.75
REGION1,PWRHYDB06,2048,2.75
REGION1,PWRHYDB06,2049,2.75
REGION1,PWRHYDB06,2050,2.75
REGION1,PWRHYDB07,2020,0.04
REGION1,PWRHYDB07,2021,0.04
REGION1,PWRHYDB07,2022,0.04
REGION1,PWRHYDB07,2023,0.04
REGION1,PWRHYDB07,2024,0.04
REGION1,PWRHYDB07,2025,0.04
REGION1,PWRHYDB07,2026,0.04
REGION1,PWRHYDB07,2027,0.04
REGION1,PWRHYDB07,2028,0.04
REGION1,PWRHYDB07,2029,0.04
REGION1,PWRHYDB07,2030,0.04
REGION1,PWRHYDB07,2031,0.04
REGION1,PWRHYDB07,2032,0.04
REGION1,PWRHYDB07,2033,0.04
REGION1,PWRHYDB07,2034,0.04
REGION1,PWRHYDB07,2035,0.04
REGION1,PWRHYDB07,2036,0.04
REGION1,PWRHYDB07,2037,0.04
REGION1,PWRHYDB07,2038,0.04
REGION1,PWRHYDB07,2039,0.04
REGION1,PWRHYDB07,2040,0.04
REGION1,PWRHYDB07,2041,0.04
REGION1,PWRHYDB07,2042,0.04
REGION1,PWRHYDB07,2043,0.04
REGION1,PWRHYDB07,2044,0.04
REGION1,PWRHYDB07,2045,0.04
REGION1,PWRHYDB07,2046,0.04
REGION1,PWRHYDB07,2047,0.04
REGION1,PWRHYDB07,2048,0.04
REGION1,PWRHYDB07,2049,0.04
REGION1,PWRHYDB07,2050,0.04
REGION1,PWRHYDB08,2020,0.6
REGION1,PWRHYDB08,2021,0.6
REGION1,PWRHYDB08,2022,0.6
REGION1,PWRHYDB08,2023,0.6
REGION1,PWRHYDB08,2024,0.6
REGION1,PWRHYDB08,2025,0.6
REGION1,PWRHYDB08,2026,0.6
REGION1,PWRHYDB08,2027,0.6
REGION1,PWRHYDB08,2028,0.6
REGION1,PWRHYDB08,2029,0.6
REGION1,PWRHYDB08,2030,0.6
REGION1,PWRHYDB08,2031,0.6
REGION1,PWRHYDB08,2032,0.6
REGION1,PWRHYDB08,2033,0.6
REGION1,PWRHYDB08,2034,0.6
REGION1,PWRHYDB08,2035,0.6
REGION1,PWRHYDB08,2036,0.6
REGION1,PWRHYDB08,2037,0.6
REGION1,PWRHYDB08,2038,0.6
REGION1,PWRHYDB08,2039,0.6
REGION1,PWRHYDB08,2040,0.6
REGION1,PWRHYDB08,2041,0.6
REGION1,PWRHYDB08,2042,0.6
REGION1,PWRHYDB08,2043,0.6
REGION1,PWRHYDB08,2044,0.6
REGION1,PWRHYDB08,2045,0.6
REGION1,PWRHYDB08,2046,0.6
REGION1,PWRHYDB08,2047,0.6
REGION1,PWRHYDB08,2048,0.6
REGION1,PWRHYDB08,2049,0.6
REGION1,PWRHYDB08,2050,0.6
REGION1,PWRHYDB09,2020,2.36
REGION1,PWRHYDB09,2021,2.36
REGION1,PWRHYDB09,2022,2.36
REGION1,PWRHYDB09,2023,2.36
REGION1,PWRHYDB09,2024,2.36
REGION1,PWRHYDB09,2025,2.36
REGION1,PWRHYDB09,2026,2.36
REGION1,PWRHYDB09,2027,2.36
REGION1,PWRHYDB09,2028,2.36
REGION1,PWRHYDB09,2029,2.36
REGION1,PWRHYDB09,2030,2.36
REGION1,PWRHYDB09,2031,2.36
REGION1,PWRHYDB09,2032,2.36
REGION1,PWRHYDB09,2033,2.36
REGION1,PWRHYDB09,2034,2.36
REGION1,PWRHYDB09,2035,2.36
REGION1,PWRHYDB09,2036,2.36
REGION1,PWRHYDB09,2037,2.36
REGION1,PWRHYDB09,2038,2.36
REGION1,PWRHYDB09,2039,2.36
REGION1,PWRHYDB09,2040,2.36
REGION1,PWRHYDB09,2041,2.36
REGION1,PWRHYDB09,2042,2.36
REGION1,PWRHYDB09,2043,2.36
REGION1,PWRHYDB09,2044,2.36
REGION1,PWRHYDB09,2045,2.36
REGION1,PWRHYDB09,2046,2.36
REGION1,PWRHYDB09,2047,2.36
REGION1,PWRHYDB09,2048,2.36
REGION1,PWRHYDB09,2049,2.36
REGION1,PWRHYDB09,2050,2.36
REGION1,PWRHYDB10,2020,2.48
REGION1,PWRHYDB10,2021,2.48
REGION1,PWRHYDB10,2022,2.48
REGION1,PWRHYDB10,2023,2.48
REGION1,PWRHYDB10,2024,2.48
REGION1,PWRHYDB10,2025,2.48
REGION1,PWRHYDB10,2026,2.48
REGION1,PWRHYDB10,2027,2.48
REGION1,PWRHYDB10,2028,2.48
REGION1,PWRHYDB10,2029,2.48
REGION1,PWRHYDB10,2030,2.48
REGION1,PWRHYDB10,2031,2.48
REGION1,PWRHYDB10,2032,2.48
REGION1,PWRHYDB10,2033,2.48
REGION1,PWRHYDB10,2034,2.48
REGION1,PWRHYDB10,2035,2.48
REGION1,PWRHYDB10,2036,2.48
REGION1,PWRHYDB10,2037,2.48
REGION1,PWRHYDB10,2038,2.48
REGION1,PWRHYDB10,2039,2.48
REGION1,PWRHYDB10,2040,2.48
REGION1,PWRHYDB10,2041,2.48
REGION1,PWRHYDB10,2042,2.48
REGION1,PWRHYDB10,2043,2.48
REGION1,PWRHYDB10,2044,2.48
REGION1,PWRHYDB10,2045,2.48
REGION1,PWRHYDB10,2046,2.48
REGION1,PWRHYDB10,2047,2.48
REGION1,PWRHYDB10,2048,2.48
REGION1,PWRHYDB10,2049,2.48
REGION1,PWRHYDB10,2050,2.48
REGION1,PWRHYDB11,2020,0.81
REGION1,PWRHYDB11,2021,0.81
REGION1,PWRHYDB11,2022,0.81
REGION1,PWRHYDB11,2023,0.81
REGION1,PWRHYDB11,2024,0.81
REGION1,PWRHYDB11,2025,0.81
REGION1,PWRHYDB11,2026,0.81
REGION1,PWRHYDB11,2027,0.81
REGION1,PWRHYDB11,2028,0.81
REGION1,PWRHYDB11,2029,0.81
REGION1,PWRHYDB11,2030,0.81
REGION1,PWRHYDB11,2031,0.81
REGION1,PWRHYDB11,2032,0.81
REGION1,PWRHYDB11,2033,0.81
REGION1,PWRHYDB11,2034,0.81
REGION1,PWRHYDB11,2035,0.81
REGION1,PWRHYDB11,2036,0.81
REGION1,PWRHYDB11,2037,0.81
REGION1,PWRHYDB11,2038,0.81
REGION1,PWRHYDB11,2039,0.81
REGION1,PWRHYDB11,2040,0.81
REGION1,PWRHYDB11,2041,0.81
REGION1,PWRHYDB11,2042,0.81
REGION1,PWRHYDB11,2043,0.81
REGION1,PWRHYDB11,2044,0.81
REGION1,PWRHYDB11,2045,0.81
REGION1,PWRHYDB11,2046,0.81
REGION1,PWRHYDB11,2047,0.81
REGION1,PWRHYDB11,2048,0.81
REGION1,PWRHYDB11,2049,0.81
REGION1,PWRHYDB11,2050,0.81
REGION1,PWRHYDB12,2020,1.36
REGION1,PWRHYDB12,2021,1.36
REGION1,PWRHYDB12,2022,1.36
REGION1,PWRHYDB12,2023,1.36
REGION1,PWRHYDB12,2024,1.36
REGION1,PWRHYDB12,2025,1.36
REGION1,PWRHYDB12,2026,1.36
REGION1,PWRHYDB12,2027,1.36
REGION1,PWRHYDB12,2028,1.36
REGION1,PWRHYDB12,2029,1.36
REGION1,PWRHYDB12,2030,1.36
REGION1,PWRHYDB12,2031,1.36
REGION1,PWRHYDB12,2032,1.36
REGION1,PWRHYDB12,2033,1.36
REGION1,PWRHYDB12,2034,1.36
REGION1,PWRHYDB12,2035,1.36
REGION1,PWRHYDB12,2036,1.36
REGION1,PWRHYDB12,2037,1.36
REGION1,PWRHYDB12,2038,1.36
REGION1,PWRHYDB12,2039,1.36
REGION1,PWRHYDB12,2040,1.36
REGION1,PWRHYDB12,2041,1.36
REGION1,PWRHYDB12,2042,1.36
REGION1,PWRHYDB12,2043,1.36
REGION1,PWRHYDB12,2044,1.36
REGION1,PWRHYDB12,2045,1.36
REGION1,PWRHYDB12,2046,1.36
REGION1,PWRHYDB12,2047,1.36
REGION1,PWRHYDB12,2048,1.36
REGION1,PWRHYDB12,2049,1.36
REGION1,PWRHYDB12,2050,1.36
REGION1,PWRHYDB13,2025,1.1
REGION1,PWRHYDB13,2026,1.1
REGION1,PWRHYDB13,2027,1.1
REGION1,PWRHYDB13,2028,1.1
REGION1,PWRHYDB13,2029,1.1
REGION1,PWRHYDB13,2030,1.1
REGION1,PWRHYDB13,2031,1.1
REGION1,PWRHYDB13,2032,1.1
REGION1,PWRHYDB13,2033,1.1
REGION1,PWRHYDB13,2034,1.1
REGION1,PWRHYDB13,2035,1.1
REGION1,PWRHYDB13,2036,1.1
REGION1,PWRHYDB13,2037,1.1
REGION1,PWRHYDB13,2038,2.8827
REGION1,PWRHYDB13,2039,5.3698
REGION1,PWRHYDB13,2040,7.6991
REGION1,PWRHYDB13,2041,10.0568
REGION1,PWRHYDB13,2042,12.0
REGION1,PWRHYDB13,2043,12.0
REGION1,PWRHYDB13,2044,12.0
REGION1,PWRHYDB13,2045,12.0
REGION1,PWRHYDB13,2046,12.0
REGION1,PWRHYDB13,2047,12.0
REGION1,PWRHYDB13,2048,12.0
REGION1,PWRHYDB13,2049,12.0
REGION1,PWRHYDB13,2050,12.0
REGION1,PWRNGSB01,2020,6.7593
REGION1,PWRNGSB01,2021,7.1648
REGION1,PWRNGSB01,2022,7.1648
REGION1,PWRNGSB01,2023,7.6502
REGION1,PWRNGSB01,2024,7.6502
REGION1,PWRNGSB01,2025,7.6502
REGION1,PWRNGSB01,2026,7.6502
REGION1,PWRNGSB01,2027,7.6502
REGION1,PWRNGSB01,2028,7.6502
REGION1,PWRNGSB01,2029,7.9957
REGION1,PWRNGSB01,2030,8.1636
REGION1,PWRNGSB01,2031,9.0122
REGION1,PWRNGSB01,2032,9.858
REGION1,PWRNGSB01,2033,10.6992
REGION1,PWRNGSB01,2034,11.544
REGION1,PWRNGSB01,2035,12.3527
REGION1,PWRNGSB01,2036,13.157
REGION1,PWRNGSB01,2037,15.6394
REGION1,PWRNGSB01,2038,16.3421
REGION1,PWRNGSB01,2039,16.3421
REGION1,PWRNGSB01,2040,16.5051
REGION1,PWRNGSB01,2041,16.6265
REGION1,PWRNGSB01,2042,17.1826
REGION1,PWRNGSB01,2043,19.6813
REGION1,PWRNGSB01,2044,22.1806
REGION1,PWRNGSB01,2045,24.6788
REGION1,PWRNGSB01,2046,27.1787
REGION1,PWRNGSB01,2047,29.6774
REGION1,PWRNGSB01,2048,32.1761
REGION1,PWRNGSB01,2049,34.676
REGION1,PWRNGSB01,2050,34.676
REGION1,PWRSOLB01,2020,0.001
REGION1,PWRSOLB01,2021,0.001
REGION1,PWRSOLB01,2022,0.001
REGION1,PWRSOLB01,2023,0.001
REGION1,PWRSOLB01,2024,0.001
REGION1,PWRSOLB01,2025,0.001
REGION1,PWRSOLB01,2026,24.844
REGION1,PWRSOLB01,2027,24.844
REGION1,PWRSOLB01,2028,24.844
REGION1,PWRSOLB01,2029,24.844
REGION1,PWRSOLB01,2030,24.844
REGION1,PWRSOLB01,2031,24.844
REGION1,PWRSOLB01,2032,24.844
REGION1,PWRSOLB01,2033,24.844
REGION1,PWRSOLB01,2034,24.844
REGION1,PWRSOLB01,2035,24.844
REGION1,PWRSOLB01,2036,24.9882
REGION1,PWRSOLB01,2037,33.6419
REGION1,PWRSOLB01,2038,38.8943
REGION1,PWRSOLB01,2039,42.6591
REGION1,PWRSOLB01,2040,46.1
REGION1,PWRSOLB01,2041,49.5926
REGION1,PWRSOLB01,2042,52.4324
REGION1,PWRSOLB01,2043,52.4324
REGION1,PWRSOLB01,2044,55.2522
REGION1,PWRSOLB01,2045,58.7219
REGION1,PWRSOLB01,2046,62.1763
REGION1,PWRSOLB01,2047,65.6292
REGION1,PWRSOLB01,2048,69.082
REGION1,PWRSOLB01,2049,72.5364
REGION1,PWRSOLB01,2050,108.2426
REGION1,PWRTRNB01,2020,18.0414
REGION1,PWRTRNB01,2021,18.2356
REGION1,PWRTRNB01,2022,18.4147
REGION1,PWRTRNB01,2023,18.6198
REGION1,PWRTRNB01,2024,19.366
REGION1,PWRTRNB01,2025,19.5835
REGION1,PWRTRNB01,2026,21.9053
REGION1,PWRTRNB01,2027,22.4046
REGION1,PWRTRNB01,2028,22.8823
REGION1,PWRTRNB01,2029,23.3293
REGION1,PWRTRNB01,2030,23.846
REGION1,PWRTRNB01,2031,25.8416
REGION1,PWRTRNB01,2032,27.8308
REGION1,PWRTRNB01,2033,29.8091
REGION1,PWRTRNB01,2034,31.7768
REGION1,PWRTRNB01,2035,33.7523
REGION1,PWRTRNB01,2036,35.7241
REGION1,PWRTRNB01,2037,37.6945
REGION1,PWRTRNB01,2038,39.6673
REGION1,PWRTRNB01,2039,41.6414
REGION1,PWRTRNB01,2040,43.6196
REGION1,PWRTRNB01,2041,45.6276
REGION1,PWRTRNB01,2042,47.6132
REGION1,PWRTRNB01,2043,49.5983
REGION1,PWRTRNB01,2044,51.5838
REGION1,PWRTRNB01,2045,53.5685
REGION1,PWRTRNB01,2046,55.5545
REGION1,PWRTRNB01,2047,57.5396
REGION1,PWRTRNB01,2048,59.5247
REGION1,PWRTRNB01,2049,61.5107
REGION1,PWRTRNB01,2050,56.399
REGION1,PWRURNB01,2024,1.007
REGION1,PWRURNB01,2025,1.007
REGION1,PWRURNB01,2026,1.007
REGION1,PWRURNB01,2027,1.4256
REGION1,PWRURNB01,2028,1.8244
REGION1,PWRURNB01,2029,2.1975
REGION1,PWRURNB01,2030,2.6287
REGION1,PWRURNB01,2031,4.2944
REGION1,PWRURNB01,2032,5.9547
REGION1,PWRURNB01,2033,7.6058
REGION1,PWRURNB01,2034,9.24
REGION1,PWRURNB01,2035,10.0
REGION1,PWRURNB01,2036,10.0
REGION1,PWRURNB01,2037,10.0
REGION1,PWRURNB01,2038,10.0
REGION1,PWRURNB01,2039,10.0
REGION1,PWRURNB01,2040,10.0
REGION1,PWRURNB01,2041,10.0
REGION1,PWRURNB01,2042,10.0
REGION1,PWRURNB01,2043,10.0
REGION1,PWRURNB01,2044,10.0
REGION1,PWRURNB01,2045,10.0
REGION1,PWRURNB01,2046,10.0
REGION1,PWRURNB01,2047,10.0
REGION1,PWRURNB01,2048,10.0
REGION1,PWRURNB01,2049,10.0
REGION1,PWRURNB01,2050,10.0
REGION1,PWRWNDB01,2020,0.14
REGION1,PWRWNDB01,2021,0.14
REGION1,PWRWNDB01,2022,0.14
REGION1,PWRWNDB01,2023,0.14
REGION1,PWRWNDB01,2024,0.14
REGION1,PWRWNDB01,2025,0.14
REGION1,PWRWNDB01,2026,0.14
REGION1,PWRWNDB01,2027,0.14
REGION1,PWRWNDB01,2028,0.14
REGION1,PWRWNDB01,2029,0.14
REGION1,PWRWNDB01,2030,0.14
REGION1,PWRWNDB01,2031,0.14
REGION1,PWRWNDB01,2032,0.14
REGION1,PWRWNDB01,2033,0.14
REGION1,PWRWNDB01,2034,0.14
REGION1,PWRWNDB01,2035,0.14
REGION1,PWRWNDB01,2036,0.14
REGION1,PWRWNDB02,2020,0.1
REGION1,PWRWNDB02,2021,0.1
REGION1,PWRWNDB02,2022,0.1
REGION1,PWRWNDB02,2023,0.1
REGION1,PWRWNDB02,2024,0.1
REGION1,PWRWNDB02,2025,0.1
REGION1,PWRWNDB02,2026,0.1
REGION1,PWRWNDB02,2027,0.1
REGION1,PWRWNDB02,2028,0.1
REGION1,PWRWNDB02,2029,0.1
REGION1,PWRWNDB02,2030,0.1
REGION1,PWRWNDB02,2031,0.1
REGION1,PWRWNDB02,2032,0.1
REGION1,PWRWNDB02,2033,0.1
REGION1,PWRWNDB02,2034,0.1
REGION1,PWRWNDB03,2020,0.14
REGION1,PWRWNDB03,2021,0.14
REGION1,PWRWNDB03,2022,0.14
REGION1,PWRWNDB03,2023,0.14
REGION1,PWRWNDB03,2024,0.14
REGION1,PWRWNDB03,2025,0.14
REGION1,PWRWNDB03,2026,0.14
REGION1,PWRWNDB03,2027,0.14
REGION1,PWRWNDB03,2028,0.14
REGION1,PWRWNDB03,2029,0.14
REGION1,PWRWNDB03,2030,0.14
REGION1,PWRWNDB03,2031,0.14
REGION1,PWRWNDB03,2032,0.14
REGION1,PWRWNDB03,2033,0.14
REGION1,PWRWNDB03,2034,0.14
REGION1,PWRWNDB03,2035,0.14
REGION1,PWRWNDB03,2036,0.14
REGION1,PWRWNDB03,2037,0.14
REGION1,PWRWNDB04,2020,0.18
REGION1,PWRWNDB04,2021,0.18
REGION1,PWRWNDB04,2022,0.18
REGION1,PWRWNDB04,2023,0.18
REGION1,PWRWNDB04,2024,0.18
REGION1,PWRWNDB04,2025,0.18
REGION1,PWRWNDB04,2026,0.18
REGION1,PWRWNDB04,2027,0.18
REGION1,PWRWNDB04,2028,0.18
REGION1,PWRWNDB04,2029,0.18
REGION1,PWRWNDB04,2030,0.18
REGION1,PWRWNDB04,2031,0.18
REGION1,PWRWNDB04,2032,0.18
REGION1,PWRWNDB04,2033,0.18
REGION1,PWRWNDB04,2034,0.18
REGION1,PWRWNDB04,2035,0.18
REGION1,PWRWNDB04,2036,0.18
REGION1,PWRWNDB04,2037,0.18
REGION1,PWRWNDB04,2038,0.18
REGION1,PWRWNDB04,2039,0.18
REGION1,PWRWNDB04,2040,0.18
REGION1,PWRWNDB04,2041,0.18
REGION1,PWRWNDB04,2042,0.18
REGION1,PWRWNDB05,2020,0.02
REGION1,PWRWNDB05,2021,0.02
REGION1,PWRWNDB05,2022,0.02
REGION1,PWRWNDB05,2023,0.02
REGION1,PWRWNDB05,2024,0.02
REGION1,PWRWNDB05,2025,0.02
REGION1,PWRWNDB05,2026,0.02
REGION1,PWRWNDB05,2027,0.02
REGION1,PWRWNDB05,2028,0.02
REGION1,PWRWNDB05,2029,0.02
REGION1,PWRWNDB05,2030,0.02
REGION1,PWRWNDB05,2031,0.02
REGION1,PWRWNDB05,2032,0.02
REGION1,PWRWNDB05,2033,0.02
REGION1,PWRWNDB05,2034,0.02
REGION1,PWRWNDB05,2035,0.02
REGION1,PWRWNDB05,2036,0.02
REGION1,PWRWNDB05,2037,0.02
REGION1,PWRWNDB05,2038,0.02
REGION1,PWRWNDB05,2039,0.02
REGION1,PWRWNDB05,2040,0.02
REGION1,PWRWNDB05,2041,0.02
REGION1,PWRWNDB05,2042,0.02
REGION1,PWRWNDB05,2043,0.02
REGION1,PWRWNDB05,2044,0.02
REGION1,PWRWNDB06,2020,0.1
REGION1,PWRWNDB06,2021,0.1
REGION1,PWRWNDB06,2022,0.1
REGION1,PWRWNDB06,2023,0.1
REGION1,PWRWNDB06,2024,0.1
REGION1,PWRWNDB06,2025,0.1
REGION1,PWRWNDB06,2026,0.1
REGION1,PWRWNDB06,2027,0.1
REGION1,PWRWNDB06,2028,0.1
REGION1,PWRWNDB06,2029,0.1
REGION1,PWRWNDB06,2030,0.1
REGION1,PWRWNDB06,2031,0.1
REGION1,PWRWNDB06,2032,0.1
REGION1,PWRWNDB06,2033,0.1
REGION1,PWRWNDB06,2034,0.1
REGION1,PWRWNDB06,2035,0.1
REGION1,PWRWNDB06,2036,0.1
REGION1,PWRWNDB06,2037,0.1
REGION1,PWRWNDB06,2038,0.1
REGION1,PWRWNDB07,2020,0.02
REGION1,PWRWNDB07,2021,0.02
REGION1,PWRWNDB07,2022,0.02
REGION1,PWRWNDB07,2023,0.02
REGION1,PWRWNDB07,2024,0.02
REGION1,PWRWNDB07,2025,0.02
REGION1,PWRWNDB07,2026,0.02
REGION1,PWRWNDB07,2027,0.02
REGION1,PWRWNDB07,2028,0.02
REGION1,PWRWNDB07,2029,0.02
REGION1,PWRWNDB07,2030,0.02
REGION1,PWRWNDB07,2031,0.02
REGION1,PWRWNDB07,2032,0.02
REGION1,PWRWNDB07,2033,0.02
REGION1,PWRWNDB07,2034,0.02
REGION1,PWRWNDB07,2035,0.02
REGION1,PWRWNDB07,2036,0.02
REGION1,PWRWNDB07,2037,0.02
REGION1,PWRWNDB07,2038,0.02
REGION1,PWRWNDB07,2039,0.02
REGION1,PWRWNDB07,2040,0.02
REGION1,PWRWNDB07,2041,0.02
REGION1,PWRWNDB07,2042,0.02
REGION1,PWRWNDB08,2020,0.02
REGION1,PWRWNDB08,2021,0.02
REGION1,PWRWNDB08,2022,0.02
REGION1,PWRWNDB08,2023,0.02
REGION1,PWRWNDB08,2024,0.02
REGION1,PWRWNDB08,2025,0.02
REGION1,PWRWNDB08,2026,0.02
REGION1,PWRWNDB08,2027,0.02
REGION1,PWRWNDB08,2028,0.02
REGION1,PWRWNDB08,2029,0.02
REGION1,PWRWNDB08,2030,0.02
REGION1,PWRWNDB08,2031,0.02
REGION1,PWRWNDB08,2032,0.02
REGION1,PWRWNDB08,2033,0.02
REGION1,PWRWNDB08,2034,0.02
REGION1,PWRWNDB08,2035,0.02
REGION1,PWRWNDB08,2036,0.02
REGION1,PWRWNDB08,2037,0.02
REGION1,PWRWNDB08,2038,0.02
REGION1,PWRWNDB08,2039,0.02
REGION1,PWRWNDB08,2040,0.02
REGION1,PWRWNDB08,2041,0.02
REGION1,PWRWNDB08,2042,0.02
REGION1,PWRWNDB09,2020,5.2
REGION1,PWRWNDB09,2021,5.2
REGION1,PWRWNDB09,2022,5.2
REGION1,PWRWNDB09,2023,5.2
REGION1,PWRWNDB09,2024,5.2
REGION1,PWRWNDB09,2025,5.2
REGION1,PWRWNDB09,2026,5.2
REGION1,PWRWNDB09,2027,5.2
REGION1,PWRWNDB09,2028,5.2
REGION1,PWRWNDB09,2029,5.2
REGION1,PWRWNDB09,2030,5.2
REGION1,PWRWNDB09,2031,5.2
REGION1,PWRWNDB09,2032,5.2
REGION1,PWRWNDB09,2033,5.2
REGION1,PWRWNDB09,2034,5.2
REGION1,PWRWNDB09,2035,5.2
REGION1,PWRWNDB09,2036,5.2
REGION1,PWRWNDB09,2037,5.2
REGION1,PWRWNDB09,2038,5.2
REGION1,PWRWNDB09,2039,5.2
REGION1,PWRWNDB09,2040,5.2
REGION1,PWRWNDB09,2041,5.2
REGION1,PWRWNDB09,2042,5.2
REGION1,PWRWNDB09,2043,5.2
REGION1,PWRWNDB09,2044,5.2
REGION1,PWRWNDB09,2045,5.2
REGION1,PWRWNDB09,2046,5.2
REGION1,PWRWNDB09,2047,5.2
REGION1,PWRWNDB09,2048,5.2
REGION1,PWRWNDB09,2049,5.2
REGION1,PWRWNDB09,2050,5.2
REGION1,PWRWNDB10,2042,0.6939
REGION1,PWRWNDB10,2043,4.7836
REGION1,PWRWNDB10,2044,5.5
REGION1,PWRWNDB10,2045,5.5
REGION1,PWRWNDB10,2046,5.5
REGION1,PWRWNDB10,2047,5.5
REGION1,PWRWNDB10,2048,5.5
REGION1,PWRWNDB10,2049,5.5
REGION1,PWRWNDB10,2050,5.5
REGION1,PWRWNDB11,2050,5.5
REGION1,RNWBIO,2020,37.2722
REGION1,RNWBIO,2021,37.2722
REGION1,RNWBIO,2022,37.2722
REGION1,RNWBIO,2023,37.2722
REGION1,RNWBIO,2024,37.2722
REGION1,RNWBIO,2025,37.2722
REGION1,RNWGEO,2025,549.0008
REGION1,RNWGEO,2026,549.0008
REGION1,RNWGEO,2027,549.0008
REGION1,RNWGEO,2028,549.0008
REGION1,RNWGEO,2029,549.0008
REGION1,RNWGEO,2030,549.0008
REGION1,RNWGEO,2031,549.0008
REGION1,RNWGEO,2032,549.0008
REGION1,RNWGEO,2033,549.0008
REGION1,RNWGEO,2034,631.0354
REGION1,RNWGEO,2035,824.5744
REGION1,RNWGEO,2036,1177.9327
REGION1,RNWGEO,2037,1177.9327
REGION1,RNWGEO,2038,1177.9327
REGION1,RNWGEO,2039,1177.9327
REGION1,RNWGEO,2040,1177.9327
REGION1,RNWGEO,2041,1177.9327
REGION1,RNWGEO,2042,1177.9327
REGION1,RNWGEO,2043,1177.9327
REGION1,RNWGEO,2044,1177.9327
REGION1,RNWGEO,2045,1177.9327
REGION1,RNWGEO,2046,1177.9327
REGION1,RNWGEO,2047,1177.9327
REGION1,RNWGEO,2048,1177.9327
REGION1,RNWGEO,2049,1177.9327
REGION1,RNWGEO,2050,1177.9327
REGION1,RNWHYD,2020,423.8123
REGION1,RNWHYD,2021,423.8123
REGION1,RNWHYD,2022,423.8123
REGION1,RNWHYD,2023,423.8123
REGION1,RNWHYD,2024,423.8123
REGION1,RNWHYD,2025,467.1743
REGION1,RNWHYD,2026,493.6013
REGION1,RNWHYD,2027,501.9332
REGION1,RNWHYD,2028,508.9853
REGION1,RNWHYD,2029,515.5844
REGION1,RNWHYD,2030,523.2113
REGION1,RNWHYD,2031,552.6707
REGION1,RNWHYD,2032,582.0354
REGION1,RNWHYD,2033,611.2378
REGION1,RNWHYD,2034,616.3364
REGION1,RNWHYD,2035,616.3364
REGION1,RNWHYD,2036,616.3364
REGION1,RNWHYD,2037,616.3364
REGION1,RNWHYD,2038,686.6112
REGION1,RNWHYD,2039,784.6521
REGION1,RNWHYD,2040,833.3025
REGION1,RNWHYD,2041,882.2616
REGION1,RNWHYD,2042,931.576
REGION1,RNWHYD,2043,948.6034
REGION1,RNWHYD,2044,896.8523
REGION1,RNWHYD,2045,896.8523
REGION1,RNWHYD,2046,896.8523
REGION1,RNWHYD,2047,896.8523
REGION1,RNWHYD,2048,896.8523
REGION1,RNWHYD,2049,896.8523
REGION1,RNWHYD,2050,971.5642
REGION1,RNWSOL,2020,0.0403
REGION1,RNWSOL,2021,0.0403
REGION1,RNWSOL,2022,0.0403
REGION1,RNWSOL,2023,0.0403
REGION1,RNWSOL,2024,0.0403
REGION1,RNWSOL,2025,0.0403
REGION1,RNWSOL,2026,1000.3497
REGION1,RNWSOL,2027,1000.3497
REGION1,RNWSOL,2028,1000.3497
REGION1,RNWSOL,2029,1000.3497
REGION1,RNWSOL,2030,1000.3497
REGION1,RNWSOL,2031,1000.3497
REGION1,RNWSOL,2032,1000.3497
REGION1,RNWSOL,2033,1000.3497
REGION1,RNWSOL,2034,1000.3497
REGION1,RNWSOL,2035,1000.3497
REGION1,RNWSOL,2036,1006.1529
REGION1,RNWSOL,2037,1354.5954
REGION1,RNWSOL,2038,1566.0847
REGION1,RNWSOL,2039,1717.6769
REGION1,RNWSOL,2040,1856.2238
REGION1,RNWSOL,2041,1996.8559
REGION1,RNWSOL,2042,2111.1988
REGION1,RNWSOL,2043,2111.1988
REGION1,RNWSOL,2044,2224.7408
REGION1,RNWSOL,2045,2364.4483
REGION1,RNWSOL,2046,2503.5406
REGION1,RNWSOL,2047,2642.5687
REGION1,RNWSOL,2048,2781.5969
REGION1,RNWSOL,2049,2920.6892
REGION1,RNWSOL,2050,3355.1522
REGION1,RNWWND,2020,314.8577
REGION1,RNWWND,2021,314.8577
REGION1,RNWWND,2022,314.8577
REGION1,RNWWND,2023,314.8577
REGION1,RNWWND,2024,314.8577
REGION1,RNWWND,2025,314.8577
REGION1,RNWWND,2026,314.8577
REGION1,RNWWND,2027,314.8577
REGION1,RNWWND,2028,314.8577
REGION1,RNWWND,2029,314.8577
REGION1,RNWWND,2030,314.8577
REGION1,RNWWND,2031,314.8577
REGION1,RNWWND,2032,314.8577
REGION1,RNWWND,2033,314.8577
REGION1,RNWWND,2034,314.8577
REGION1,RNWWND,2035,312.4214
REGION1,RNWWND,2036,312.4214
REGION1,RNWWND,2037,307.849
REGION1,RNWWND,2038,301.88
REGION1,RNWWND,2039,296.3142
REGION1,RNWWND,2040,296.3142
REGION1,RNWWND,2041,296.3142
REGION1,RNWWND,2042,334.4988
REGION1,RNWWND,2043,550.3334
REGION1,RNWWND,2044,589.7552
REGION1,RNWWND,2045,588.7974
REGION1,RNWWND,2046,588.7974
REGION1,RNWWND,2047,588.7974
REGION1,RNWWND,2048,588.7974
REGION1,RNWWND,2049,588.7974
REGION1,RNWWND,2050,891.4503
