asset_id,component_id,connecting_node_code,num_of_units,latitude,longitude,capacity,capacity_factor,annual_avg_energy,p_min,nominal_head,max_spill,max_water_discharge,min_water_discharge,gen_type,cascade_group,cascade_order,upper_reservoir_id,lower_reservoir_id,max_level,min_level,min_storage,max_storage,ramp_up,ramp_down,min_up,min_down,min_gen,spinning_reserve_capability,forced_outage_rate,planned_outage_rate,start_up_cost_cold,shutdown_cost,typical_plant_size_MW,capital_cost_CAD_per_kW,service_life_years,fixed_om_cost_CAD_per_MWyear,variable_om_cost_CAD_per_MWh,average_fuel_price_CAD_per_MMBtu,carbon_emissions_tCO2eq_per_MWh,start_year,closure_year,hydro_type,sources
BC_ABN_GSS,BC_ABN01_GEN,BC_ABN_GSS,3.0,49.493319,-115.362424,24,DEFAULT,69.63,DEFAULT,DEFAULT,DEFAULT,DEFAULT,DEFAULT,hydro_daily,DEFAULT,DEFAULT,Aberfeldie,,876.67,876.15,DEFAULT,DEFAULT,1.2,1.2,1.0,1.0,,0.1,0.05,0.1,0,0.0,100,3599.7,80,39482,2.41,0.0,0.0,2009,2049.0,ror,
BC_ALH_GSS,BC_ALH01_GEN,BC_ALH_GSS,2.0,49.343024,-117.768849,186,DEFAULT,767.0,DEFAULT,DEFAULT,10500.0,530.0,0,hydro_daily,Mica/Columbia,3,BC_ALH_RES,Columbia (U.S.),440.1,418.64,DEFAULT,DEFAULT,13.95,13.95,1.0,1.0,,0.1,0.05,0.1,0,0.0,100,3599.7,80,39482,2.41,0.0,0.0,2002,2042.0,reservoir,From CODERS
BC_ALK_DSS,BC_ALK00_GEN,BC_ILL_DSS,1.0,50.8227,-118.0295,10,DEFAULT,40.5,DEFAULT,DEFAULT,DEFAULT,DEFAULT,DEFAULT,hydro_run,DEFAULT,DEFAULT,DEFAULT,DEFAULT,DEFAULT,DEFAULT,DEFAULT,DEFAULT,,,1.0,1.0,,0.0,0.05,0.1,0,0.0,65,3250.0,80,49866,2.84,0.0,0.0,1995,2035.0,ror,
BC_ALU_GSS,BC_ALU00_GEN,BC_ALU_GSS,1.0,49.371009,-122.312429,9,DEFAULT,26.11,DEFAULT,DEFAULT,3.0,24.0,0,hydro_daily,Stave,1,BC_ALU_RES,BC_SFL_RES,125.5,112.6,DEFAULT,DEFAULT,1.3499999999999999,1.3499999999999999,1.0,1.0,,0.1,0.05,0.1,0,0.0,100,3599.7,80,39482,2.41,0.0,0.0,1928,2038.0,reservoir,
BC_ASH_GSS,BC_ASH00_GEN,BC_ASH_GSS,1.0,49.373363,-125.150629,28,DEFAULT,81.23,DEFAULT,DEFAULT,DEFAULT,DEFAULT,DEFAULT,hydro_daily,DEFAULT,DEFAULT,Elsie,,330.71,320,DEFAULT,DEFAULT,4.2,4.2,1.0,1.0,,0.1,0.05,0.1,0,0.0,100,3599.7,80,39482,2.41,0.0,0.0,1958,2028.0,ror,
BC_ASL_GSS,BC_ASL00_GEN,BC_ASL_GSS,1.0,49.914338,-123.325032,50,DEFAULT,268.7,DEFAULT,DEFAULT,DEFAULT,DEFAULT,DEFAULT,hydro_run,DEFAULT,DEFAULT,DEFAULT,DEFAULT,DEFAULT,DEFAULT,DEFAULT,DEFAULT,,,1.0,1.0,,0.0,0.05,0.1,0,0.0,65,3250.0,80,49866,2.84,0.0,0.0,2009,2049.0,ror,
BC_BBR_DSS,BC_BBR00_GEN,BC_BBR_DSS,1.0,49.811343,-121.458475,6,DEFAULT,37.0,DEFAULT,DEFAULT,DEFAULT,DEFAULT,DEFAULT,hydro_run,DEFAULT,DEFAULT,DEFAULT,DEFAULT,DEFAULT,DEFAULT,DEFAULT,DEFAULT,,,1.0,1.0,,0.0,0.05,0.1,0,0.0,65,3250.0,80,49866,2.84,0.0,0.0,1994,2034.0,ror,
BC_BDH_GSS,BC_BDH00_GEN,BC_BDH_GSS,1.0,50.635524,-123.405928,25,DEFAULT,92.3,DEFAULT,DEFAULT,DEFAULT,DEFAULT,DEFAULT,hydro_run,DEFAULT,DEFAULT,DEFAULT,DEFAULT,DEFAULT,DEFAULT,DEFAULT,DEFAULT,,,1.0,1.0,,0.0,0.05,0.1,0,0.0,65,3250.0,80,49866,2.84,0.0,0.0,2015,2055.0,ror,
BC_BDW_DSS,BC_BDW00_GEN,BC_FCN_DSS,1.0,49.978254,-123.141733,8,DEFAULT,34.1,DEFAULT,DEFAULT,DEFAULT,DEFAULT,DEFAULT,hydro_run,DEFAULT,DEFAULT,DEFAULT,DEFAULT,DEFAULT,DEFAULT,DEFAULT,DEFAULT,,,1.0,1.0,,0.0,0.05,0.1,0,0.0,65,3250.0,80,49866,2.84,0.0,0.0,2003,2043.0,ror,
BC_BHL_GSS,BC_BHL00_GEN,BC_BHL_GSS,1.0,49.748008,-123.515924,10,DEFAULT,46.2,DEFAULT,DEFAULT,DEFAULT,DEFAULT,DEFAULT,hydro_run,DEFAULT,DEFAULT,DEFAULT,DEFAULT,DEFAULT,DEFAULT,DEFAULT,DEFAULT,,,1.0,1.0,,0.0,0.05,0.1,0,0.0,65,3250.0,80,49866,2.84,0.0,0.0,2011,2051.0,ror,
BC_BHU_GSS,BC_BHU00_GEN,BC_BHU_GSS,1.0,49.795389,-123.572093,10,DEFAULT,73.3,DEFAULT,DEFAULT,DEFAULT,DEFAULT,DEFAULT,hydro_run,DEFAULT,DEFAULT,DEFAULT,DEFAULT,DEFAULT,DEFAULT,DEFAULT,DEFAULT,,,1.0,1.0,,0.0,0.05,0.1,0,0.0,65,3250.0,80,49866,2.84,0.0,0.0,2012,2052.0,ror,
BC_BNC_GSS,BC_BNC00_GEN,BC_BNC_GSS,1.0,52.25533,-119.18083,20,DEFAULT,81.0,DEFAULT,DEFAULT,DEFAULT,DEFAULT,DEFAULT,hydro_run,DEFAULT,DEFAULT,DEFAULT,DEFAULT,DEFAULT,DEFAULT,DEFAULT,DEFAULT,,,1.0,1.0,,0.0,0.05,0.1,0,0.0,65,3250.0,80,49866,2.84,0.0,0.0,2011,2051.0,ror,
BC_BNF_DSS,BC_BNF00_GEN,BC_NLS_DSS,1.0,49.458202,-117.48541,16,DEFAULT,76.81,DEFAULT,DEFAULT,DEFAULT,DEFAULT,DEFAULT,hydro_run,DEFAULT,DEFAULT,DEFAULT,DEFAULT,DEFAULT,DEFAULT,DEFAULT,DEFAULT,,,1.0,1.0,,0.0,0.05,0.1,0,0.0,65,3250.0,80,49866,2.84,0.0,0.0,1908,2058.0,ror,
BC_BOX_GSS,BC_BOX00_GEN,BC_BOX_GSS,1.0,49.600618,-123.426733,15,DEFAULT,47.4,DEFAULT,DEFAULT,DEFAULT,DEFAULT,DEFAULT,hydro_run,DEFAULT,DEFAULT,DEFAULT,DEFAULT,DEFAULT,DEFAULT,DEFAULT,DEFAULT,,,1.0,1.0,,0.0,0.05,0.1,0,0.0,65,3250.0,80,49866,2.84,0.0,0.0,2015,2055.0,ror,
BC_BR0_DFS,BC_BR0101_GEN,BC_BR1_DFS,4.0,50.72985,-122.240038,208,DEFAULT,597.6,80.0,DEFAULT,1171.2,260.0,0,hydro_daily,Bridge,2,BC_BR0_RES,BC_SON_RES,DEFAULT,DEFAULT,DEFAULT,DEFAULT,7.8,7.8,1.0,1.0,,0.1,0.05,0.1,0,0.0,100,3599.7,80,39482,2.41,0.0,0.0,1934,2044.0,reservoir,
BC_BR0_GSS,BC_BR0201_GEN,BC_BR2_GSS,4.0,50.72985,-122.240038,276,DEFAULT,794.88,80.0,DEFAULT,1171.2,380.0,0,hydro_daily,Bridge,2,BC_BR0_RES,BC_SON_RES,DEFAULT,DEFAULT,DEFAULT,DEFAULT,10.35,10.35,1.0,1.0,,0.1,0.05,0.1,0,0.0,100,3599.7,80,39482,2.41,0.0,0.0,1934,2044.0,reservoir,
BC_BRC_DSS,BC_BRC00_GEN,BC_TSV_DSS,1.0,49.927814,-126.760236,4,DEFAULT,16.0,DEFAULT,DEFAULT,DEFAULT,DEFAULT,DEFAULT,hydro_run,DEFAULT,DEFAULT,DEFAULT,DEFAULT,DEFAULT,DEFAULT,DEFAULT,DEFAULT,,,1.0,1.0,,0.0,0.05,0.1,0,0.0,65,3250.0,80,49866,2.84,0.0,0.0,2012,2052.0,ror,
BC_BRD_GSS,BC_BRD01_GEN,BC_BRD_GSS,4.0,49.32488,-117.620653,152,DEFAULT,435.16,DEFAULT,DEFAULT,DEFAULT,DEFAULT,DEFAULT,hydro_daily,DEFAULT,DEFAULT,Brilliant,Columbia (U.S.),450.9,447.9,DEFAULT,DEFAULT,5.7,5.7,1.0,1.0,,0.1,0.05,0.1,0,0.0,100,3599.7,80,39482,2.41,0.0,0.0,1944,2054.0,ror,
BC_BRL_GSS,BC_BRL00_GEN,BC_BRL_GSS,1.0,54.027253,-129.843668,7,DEFAULT,57.0,DEFAULT,DEFAULT,DEFAULT,DEFAULT,DEFAULT,hydro_daily,DEFAULT,DEFAULT,,,,,DEFAULT,DEFAULT,1.05,1.05,1.0,1.0,,0.1,0.05,0.1,0,0.0,100,3599.7,80,39482,2.41,0.0,0.0,1996,2036.0,ror,
BC_BRX_GSS,BC_BRX00_GEN,BC_BRX_GSS,1.0,49.323118,-117.619793,128,DEFAULT,428.67,DEFAULT,DEFAULT,DEFAULT,DEFAULT,DEFAULT,hydro_daily,DEFAULT,DEFAULT,Brilliant,Columbia (U.S.),,,DEFAULT,DEFAULT,19.2,19.2,1.0,1.0,,0.1,0.05,0.1,0,0.0,100,3599.7,80,39482,2.41,0.0,0.0,2007,2077.0,ror,
BC_BSV_GSS,BC_BSV00_GEN,BC_BSV_GSS,1.0,49.693045,-121.859106,41,DEFAULT,158.62,DEFAULT,DEFAULT,DEFAULT,DEFAULT,DEFAULT,hydro_run,DEFAULT,DEFAULT,DEFAULT,DEFAULT,DEFAULT,DEFAULT,DEFAULT,DEFAULT,,,1.0,1.0,,0.0,0.05,0.1,0,0.0,65,3250.0,80,49866,2.84,0.0,0.0,2016,2056.0,ror,
BC_CCK_DSS,BC_CCK00_GEN,BC_PAL_DSS,1.0,49.185606,-124.739465,6,DEFAULT,24.73,DEFAULT,DEFAULT,DEFAULT,DEFAULT,DEFAULT,hydro_run,DEFAULT,DEFAULT,DEFAULT,DEFAULT,DEFAULT,DEFAULT,DEFAULT,DEFAULT,,,1.0,1.0,,0.0,0.05,0.1,0,0.0,65,3250.0,80,49866,2.84,0.0,0.0,2005,2045.0,ror,
BC_CMS_DFS,BC_CMS01_GEN,BC_CMS_DFS,2.0,49.933702,-123.290985,180,DEFAULT,522.18,DEFAULT,DEFAULT,DEFAULT,DEFAULT,DEFAULT,hydro_daily,DEFAULT,DEFAULT,Daisy,,373.5,362.1,DEFAULT,DEFAULT,13.5,13.5,1.0,1.0,,0.1,0.05,0.1,0,0.0,100,3599.7,80,39482,2.41,0.0,0.0,1988,2058.0,ror,
BC_CNK_GSS,BC_CNK00_GEN,BC_CNK_GSS,1.0,49.176919,-125.395572,6,DEFAULT,16.2,DEFAULT,DEFAULT,DEFAULT,DEFAULT,DEFAULT,hydro_run,DEFAULT,DEFAULT,DEFAULT,DEFAULT,DEFAULT,DEFAULT,DEFAULT,DEFAULT,,,1.0,1.0,,0.0,0.05,0.1,0,0.0,65,3250.0,80,49866,2.84,0.0,0.0,2010,2050.0,ror,
BC_COM_GSS,BC_COM00_GEN,BC_COM_GSS,1.0,49.710933,-123.532108,45,DEFAULT,130.54,DEFAULT,DEFAULT,DEFAULT,DEFAULT,DEFAULT,hydro_daily,DEFAULT,DEFAULT,Clowhom Lake,,52.5,45,DEFAULT,DEFAULT,6.75,6.75,1.0,1.0,,0.1,0.05,0.1,0,0.0,100,3599.7,80,39482,2.41,0.0,0.0,1958,2028.0,ror,
BC_COR_GSS,BC_COR01_GEN,BC_COR_GSS,3.0,49.468877,-117.46863,51,DEFAULT,147.96,DEFAULT,DEFAULT,DEFAULT,DEFAULT,DEFAULT,hydro_daily,DEFAULT,DEFAULT,Kootenay Lake,Upper Bonnington,,,DEFAULT,DEFAULT,2.55,2.55,1.0,1.0,,0.1,0.05,0.1,0,0.0,100,3599.7,80,39482,2.41,0.0,0.0,1932,2042.0,ror,
BC_CRC_GSS,BC_CRC00_GEN,BC_PIN_GSS,1.0,50.771577,-118.104136,12,DEFAULT,9.0,DEFAULT,DEFAULT,DEFAULT,DEFAULT,DEFAULT,hydro_run,DEFAULT,DEFAULT,DEFAULT,DEFAULT,DEFAULT,DEFAULT,DEFAULT,DEFAULT,,,1.0,1.0,,0.0,0.05,0.1,0,0.0,65,3250.0,80,49866,2.84,0.0,0.0,2008,2048.0,ror,
BC_CSC_DSS,BC_CSC00_GEN,BC_REG_DSS,1.0,53.109167,-120.194167,6,DEFAULT,34.0,DEFAULT,DEFAULT,DEFAULT,DEFAULT,DEFAULT,hydro_run,DEFAULT,DEFAULT,DEFAULT,DEFAULT,DEFAULT,DEFAULT,DEFAULT,DEFAULT,,,1.0,1.0,,0.0,0.05,0.1,0,0.0,65,3250.0,80,49866,2.84,0.0,0.0,2014,2054.0,ror,
BC_CTN_GSS,BC_CTN00_GEN,BC_CTN_GSS,1.0,49.877182,-123.159893,15,DEFAULT,73.91,DEFAULT,DEFAULT,DEFAULT,DEFAULT,DEFAULT,hydro_run,DEFAULT,DEFAULT,DEFAULT,DEFAULT,DEFAULT,DEFAULT,DEFAULT,DEFAULT,,,1.0,1.0,,0.0,0.05,0.1,0,0.0,65,3250.0,80,49866,2.84,0.0,0.0,2014,2054.0,ror,
BC_CYK_DSS,BC_CYK00_GEN,BC_GLD_DSS,1.0,49.842749,-126.127661,3,DEFAULT,12.39,DEFAULT,DEFAULT,DEFAULT,DEFAULT,DEFAULT,hydro_run,DEFAULT,DEFAULT,DEFAULT,DEFAULT,DEFAULT,DEFAULT,DEFAULT,DEFAULT,,,1.0,1.0,,0.0,0.05,0.1,0,0.0,65,3250.0,80,49866,2.84,0.0,0.0,2009,2049.0,ror,
BC_DGL_GSS,BC_DGL00_GEN,BC_DGL_GSS,1.0,49.767563,-122.150954,29,DEFAULT,142.93,DEFAULT,DEFAULT,DEFAULT,DEFAULT,DEFAULT,hydro_run,DEFAULT,DEFAULT,DEFAULT,DEFAULT,DEFAULT,DEFAULT,DEFAULT,DEFAULT,,,1.0,1.0,,0.0,0.05,0.1,0,0.0,65,3250.0,80,49866,2.84,0.0,0.0,2009,2049.0,ror,
BC_DSQ_GSS,BC_DSQ00_GEN,BC_DSQ_GSS,1.0,54.383481,-128.914853,20,DEFAULT,80.87,DEFAULT,DEFAULT,DEFAULT,DEFAULT,DEFAULT,hydro_run,DEFAULT,DEFAULT,DEFAULT,DEFAULT,DEFAULT,DEFAULT,DEFAULT,DEFAULT,,,1.0,1.0,,0.0,0.05,0.1,0,0.0,65,3250.0,80,49866,2.84,0.0,0.0,2014,2054.0,ror,
BC_DTR_GSS,BC_DTR00_GEN,BC_DTR_GSS,1.0,49.296427,-125.275533,6,DEFAULT,27.0,DEFAULT,DEFAULT,DEFAULT,DEFAULT,DEFAULT,hydro_run,DEFAULT,DEFAULT,DEFAULT,DEFAULT,DEFAULT,DEFAULT,DEFAULT,DEFAULT,,,1.0,1.0,,0.0,0.05,0.1,0,0.0,65,3250.0,80,49866,2.84,0.0,0.0,1996,2036.0,ror,
BC_EDR_DSS,BC_EDR00_GEN,BC_DUC_DSS,1.0,50.019015,-119.358938,1,DEFAULT,4.0,DEFAULT,DEFAULT,DEFAULT,DEFAULT,DEFAULT,hydro_daily,DEFAULT,DEFAULT,DEFAULT,DEFAULT,DEFAULT,DEFAULT,DEFAULT,DEFAULT,0.15,0.15,1.0,1.0,,0.1,0.05,0.1,0,0.0,100,3599.7,80,39482,2.41,0.0,0.0,2008,2048.0,ror,
BC_ELK_GSS,BC_ELK01_GEN,BC_ELK_GSS,2.0,49.290067,-115.104613,12,DEFAULT,34.82,DEFAULT,DEFAULT,DEFAULT,DEFAULT,DEFAULT,hydro_daily,DEFAULT,DEFAULT,,,,,DEFAULT,DEFAULT,0.8999999999999999,0.8999999999999999,1.0,1.0,,0.1,0.05,0.1,0,0.0,100,3599.7,80,39482,2.41,0.0,0.0,1924,2034.0,ror,
BC_ETR_GSS,BC_ETR00_GEN,BC_ETR_GSS,2.0,50.675081,-123.960276,147,DEFAULT,732.07,DEFAULT,DEFAULT,DEFAULT,DEFAULT,DEFAULT,hydro_run,DEFAULT,DEFAULT,DEFAULT,DEFAULT,DEFAULT,DEFAULT,DEFAULT,DEFAULT,,,1.0,1.0,,0.0,0.05,0.1,0,0.0,65,3250.0,80,49866,2.84,0.0,0.0,2010,2050.0,ror,
BC_ETW_DSS,BC_ETW00_GEN,BC_REG_DSS,1.0,53.458136,-120.383395,2,DEFAULT,6.0,DEFAULT,DEFAULT,DEFAULT,DEFAULT,DEFAULT,hydro_run,DEFAULT,DEFAULT,DEFAULT,DEFAULT,DEFAULT,DEFAULT,DEFAULT,DEFAULT,,,1.0,1.0,,0.0,0.05,0.1,0,0.0,65,3250.0,80,49866,2.84,0.0,0.0,1991,2031.0,ror,
BC_FKR_GSS,BC_FKR01_GEN,BC_FKR_GSS,9.0,56.717162,-130.686601,216,DEFAULT,1051.1100000000001,DEFAULT,DEFAULT,DEFAULT,DEFAULT,DEFAULT,hydro_run,DEFAULT,DEFAULT,DEFAULT,DEFAULT,DEFAULT,DEFAULT,DEFAULT,DEFAULT,,,1.0,1.0,,0.0,0.05,0.1,0,0.0,65,3250.0,80,49866,2.84,0.0,0.0,2014,2054.0,ror,
BC_FLS_GSS,BC_FLS01_GEN,BC_FLS_GSS,2.0,53.983531,-129.734244,8,DEFAULT,20.3,DEFAULT,DEFAULT,DEFAULT,DEFAULT,DEFAULT,hydro_daily,DEFAULT,DEFAULT,,,,,DEFAULT,DEFAULT,0.6,0.6,1.0,1.0,,0.1,0.05,0.1,0,0.0,100,3599.7,80,39482,2.41,0.0,0.0,1930,2040.0,ror,
BC_FRE_GSS,BC_FRE00_GEN,BC_FRE_GSS,1.0,49.783363,-122.234664,25,DEFAULT,125.64,DEFAULT,DEFAULT,DEFAULT,DEFAULT,DEFAULT,hydro_run,DEFAULT,DEFAULT,DEFAULT,DEFAULT,DEFAULT,DEFAULT,DEFAULT,DEFAULT,,,1.0,1.0,,0.0,0.05,0.1,0,0.0,65,3250.0,80,49866,2.84,0.0,0.0,2009,2049.0,ror,
BC_FRI_GSS,BC_FRI00_GEN,BC_FRI_GSS,1.0,49.579288,-123.201977,10,DEFAULT,39.5,DEFAULT,DEFAULT,DEFAULT,DEFAULT,DEFAULT,hydro_run,DEFAULT,DEFAULT,DEFAULT,DEFAULT,DEFAULT,DEFAULT,DEFAULT,DEFAULT,,,1.0,1.0,,0.0,0.05,0.1,0,0.0,65,3250.0,80,49866,2.84,0.0,0.0,2004,2044.0,ror,
BC_FZC_DSS,BC_FZC00_GEN,BC_CKY_DSS,1.0,50.105636,-122.944814,8,DEFAULT,36.0,DEFAULT,DEFAULT,DEFAULT,DEFAULT,DEFAULT,hydro_run,DEFAULT,DEFAULT,DEFAULT,DEFAULT,DEFAULT,DEFAULT,DEFAULT,DEFAULT,,,1.0,1.0,,0.0,0.05,0.1,0,0.0,65,3250.0,80,49866,2.84,0.0,0.0,2010,2050.0,ror,
BC_GMS_GSS,BC_GMS01_GEN,BC_GMS_GSS,10.0,56.014797,-122.195744,3050,DEFAULT,16047.5,DEFAULT,DEFAULT,9200.0,1968.02,0,hydro_monthly,Peace,1,BC_GMS_RES,BC_PCN_RES,672.08,642.03,DEFAULT,DEFAULT,45.75,45.75,1.0,1.0,,0.2,0.05,0.1,0,0.0,700,8710.0,100,13752,1.14,0.0,0.0,1968,2038.0,reservoir,
BC_HAA_GSS,BC_HAA00_GEN,BC_HAS_GSS,1.0,49.247923,-125.38367,6,DEFAULT,20.5,DEFAULT,DEFAULT,DEFAULT,DEFAULT,DEFAULT,hydro_run,DEFAULT,DEFAULT,DEFAULT,DEFAULT,DEFAULT,DEFAULT,DEFAULT,DEFAULT,,,1.0,1.0,,0.0,0.05,0.1,0,0.0,65,3250.0,80,49866,2.84,0.0,0.0,2015,2055.0,ror,
BC_HAC_DSS,BC_HAC00_GEN,BC_REG_DSS,1.0,52.934167,-119.456183,2,DEFAULT,12.5,DEFAULT,DEFAULT,DEFAULT,DEFAULT,DEFAULT,hydro_run,DEFAULT,DEFAULT,DEFAULT,DEFAULT,DEFAULT,DEFAULT,DEFAULT,DEFAULT,,,1.0,1.0,,0.0,0.05,0.1,0,0.0,65,3250.0,80,49866,2.84,0.0,0.0,2007,2047.0,ror,
BC_HNC_DSS,BC_HNC00_GEN,BC_HOP_DSS,1.0,49.364824,-121.571363,11,DEFAULT,37.0,DEFAULT,DEFAULT,DEFAULT,DEFAULT,DEFAULT,hydro_run,DEFAULT,DEFAULT,DEFAULT,DEFAULT,DEFAULT,DEFAULT,DEFAULT,DEFAULT,,,1.0,1.0,,0.0,0.05,0.1,0,0.0,65,3250.0,80,49866,2.84,0.0,0.0,2018,2058.0,ror,
BC_HYS_DSS,BC_HYS00_GEN,BC_VLM_DSS,1.0,52.841271,-119.352397,6,DEFAULT,20.0,DEFAULT,DEFAULT,DEFAULT,DEFAULT,DEFAULT,hydro_run,DEFAULT,DEFAULT,DEFAULT,DEFAULT,DEFAULT,DEFAULT,DEFAULT,DEFAULT,,,1.0,1.0,,0.0,0.05,0.1,0,0.0,65,3250.0,80,49866,2.84,0.0,0.0,2002,2042.0,ror,
BC_JHT_GSS,BC_JHT01_GEN,BC_JHT_GSS,3.0,50.044,-125.310893,138,DEFAULT,400.32,DEFAULT,DEFAULT,1238.0,124.0,0,hydro_daily,Campbell,3,BC_JHT_RES,,140.06,133.43,DEFAULT,DEFAULT,6.8999999999999995,6.8999999999999995,1.0,1.0,,0.1,0.05,0.1,0,0.0,100,3599.7,80,39482,2.41,0.0,0.0,2021,2091.0,reservoir-impute,
BC_JMC_GSS,BC_JMC00_GEN,BC_JMC_GSS,1.0,50.604008,-124.024891,66,DEFAULT,329.01,DEFAULT,DEFAULT,DEFAULT,DEFAULT,DEFAULT,hydro_run,DEFAULT,DEFAULT,DEFAULT,DEFAULT,DEFAULT,DEFAULT,DEFAULT,DEFAULT,,,1.0,1.0,,0.0,0.05,0.1,0,0.0,65,3250.0,80,49866,2.84,0.0,0.0,2016,2056.0,ror,
BC_JME_GSS,BC_JME00_GEN,BC_JME_GSS,1.0,50.82821,-123.05682,21,DEFAULT,74.34,DEFAULT,DEFAULT,DEFAULT,DEFAULT,DEFAULT,hydro_run,DEFAULT,DEFAULT,DEFAULT,DEFAULT,DEFAULT,DEFAULT,DEFAULT,DEFAULT,,,1.0,1.0,,0.0,0.05,0.1,0,0.0,65,3250.0,80,49866,2.84,0.0,0.0,2014,2054.0,ror,
BC_JOR_DFS,BC_JOR00_GEN,BC_JOR_DFS,1.0,48.429655,-124.052251,170,DEFAULT,493.16,DEFAULT,DEFAULT,DEFAULT,DEFAULT,DEFAULT,hydro_daily,DEFAULT,DEFAULT,Elliott,,335.89,311.51,DEFAULT,DEFAULT,25.5,25.5,1.0,1.0,,0.1,0.05,0.1,0,0.0,100,3599.7,80,39482,2.41,0.0,0.0,1971,2041.0,ror,
BC_KCH_GSS,BC_KCH00_GEN,BC_KCH_GSS,1.0,50.105063,-121.567135,50,DEFAULT,223.38,DEFAULT,DEFAULT,DEFAULT,DEFAULT,DEFAULT,hydro_run,DEFAULT,DEFAULT,DEFAULT,DEFAULT,DEFAULT,DEFAULT,DEFAULT,DEFAULT,,,1.0,1.0,,0.0,0.05,0.1,0,0.0,65,3250.0,80,49866,2.84,0.0,0.0,2013,2053.0,ror,
BC_KCL_GSS,BC_KCL01_GEN,BC_KCL_GSS,4.0,49.453258,-117.517897,590,DEFAULT,1714.47,DEFAULT,DEFAULT,DEFAULT,DEFAULT,DEFAULT,hydro_daily,DEFAULT,DEFAULT,Corra Linn,Brilliant,,,DEFAULT,DEFAULT,21.9,21.9,1.0,1.0,,0.1,0.05,0.1,0,0.0,100,3599.7,80,39482,2.41,0.0,0.0,1975,2045.0,ror,
BC_KKS_GSS,BC_KKS00_GEN,BC_KKS_GSS,1.0,50.519857,-126.875511,45,DEFAULT,174.93,DEFAULT,DEFAULT,DEFAULT,DEFAULT,DEFAULT,hydro_run,DEFAULT,DEFAULT,DEFAULT,DEFAULT,DEFAULT,DEFAULT,DEFAULT,DEFAULT,,,1.0,1.0,,0.0,0.05,0.1,0,0.0,65,3250.0,80,49866,2.84,0.0,0.0,2014,2054.0,ror,
BC_KMO_GSS,BC_KMO01_GEN,BC_KMO_GSS,8.0,53.563171,-127.942556,904,DEFAULT,3307.04,DEFAULT,DEFAULT,DEFAULT,DEFAULT,DEFAULT,hydro_monthly,DEFAULT,DEFAULT,Nechako,,,,DEFAULT,DEFAULT,16.95,16.95,1.0,1.0,,0.2,0.05,0.1,0,0.0,700,8710.0,100,13752,1.14,0.0,0.0,1949,2059.0,ror,
BC_LAJ_DFS,BC_LAJ00_GEN,BC_LAJ_DFS,1.0,50.83972,-122.85589,25,DEFAULT,72.52,DEFAULT,DEFAULT,127.0,50.6,0,hydro_daily,Bridge,1,BC_LAJ_RES,BC_BR0_RES,749.81,707.67,DEFAULT,DEFAULT,3.75,3.75,1.0,1.0,,0.1,0.05,0.1,0,0.0,100,3599.7,80,39482,2.41,0.0,0.0,1957,2027.0,reservoir,
BC_LB0_DFS,BC_LB00_GEN,BC_LB1_DFS,1.0,49.375179,-122.868653,55,DEFAULT,159.55,DEFAULT,DEFAULT,DEFAULT,DEFAULT,DEFAULT,hydro_daily,DEFAULT,DEFAULT,DEFAULT,DEFAULT,DEFAULT,DEFAULT,DEFAULT,DEFAULT,8.25,8.25,1.0,1.0,,0.1,0.05,0.1,0,0.0,100,3599.7,80,39482,2.41,0.0,0.0,1951,2031.0,ror,
BC_LBO_GSS,BC_LBO01_GEN,BC_LBO_GSS,3.0,49.461709,-117.500425,46,DEFAULT,133.45,DEFAULT,DEFAULT,DEFAULT,DEFAULT,DEFAULT,hydro_daily,DEFAULT,DEFAULT,Lower Bonnington,South Slocan,,,DEFAULT,DEFAULT,2.4,2.4,1.0,1.0,,0.1,0.05,0.1,0,0.0,100,3599.7,80,39482,2.41,0.0,0.0,1897,2047.0,ror,
BC_LCH_GSS,BC_LCH00_GEN,BC_LCH_GSS,1.0,49.817606,-123.397341,11,DEFAULT,48.0,DEFAULT,DEFAULT,DEFAULT,DEFAULT,DEFAULT,hydro_run,DEFAULT,DEFAULT,DEFAULT,DEFAULT,DEFAULT,DEFAULT,DEFAULT,DEFAULT,,,1.0,1.0,,0.0,0.05,0.1,0,0.0,65,3250.0,80,49866,2.84,0.0,0.0,2010,2050.0,ror,
BC_LDR_GSS,BC_LDR01_GEN,BC_LDR_GSS,2.0,50.017315,-125.393017,48,DEFAULT,136.34,DEFAULT,DEFAULT,1266.0,167.9,0,hydro_daily,Campbell,2,BC_LDR_RES,BC_JHT_RES,178.3,163.65,DEFAULT,DEFAULT,3.5999999999999996,3.5999999999999996,1.0,1.0,,0.1,0.05,0.1,0,0.0,100,3599.7,80,39482,2.41,0.0,0.0,1956,2026.0,reservoir,
BC_LLK_DSS,BC_LLK00_GEN,BC_SAY_DSS,1.0,49.769902,-124.316989,37,DEFAULT,175.44,DEFAULT,DEFAULT,DEFAULT,DEFAULT,DEFAULT,hydro_run,DEFAULT,DEFAULT,DEFAULT,DEFAULT,DEFAULT,DEFAULT,DEFAULT,DEFAULT,,,1.0,1.0,,0.0,0.05,0.1,0,0.0,65,3250.0,80,49866,2.84,0.0,0.0,1931,2041.0,ror,
BC_LMN_GSS,BC_USR02_GEN,BC_LMN_GSS,1.0,49.568962,-122.344598,33,DEFAULT,161.62,DEFAULT,DEFAULT,DEFAULT,DEFAULT,DEFAULT,hydro_run,DEFAULT,DEFAULT,DEFAULT,DEFAULT,DEFAULT,DEFAULT,DEFAULT,DEFAULT,,,1.0,1.0,,0.0,0.05,0.1,0,0.0,65,3250.0,80,49866,2.84,0.0,0.0,2009,2049.0,ror,
BC_LNL_GSS,BC_LNL01_GEN,BC_LNL_GSS,2.0,56.062314,-130.018495,32,DEFAULT,154.06,DEFAULT,DEFAULT,DEFAULT,DEFAULT,DEFAULT,hydro_daily,DEFAULT,DEFAULT,,,,,DEFAULT,DEFAULT,2.4,2.4,1.0,1.0,,0.1,0.05,0.1,0,0.0,100,3599.7,80,39482,2.41,0.0,0.0,2013,2053.0,ror,
BC_LZT_DSS,BC_LZT00_GEN,BC_HOP_DSS,1.0,49.327714,-121.601253,3,DEFAULT,10.31,DEFAULT,DEFAULT,DEFAULT,DEFAULT,DEFAULT,hydro_run,DEFAULT,DEFAULT,DEFAULT,DEFAULT,DEFAULT,DEFAULT,DEFAULT,DEFAULT,,,1.0,1.0,,0.0,0.05,0.1,0,0.0,65,3250.0,80,49866,2.84,0.0,0.0,2016,2056.0,ror,
BC_MAM_GSS,BC_MAM00_GEN,BC_MAM_GSS,1.0,49.721443,-123.091894,58,DEFAULT,250.0,DEFAULT,DEFAULT,DEFAULT,DEFAULT,DEFAULT,hydro_run,DEFAULT,DEFAULT,DEFAULT,DEFAULT,DEFAULT,DEFAULT,DEFAULT,DEFAULT,,,1.0,1.0,,0.0,0.05,0.1,0,0.0,65,3250.0,80,49866,2.84,0.0,0.0,1996,2036.0,ror,
BC_MCA_GSS,BC_MCA01_GEN,BC_MCA_GSS,6.0,52.075872,-118.570515,2972,DEFAULT,11695.880000000001,DEFAULT,DEFAULT,4290.0,1590.0,0,hydro_monthly,Mica/Columbia,1,BC_MCA_RES,BC_REV_RES,754.38,707.41,DEFAULT,DEFAULT,73.8,73.8,1.0,1.0,,0.2,0.05,0.1,0,0.0,700,8710.0,100,13752,1.14,0.0,0.0,1976,2046.0,reservoir,
BC_MCK_ISS,BC_MCK00_GEN,BC_GRP_ISS,1.0,49.872036,-126.213578,4,DEFAULT,19.5,DEFAULT,DEFAULT,DEFAULT,DEFAULT,DEFAULT,hydro_run,DEFAULT,DEFAULT,DEFAULT,DEFAULT,DEFAULT,DEFAULT,DEFAULT,DEFAULT,,,1.0,1.0,,0.0,0.05,0.1,0,0.0,65,3250.0,80,49866,2.84,0.0,0.0,2004,2044.0,ror,
BC_MCN_DSS,BC_MCN00_GEN,BC_GIB_DSS,1.0,49.515817,-123.501548,10,DEFAULT,38.0,DEFAULT,DEFAULT,DEFAULT,DEFAULT,DEFAULT,hydro_run,DEFAULT,DEFAULT,DEFAULT,DEFAULT,DEFAULT,DEFAULT,DEFAULT,DEFAULT,,,1.0,1.0,,0.0,0.05,0.1,0,0.0,65,3250.0,80,49866,2.84,0.0,0.0,2004,2044.0,ror,
BC_MCP_DSS,BC_MCP00_GEN,BC_TIS_DSS,1.0,50.349883,-122.871352,30,DEFAULT,118.0,DEFAULT,DEFAULT,DEFAULT,DEFAULT,DEFAULT,hydro_run,DEFAULT,DEFAULT,DEFAULT,DEFAULT,DEFAULT,DEFAULT,DEFAULT,DEFAULT,,,1.0,1.0,,0.0,0.05,0.1,0,0.0,65,3250.0,80,49866,2.84,0.0,0.0,2003,2043.0,ror,
BC_MCY_GSS,BC_MCY00_GEN,BC_FKR_GSS,1.0,56.687197,-130.797452,66,DEFAULT,244.4,DEFAULT,DEFAULT,DEFAULT,DEFAULT,DEFAULT,hydro_run,DEFAULT,DEFAULT,DEFAULT,DEFAULT,DEFAULT,DEFAULT,DEFAULT,DEFAULT,,,1.0,1.0,,0.0,0.05,0.1,0,0.0,65,3250.0,80,49866,2.84,0.0,0.0,2015,2055.0,ror,
BC_MIK_DSS,BC_MIK00_GEN,BC_REG_DSS,1.0,53.368676,-120.375396,1,DEFAULT,4.13,DEFAULT,DEFAULT,DEFAULT,DEFAULT,DEFAULT,hydro_run,DEFAULT,DEFAULT,DEFAULT,DEFAULT,DEFAULT,DEFAULT,DEFAULT,DEFAULT,,,1.0,1.0,,0.0,0.05,0.1,0,0.0,65,3250.0,80,49866,2.84,0.0,0.0,2010,2050.0,ror,
BC_MRK_GSS,BC_MRK00_GEN,BC_M3C_GSS,1.0,49.234215,-125.356863,5,DEFAULT,17.5,DEFAULT,DEFAULT,DEFAULT,DEFAULT,DEFAULT,hydro_run,DEFAULT,DEFAULT,DEFAULT,DEFAULT,DEFAULT,DEFAULT,DEFAULT,DEFAULT,,,1.0,1.0,,0.0,0.05,0.1,0,0.0,65,3250.0,80,49866,2.84,0.0,0.0,2005,2045.0,ror,
BC_MTR_GSS,BC_MTR00_GEN,BC_MTC_GSS,2.0,50.623136,-124.187332,78,DEFAULT,436.85,DEFAULT,DEFAULT,DEFAULT,DEFAULT,DEFAULT,hydro_run,DEFAULT,DEFAULT,DEFAULT,DEFAULT,DEFAULT,DEFAULT,DEFAULT,DEFAULT,,,1.0,1.0,,0.0,0.05,0.1,0,0.0,65,3250.0,80,49866,2.84,0.0,0.0,2010,2050.0,ror,
BC_NSI_DSS,BC_NSI00_GEN,BC_MSA_DSS,1.0,49.829455,-123.664242,33,DEFAULT,147.72,DEFAULT,DEFAULT,DEFAULT,DEFAULT,DEFAULT,hydro_run,DEFAULT,DEFAULT,DEFAULT,DEFAULT,DEFAULT,DEFAULT,DEFAULT,DEFAULT,,,1.0,1.0,,0.0,0.05,0.1,0,0.0,65,3250.0,80,49866,2.84,0.0,0.0,2019,2059.0,ror,
BC_NWS_GSS,BC_NWS00_GEN,BC_NWS_GSS,1.0,49.628056,-122.462532,18,DEFAULT,64.67,DEFAULT,DEFAULT,DEFAULT,DEFAULT,DEFAULT,hydro_run,DEFAULT,DEFAULT,DEFAULT,DEFAULT,DEFAULT,DEFAULT,DEFAULT,DEFAULT,,,1.0,1.0,,0.0,0.05,0.1,0,0.0,65,3250.0,80,49866,2.84,0.0,0.0,2013,2053.0,ror,
BC_PCN_GSS,BC_PCN01_GEN,BC_PCN_GSS,4.0,55.982571,-121.99497,700,DEFAULT,3814.4,DEFAULT,DEFAULT,10280.0,1982.0,283,hydro_monthly,Peace,2,BC_PCN_RES,BC_STC_RES,502.92,500,DEFAULT,DEFAULT,26.25,26.25,1.0,1.0,,0.2,0.05,0.1,0,0.0,700,8710.0,100,13752,1.14,0.0,0.0,1980,2050.0,reservoir-impute,
BC_PIN_GSS,BC_PIN00_GEN,BC_PIN_GSS,1.0,50.550065,-117.948415,45,DEFAULT,193.0,DEFAULT,DEFAULT,DEFAULT,DEFAULT,DEFAULT,hydro_run,DEFAULT,DEFAULT,DEFAULT,DEFAULT,DEFAULT,DEFAULT,DEFAULT,DEFAULT,,,1.0,1.0,,0.0,0.05,0.1,0,0.0,65,3250.0,80,49866,2.84,0.0,0.0,2003,2043.0,ror,
BC_PTM_DSS,BC_PTM00_GEN,BC_REG_DSS,1.0,53.678543,-120.910996,5,DEFAULT,26.4,DEFAULT,DEFAULT,DEFAULT,DEFAULT,DEFAULT,hydro_run,DEFAULT,DEFAULT,DEFAULT,DEFAULT,DEFAULT,DEFAULT,DEFAULT,DEFAULT,,,1.0,1.0,,0.0,0.05,0.1,0,0.0,65,3250.0,80,49866,2.84,0.0,0.0,1993,2033.0,ror,
BC_PUN_DFS,BC_PUN00_GEN,BC_PUN_DFS,1.0,49.664965,-125.093905,24,DEFAULT,69.62,DEFAULT,DEFAULT,DEFAULT,DEFAULT,DEFAULT,hydro_daily,DEFAULT,DEFAULT,,,135.33,130.5,DEFAULT,DEFAULT,3.5999999999999996,3.5999999999999996,1.0,1.0,,0.1,0.05,0.1,0,0.0,100,3599.7,80,39482,2.41,0.0,0.0,1982,2052.0,ror,
BC_PWL_DSS,BC_PWL00_GEN,BC_POW_DSS,1.0,49.872348,-124.557704,46,DEFAULT,180.18,DEFAULT,DEFAULT,DEFAULT,DEFAULT,DEFAULT,hydro_run,DEFAULT,DEFAULT,DEFAULT,DEFAULT,DEFAULT,DEFAULT,DEFAULT,DEFAULT,,,1.0,1.0,,0.0,0.05,0.1,0,0.0,65,3250.0,80,49866,2.84,0.0,0.0,1911,2061.0,ror,
BC_REV_GSS,BC_REV01_GEN,BC_REV_GSS,5.0,51.048563,-118.193945,2500,DEFAULT,8799.85,DEFAULT,DEFAULT,7110.0,2055.0,0,hydro_monthly,Mica/Columbia,2,BC_REV_RES,BC_ALH_RES,573.02,554.54,DEFAULT,DEFAULT,75.0,75.0,1.0,1.0,,0.2,0.05,0.1,0,0.0,700,8710.0,100,13752,1.14,0.0,0.0,1984,2054.0,reservoir,
BC_RGR_DSS,BC_RGR01_GEN,BC_JUL_DSS,2.0,50.388421,-127.233472,8,DEFAULT,39.76,DEFAULT,DEFAULT,DEFAULT,DEFAULT,DEFAULT,hydro_daily,DEFAULT,DEFAULT,DEFAULT,DEFAULT,DEFAULT,DEFAULT,DEFAULT,DEFAULT,0.6,0.6,1.0,1.0,,0.1,0.05,0.1,0,0.0,100,3599.7,80,39482,2.41,0.0,0.0,2012,2052.0,ror,
BC_RUS_GSS,BC_RUS01_GEN,BC_RUS_GSS,3.0,49.194973,-122.408341,114,DEFAULT,333.57,DEFAULT,DEFAULT,4430.0,348.0,0,hydro_daily,Stave,3,BC_RUS_RES,,42.8,41.1,DEFAULT,DEFAULT,5.7,5.7,1.0,1.0,,0.1,0.05,0.1,0,0.0,100,3599.7,80,39482,2.41,0.0,0.0,1930,2040.0,reservoir-impute,
BC_RUT_GSS,BC_RUT00_GEN,BC_RUT_GSS,1.0,50.272697,-122.866954,50,DEFAULT,172.0,DEFAULT,DEFAULT,DEFAULT,DEFAULT,DEFAULT,hydro_run,DEFAULT,DEFAULT,DEFAULT,DEFAULT,DEFAULT,DEFAULT,DEFAULT,DEFAULT,,,1.0,1.0,,0.0,0.05,0.1,0,0.0,65,3250.0,80,49866,2.84,0.0,0.0,2004,2044.0,ror,
BC_SCA_GSS,BC_SCA01_GEN,BC_SCA_GSS,2.0,49.998082,-125.585578,66,DEFAULT,188.56,DEFAULT,DEFAULT,577.0,197.4,0,hydro_daily,Campbell,1,BC_SCA_RES,BC_LDR_RES,221,210,DEFAULT,DEFAULT,4.95,4.95,1.0,1.0,,0.1,0.05,0.1,0,0.0,100,3599.7,80,39482,2.41,0.0,0.0,1958,2028.0,reservoir,
BC_SCB_GSS,BC_SCB00_GEN,BC_SCB_GSS,1.0,50.771577,-118.104136,12,DEFAULT,26.36,DEFAULT,DEFAULT,DEFAULT,DEFAULT,DEFAULT,hydro_run,DEFAULT,DEFAULT,DEFAULT,DEFAULT,DEFAULT,DEFAULT,DEFAULT,DEFAULT,,,1.0,1.0,,0.0,0.05,0.1,0,0.0,65,3250.0,80,49866,2.84,0.0,0.0,2008,2048.0,ror,
BC_SCG_GSS,BC_SCG00_GEN,BC_SCG_GSS,,49.677482,-123.54807,17,DEFAULT,84.6,DEFAULT,DEFAULT,DEFAULT,DEFAULT,DEFAULT,hydro_run,DEFAULT,DEFAULT,DEFAULT,DEFAULT,DEFAULT,DEFAULT,DEFAULT,DEFAULT,,,1.0,1.0,,0.0,0.05,0.1,0,0.0,65,3250.0,80,49866,2.84,0.0,0.0,2018,2058.0,ror,
BC_SCN_DFS,BC_SCN00_GEN,BC_SPN_DFS,1.0,50.903362,-116.408943,5,DEFAULT,8.7,DEFAULT,DEFAULT,DEFAULT,DEFAULT,DEFAULT,hydro_run,DEFAULT,DEFAULT,DEFAULT,DEFAULT,DEFAULT,DEFAULT,DEFAULT,DEFAULT,,,1.0,1.0,,0.0,0.05,0.1,0,0.0,65,3250.0,80,49866,2.84,0.0,0.0,1954,2024.0,ror,
BC_SEV_GSS,BC_SEV01_GEN,BC_SEV_GSS,4.0,49.030161,-117.504098,804,DEFAULT,2335.28,DEFAULT,DEFAULT,2000.0,1473.0,0,hydro_daily,Seven Mile,1,BC_SEV_RES,Waneta,527.3,514.8,DEFAULT,DEFAULT,30.15,30.15,1.0,1.0,,0.1,0.05,0.1,0,0.0,100,3599.7,80,39482,2.41,0.0,0.0,1979,2049.0,reservoir,Temporarily removed BC_WAN_RES as downstream since it run as RoR
BC_SFL_GSS,BC_SFL01_GEN,BC_SFL_GSS,2.0,49.228836,-122.356118,92,DEFAULT,263.98,DEFAULT,DEFAULT,1450.0,297.0,0,hydro_daily,Stave,2,BC_SFL_RES,BC_RUS_RES,82.08,73,DEFAULT,DEFAULT,6.8999999999999995,6.8999999999999995,1.0,1.0,,0.1,0.05,0.1,0,0.0,100,3599.7,80,39482,2.41,0.0,0.0,2000,2040.0,reservoir-impute,
BC_SHW_DSS,BC_SHW00_GEN,BC_ACK_DSS,1.0,50.296008,-118.813327,6,DEFAULT,17.41,DEFAULT,DEFAULT,DEFAULT,DEFAULT,DEFAULT,hydro_daily,DEFAULT,DEFAULT,DEFAULT,DEFAULT,DEFAULT,DEFAULT,DEFAULT,DEFAULT,0.8999999999999999,0.8999999999999999,1.0,1.0,,0.1,0.05,0.1,0,0.0,100,3599.7,80,39482,2.41,0.0,0.0,1929,2039.0,ror,
BC_SKK_GSS,BC_SKK00_GEN,BC_SKK_GSS,1.0,49.711062,-122.034255,22,DEFAULT,109.54,DEFAULT,DEFAULT,DEFAULT,DEFAULT,DEFAULT,hydro_run,DEFAULT,DEFAULT,DEFAULT,DEFAULT,DEFAULT,DEFAULT,DEFAULT,DEFAULT,,,1.0,1.0,,0.0,0.05,0.1,0,0.0,65,3250.0,80,49866,2.84,0.0,0.0,2009,2049.0,ror,
BC_SKO_GSS,BC_SKO00_GEN,BC_SKO_GSS,1.0,49.720472,-122.995573,29,DEFAULT,102.0,DEFAULT,DEFAULT,DEFAULT,DEFAULT,DEFAULT,hydro_run,DEFAULT,DEFAULT,DEFAULT,DEFAULT,DEFAULT,DEFAULT,DEFAULT,DEFAULT,,,1.0,1.0,,0.0,0.05,0.1,0,0.0,65,3250.0,80,49866,2.84,0.0,0.0,2014,2054.0,ror,
BC_SKW_DSS,BC_SKW00_GEN,BC_ROS_DSS,1.0,49.332617,-121.880117,6,DEFAULT,21.0,DEFAULT,DEFAULT,DEFAULT,DEFAULT,DEFAULT,hydro_run,DEFAULT,DEFAULT,DEFAULT,DEFAULT,DEFAULT,DEFAULT,DEFAULT,DEFAULT,,,1.0,1.0,,0.0,0.05,0.1,0,0.0,65,3250.0,80,49866,2.84,0.0,0.0,2014,2054.0,ror,
BC_SLC_GSS,BC_SLC01_GEN,BC_SLC_GSS,3.0,49.455487,-117.519712,57,DEFAULT,165.35999999999999,DEFAULT,DEFAULT,DEFAULT,DEFAULT,DEFAULT,hydro_daily,DEFAULT,DEFAULT,South Slocan,Brilliant,,,DEFAULT,DEFAULT,2.85,2.85,1.0,1.0,,0.1,0.05,0.1,0,0.0,100,3599.7,80,39482,2.41,0.0,0.0,1928,2038.0,ror,
BC_SON_DFS,BC_SON00_GEN,BC_SON_DFS,1.0,50.672742,-121.924124,48,DEFAULT,139.25,5.0,DEFAULT,410.4,142.76,0,hydro_daily,Bridge,3,BC_SON_RES,,236.36,235.76,DEFAULT,DEFAULT,7.199999999999999,7.199999999999999,1.0,1.0,,0.1,0.05,0.1,0,0.0,100,3599.7,80,39482,2.41,0.0,0.0,1956,2026.0,reservoir,
BC_SOO_DSS,BC_SOO00_GEN,BC_TIS_DSS,1.0,50.284228,-122.977625,13,DEFAULT,78.1,DEFAULT,DEFAULT,DEFAULT,DEFAULT,DEFAULT,hydro_run,DEFAULT,DEFAULT,DEFAULT,DEFAULT,DEFAULT,DEFAULT,DEFAULT,DEFAULT,,,1.0,1.0,,0.0,0.05,0.1,0,0.0,65,3250.0,80,49866,2.84,0.0,0.0,1994,2034.0,ror,
BC_SSH_GSS,BC_SSH00_GEN,BC_SSH_GSS,1.0,49.287612,-125.309211,5,DEFAULT,26.0,DEFAULT,DEFAULT,DEFAULT,DEFAULT,DEFAULT,hydro_run,DEFAULT,DEFAULT,DEFAULT,DEFAULT,DEFAULT,DEFAULT,DEFAULT,DEFAULT,,,1.0,1.0,,0.0,0.05,0.1,0,0.0,65,3250.0,80,49866,2.84,0.0,0.0,2005,2045.0,ror,
BC_STC_GSS,BC_STC01_GEN,BC_STC_GSS,6.0,56.196554,-120.913957,1134,DEFAULT,5364.42,DEFAULT,DEFAULT,10280.0,793.0,0,hydro_monthly,Peace,3,BC_STC_RES,,461.8,460.011,DEFAULT,DEFAULT,28.349999999999998,28.349999999999998,1.0,1.0,,0.2,0.05,0.1,0,0.0,700,8710.0,100,13752,1.14,0.0,0.0,2025,2095.0,reservoir-impute,Copied from CODERS
BC_TPA_GSS,BC_TPA00_GEN,BC_TPA_GSS,1.0,49.740918,-122.162222,19,DEFAULT,96.22,DEFAULT,DEFAULT,DEFAULT,DEFAULT,DEFAULT,hydro_run,DEFAULT,DEFAULT,DEFAULT,DEFAULT,DEFAULT,DEFAULT,DEFAULT,DEFAULT,,,1.0,1.0,,0.0,0.05,0.1,0,0.0,65,3250.0,80,49866,2.84,0.0,0.0,2009,2049.0,ror,
BC_TRE_GSS,BC_TRE00_GEN,BC_TRE_GSS,1.0,49.628402,-122.032922,14,DEFAULT,80.7,DEFAULT,DEFAULT,DEFAULT,DEFAULT,DEFAULT,hydro_run,DEFAULT,DEFAULT,DEFAULT,DEFAULT,DEFAULT,DEFAULT,DEFAULT,DEFAULT,,,1.0,1.0,,0.0,0.05,0.1,0,0.0,65,3250.0,80,49866,2.84,0.0,0.0,2018,2058.0,ror,
BC_TWY_GSS,BC_TWY00_GEN,BC_TWY_GSS,1.0,49.70379,-122.079577,21,DEFAULT,80.7,DEFAULT,DEFAULT,DEFAULT,DEFAULT,DEFAULT,hydro_run,DEFAULT,DEFAULT,DEFAULT,DEFAULT,DEFAULT,DEFAULT,DEFAULT,DEFAULT,,,1.0,1.0,,0.0,0.05,0.1,0,0.0,65,3250.0,80,49866,2.84,0.0,0.0,2015,2055.0,ror,
BC_TYS_DSS,BC_TYS00_GEN,BC_MSA_DSS,1.0,49.837085,-123.685752,9,DEFAULT,46.22,DEFAULT,DEFAULT,DEFAULT,DEFAULT,DEFAULT,hydro_daily,DEFAULT,DEFAULT,DEFAULT,DEFAULT,DEFAULT,DEFAULT,DEFAULT,DEFAULT,1.3499999999999999,1.3499999999999999,1.0,1.0,,0.1,0.05,0.1,0,0.0,100,3599.7,80,39482,2.41,0.0,0.0,2009,2049.0,ror,
BC_UBO_GSS,BC_UBO01_GEN,BC_UBO_GSS,6.0,49.460113,-117.484182,65,DEFAULT,182.78,DEFAULT,DEFAULT,DEFAULT,DEFAULT,DEFAULT,hydro_daily,DEFAULT,DEFAULT,Upper Bonnington,Lower Bonnington,,,DEFAULT,DEFAULT,0.8999999999999999,0.8999999999999999,1.0,1.0,,0.1,0.05,0.1,0,0.0,100,3599.7,80,39482,2.41,0.0,0.0,1907,2057.0,ror,
BC_UCH_GSS,BC_UCH00_GEN,BC_UCH_GSS,1.0,49.854277,-123.446116,11,DEFAULT,48.0,DEFAULT,DEFAULT,DEFAULT,DEFAULT,DEFAULT,hydro_run,DEFAULT,DEFAULT,DEFAULT,DEFAULT,DEFAULT,DEFAULT,DEFAULT,DEFAULT,,,1.0,1.0,,0.0,0.05,0.1,0,0.0,65,3250.0,80,49866,2.84,0.0,0.0,2010,2050.0,ror,
BC_ULR_GSS,BC_ULR00_GEN,BC_ULR_GSS,1.0,50.657,-123.447636,74,DEFAULT,333.82,DEFAULT,DEFAULT,DEFAULT,DEFAULT,DEFAULT,hydro_run,DEFAULT,DEFAULT,DEFAULT,DEFAULT,DEFAULT,DEFAULT,DEFAULT,DEFAULT,,,1.0,1.0,,0.0,0.05,0.1,0,0.0,65,3250.0,80,49866,2.84,0.0,0.0,2016,2056.0,ror,
BC_UMH_GSS,BC_UMH00_GEN,BC_UMH_GSS,1.0,49.717831,-123.054632,25,DEFAULT,108.0,DEFAULT,DEFAULT,DEFAULT,DEFAULT,DEFAULT,hydro_run,DEFAULT,DEFAULT,DEFAULT,DEFAULT,DEFAULT,DEFAULT,DEFAULT,DEFAULT,,,1.0,1.0,,0.0,0.05,0.1,0,0.0,65,3250.0,80,49866,2.84,0.0,0.0,2005,2045.0,ror,
BC_USR_GSS,BC_USR00_GEN,BC_USR_GSS,1.0,49.566047,-122.350299,38,DEFAULT,188.31,DEFAULT,DEFAULT,DEFAULT,DEFAULT,DEFAULT,hydro_run,DEFAULT,DEFAULT,DEFAULT,DEFAULT,DEFAULT,DEFAULT,DEFAULT,DEFAULT,,,1.0,1.0,,0.0,0.05,0.1,0,0.0,65,3250.0,80,49866,2.84,0.0,0.0,2009,2049.0,ror,
BC_VCC_GSS,BC_VCC00_GEN,BC_FKR_GSS,1.0,56.728912,-130.597699,18,DEFAULT,50.55,DEFAULT,DEFAULT,DEFAULT,DEFAULT,DEFAULT,hydro_run,DEFAULT,DEFAULT,DEFAULT,DEFAULT,DEFAULT,DEFAULT,DEFAULT,DEFAULT,,,1.0,1.0,,0.0,0.05,0.1,0,0.0,65,3250.0,80,49866,2.84,0.0,0.0,2015,2055.0,ror,
BC_WAH_GSS,BC_WAH00_GEN,BC_WAH_GSS,1.0,49.236626,-121.680665,65,DEFAULT,188.56,DEFAULT,DEFAULT,DEFAULT,DEFAULT,DEFAULT,hydro_daily,DEFAULT,DEFAULT,Jones Lake,,52.5,45,DEFAULT,DEFAULT,9.75,9.75,1.0,1.0,,0.1,0.05,0.1,0,0.0,100,3599.7,80,39482,2.41,0.0,0.0,1952,2022.0,ror,
BC_WAN_GSS,BC_WAN01_GEN,BC_WAN_GSS,4.0,49.004148,-117.612867,480,DEFAULT,1392.44,DEFAULT,DEFAULT,DEFAULT,838.0,0,hydro_daily,Seven Mile,2,BC_WAN_RES,Columbia (U.S.),462.7,458.1,DEFAULT,DEFAULT,18.0,18.0,1.0,1.0,,0.1,0.05,0.1,0,0.0,100,3599.7,80,39482,2.41,0.0,0.0,1954,2024.0,ror,
BC_WAX_GSS,BC_WAX01_GEN,BC_WAX_GSS,2.0,49.004675,-117.615993,336,DEFAULT,1254.7,DEFAULT,DEFAULT,DEFAULT,DEFAULT,DEFAULT,hydro_daily,DEFAULT,DEFAULT,Waneta,Columbia (U.S.),,,DEFAULT,DEFAULT,25.2,25.2,1.0,1.0,,0.1,0.05,0.1,0,0.0,100,3599.7,80,39482,2.41,0.0,0.0,2015,2055.0,ror,
BC_WCC_DSS,BC_WCC00_GEN,BC_GCL_DSS,1.0,49.217653,-125.508224,4,DEFAULT,11.08,DEFAULT,DEFAULT,DEFAULT,DEFAULT,DEFAULT,hydro_run,DEFAULT,DEFAULT,DEFAULT,DEFAULT,DEFAULT,DEFAULT,DEFAULT,DEFAULT,,,1.0,1.0,,0.0,0.05,0.1,0,0.0,65,3250.0,80,49866,2.84,0.0,0.0,2019,2059.0,ror,
BC_WDN_GSS,BC_WDN00_GEN,BC_WDN_GSS,1.0,50.660512,-121.98331,18,DEFAULT,54.0,DEFAULT,DEFAULT,1000.0,43.0,0,hydro_run,Bridge,2,BC_WDN_RES,BC_SON_RES,DEFAULT,DEFAULT,DEFAULT,DEFAULT,,,1.0,1.0,,0.0,0.05,0.1,0,0.0,65,3250.0,80,49866,2.84,0.0,0.0,1994,2034.0,ror-water,Spill value imputed to ensure can spill easily. See hydro doc for reasoning.
BC_WGS_GSS,BC_WGS00_GEN,BC_WGS_GSS,1.0,49.910565,-118.071814,54,DEFAULT,156.65,15.0,DEFAULT,257.0,34.4,0,hydro_daily,Mica/Columbia,2,BC_WGS_RES,BC_ALH_RES,641.3,634,DEFAULT,DEFAULT,8.1,8.1,1.0,1.0,,0.1,0.05,0.1,0,0.0,100,3599.7,80,39482,2.41,0.0,0.0,1951,2021.0,reservoir,
BC_WHN_GSS,BC_WHN01_GEN,BC_WHN_GSS,2.0,50.813937,-118.06001,8,DEFAULT,23.2,DEFAULT,DEFAULT,11.0,4.33,0,hydro_daily,Mica/Columbia,2,BC_WHN_RES,BC_ALH_RES,701.95,698,DEFAULT,DEFAULT,0.6,0.6,1.0,1.0,,0.1,0.05,0.1,0,0.0,100,3599.7,80,39482,2.41,0.0,0.0,1960,2030.0,ror-water,
BC_ZBL_GSS,BC_ZBL01_GEN,BC_ZBL_GSS,3.0,50.053521,-126.779654,21,DEFAULT,108.6,DEFAULT,DEFAULT,DEFAULT,DEFAULT,DEFAULT,hydro_daily,DEFAULT,DEFAULT,,,,,DEFAULT,DEFAULT,1.3499999999999999,1.3499999999999999,1.0,1.0,,0.1,0.05,0.1,0,0.0,100,3599.7,80,39482,2.41,0.0,0.0,2009,2049.0,ror,
