r,t,y,CapitalInvestment
REGION1,DEMAGRDSL,2020,0.1503
REGION1,DEMAGRDSL,2021,0.1578
REGION1,DEMAGRDSL,2022,0.1643
REGION1,DEMAGRDSL,2023,0.1682
REGION1,DEMAGRDSL,2024,0.1777
REGION1,DEMAGRDSL,2025,0.1832
REGION1,DEMAGRDSL,2026,0.1759
REGION1,DEMAGRDSL,2027,0.1686
REGION1,DEMAGRDSL,2028,0.1613
REGION1,DEMAGRDSL,2029,0.1539
REGION1,DEMAGRDSL,2030,0.1466
REGION1,DEMAGRDSL,2031,0.1393
REGION1,DEMAGRDSL,2032,0.1319
REGION1,DEMAGRDSL,2033,0.1246
REGION1,DEMAGRDSL,2034,0.1173
REGION1,DEMAGRDSL,2035,0.1099
REGION1,DEMAGRDSL,2036,0.1026
REGION1,DEMAGRDSL,2037,0.0953
REGION1,DEMAGRDSL,2038,0.088
REGION1,DEMAGRDSL,2039,0.0806
REGION1,DEMAGRDSL,2040,0.0733
REGION1,DEMAGRDSL,2041,0.066
REGION1,DEMAGRDSL,2042,0.0586
REGION1,DEMAGRDSL,2043,0.0513
REGION1,DEMAGRDSL,2044,0.044
REGION1,DEMAGRDSL,2045,0.0367
REGION1,DEMAGRDSL,2046,0.0293
REGION1,DEMAGRDSL,2047,0.022
REGION1,DEMAGRDSL,2048,0.0147
REGION1,DEMAGRDSL,2049,0.0073
REGION1,DEMAGRELCB02,2026,0.0199
REGION1,DEMAGRELCB02,2027,0.0399
REGION1,DEMAGRELCB02,2028,0.0597
REGION1,DEMAGRELCB02,2029,0.0796
REGION1,DEMAGRELCB02,2030,0.0995
REGION1,DEMAGRELCB02,2031,0.1195
REGION1,DEMAGRELCB02,2032,0.1394
REGION1,DEMAGRELCB02,2033,0.1592
REGION1,DEMAGRELCB02,2034,0.1791
REGION1,DEMAGRELCB02,2035,0.199
REGION1,DEMAGRELCB02,2036,0.219
REGION1,DEMAGRELCB02,2037,0.2388
REGION1,DEMAGRELCB02,2038,0.2587
REGION1,DEMAGRELCB02,2039,0.2786
REGION1,DEMAGRELCB02,2040,0.2986
REGION1,DEMAGRELCB02,2041,0.3185
REGION1,DEMAGRELCB02,2042,0.3383
REGION1,DEMAGRELCB02,2043,0.3582
REGION1,DEMAGRELCB02,2044,0.3782
REGION1,DEMAGRELCB02,2045,0.3981
REGION1,DEMAGRELCB02,2046,0.418
REGION1,DEMAGRELCB02,2047,0.4378
REGION1,DEMAGRELCB02,2048,0.4577
REGION1,DEMAGRELCB02,2049,0.4777
REGION1,DEMAGRELCB02,2050,0.4976
REGION1,DEMAGRSURBC1,2020,0.0036
REGION1,DEMAGRSURBC1,2021,0.0043
REGION1,DEMAGRSURBC1,2022,0.0043
REGION1,DEMAGRSURBC1,2023,0.0043
REGION1,DEMAGRSURBC1,2024,0.0043
REGION1,DEMAGRSURBC1,2025,0.0045
REGION1,DEMAGRSURBC1,2026,0.0049
REGION1,DEMAGRSURBC1,2027,0.0057
REGION1,DEMAGRSURBC1,2028,0.0061
REGION1,DEMAGRSURBC1,2029,0.0064
REGION1,DEMAGRSURBC1,2030,0.0068
REGION1,DEMAGRSURBC1,2031,0.0071
REGION1,DEMAGRSURBC1,2032,0.0074
REGION1,DEMAGRSURBC1,2033,0.0078
REGION1,DEMAGRSURBC1,2034,0.0081
REGION1,DEMAGRSURBC1,2035,0.0172
REGION1,DEMAGRSURBC1,2036,0.0181
REGION1,DEMAGRSURBC1,2037,0.0185
REGION1,DEMAGRSURBC1,2038,0.0189
REGION1,DEMAGRSURBC1,2039,0.0192
REGION1,DEMAGRSURBC1,2040,0.0193
REGION1,DEMAGRSURBC1,2041,0.0194
REGION1,DEMAGRSURBC1,2042,0.0195
REGION1,DEMAGRSURBC1,2043,0.0196
REGION1,DEMAGRSURBC1,2044,0.0197
REGION1,DEMAGRSURBC1,2045,0.0197
REGION1,DEMAGRSURBC1,2046,0.0198
REGION1,DEMAGRSURBC1,2047,0.0199
REGION1,DEMAGRSURBC1,2048,0.02
REGION1,DEMAGRSURBC1,2049,0.0201
REGION1,DEMAGRSURBC1,2050,0.0202
REGION1,DEMCOMBIO,2020,0.0012
REGION1,DEMCOMBIO,2021,0.0017
REGION1,DEMCOMBIO,2022,0.0022
REGION1,DEMCOMBIO,2023,0.0026
REGION1,DEMCOMBIO,2024,0.0031
REGION1,DEMCOMBIO,2025,0.0035
REGION1,DEMCOMBIO,2026,0.0034
REGION1,DEMCOMBIO,2027,0.0032
REGION1,DEMCOMBIO,2028,0.0031
REGION1,DEMCOMBIO,2029,0.0029
REGION1,DEMCOMBIO,2030,0.0028
REGION1,DEMCOMBIO,2031,0.0027
REGION1,DEMCOMBIO,2032,0.0025
REGION1,DEMCOMBIO,2033,0.0024
REGION1,DEMCOMBIO,2034,0.0022
REGION1,DEMCOMBIO,2035,0.0021
REGION1,DEMCOMBIO,2036,0.002
REGION1,DEMCOMBIO,2037,0.0018
REGION1,DEMCOMBIO,2038,0.0019
REGION1,DEMCOMBIO,2039,0.0017
REGION1,DEMCOMBIO,2040,0.0016
REGION1,DEMCOMBIO,2041,0.0014
REGION1,DEMCOMBIO,2042,0.0012
REGION1,DEMCOMBIO,2043,0.0011
REGION1,DEMCOMBIO,2044,0.0009
REGION1,DEMCOMBIO,2045,0.0008
REGION1,DEMCOMBIO,2046,0.0007
REGION1,DEMCOMBIO,2047,0.0004
REGION1,DEMCOMBIO,2048,0.0003
REGION1,DEMCOMBIO,2049,0.0001
REGION1,DEMCOMELCB02,2020,0.8233
REGION1,DEMCOMELCB02,2021,0.842
REGION1,DEMCOMELCB02,2022,0.8574
REGION1,DEMCOMELCB02,2023,0.8701
REGION1,DEMCOMELCB02,2024,0.8805
REGION1,DEMCOMELCB02,2025,0.8911
REGION1,DEMCOMELCB02,2026,0.9181
REGION1,DEMCOMELCB02,2027,0.9451
REGION1,DEMCOMELCB02,2028,0.9723
REGION1,DEMCOMELCB02,2029,0.9993
REGION1,DEMCOMELCB02,2030,1.0263
REGION1,DEMCOMELCB02,2031,1.0533
REGION1,DEMCOMELCB02,2032,1.0803
REGION1,DEMCOMELCB02,2033,1.1073
REGION1,DEMCOMELCB02,2034,1.1345
REGION1,DEMCOMELCB02,2035,1.1615
REGION1,DEMCOMELCB02,2036,1.1885
REGION1,DEMCOMELCB02,2037,1.2155
REGION1,DEMCOMELCB02,2038,1.2425
REGION1,DEMCOMELCB02,2039,1.2695
REGION1,DEMCOMELCB02,2040,1.2967
REGION1,DEMCOMELCB02,2041,1.3237
REGION1,DEMCOMELCB02,2042,1.3507
REGION1,DEMCOMELCB02,2043,1.3777
REGION1,DEMCOMELCB02,2044,1.4047
REGION1,DEMCOMELCB02,2045,1.4317
REGION1,DEMCOMELCB02,2046,1.4589
REGION1,DEMCOMELCB02,2047,1.4859
REGION1,DEMCOMELCB02,2048,1.5129
REGION1,DEMCOMELCB02,2049,1.5399
REGION1,DEMCOMELCB02,2050,1.5669
REGION1,DEMCOMKER,2020,0.1068
REGION1,DEMCOMKER,2021,0.1091
REGION1,DEMCOMKER,2022,0.1111
REGION1,DEMCOMKER,2023,0.1128
REGION1,DEMCOMKER,2024,0.1144
REGION1,DEMCOMKER,2025,0.116
REGION1,DEMCOMKER,2026,0.1113
REGION1,DEMCOMKER,2027,0.1067
REGION1,DEMCOMKER,2028,0.102
REGION1,DEMCOMKER,2029,0.0974
REGION1,DEMCOMKER,2030,0.0927
REGION1,DEMCOMKER,2031,0.0882
REGION1,DEMCOMKER,2032,0.0835
REGION1,DEMCOMKER,2033,0.0789
REGION1,DEMCOMKER,2034,0.0742
REGION1,DEMCOMKER,2035,0.0696
REGION1,DEMCOMKER,2036,0.0649
REGION1,DEMCOMKER,2037,0.0603
REGION1,DEMCOMKER,2038,0.0557
REGION1,DEMCOMKER,2039,0.051
REGION1,DEMCOMKER,2040,0.0464
REGION1,DEMCOMKER,2041,0.0417
REGION1,DEMCOMKER,2042,0.0371
REGION1,DEMCOMKER,2043,0.0325
REGION1,DEMCOMKER,2044,0.0279
REGION1,DEMCOMKER,2045,0.0232
REGION1,DEMCOMKER,2046,0.0186
REGION1,DEMCOMKER,2047,0.0139
REGION1,DEMCOMKER,2048,0.0093
REGION1,DEMCOMKER,2049,0.0046
REGION1,DEMCOMNGS,2020,0.849
REGION1,DEMCOMNGS,2021,0.8495
REGION1,DEMCOMNGS,2022,0.8489
REGION1,DEMCOMNGS,2023,0.8496
REGION1,DEMCOMNGS,2024,0.8548
REGION1,DEMCOMNGS,2025,0.8653
REGION1,DEMCOMNGS,2026,0.8306
REGION1,DEMCOMNGS,2027,0.7961
REGION1,DEMCOMNGS,2028,0.7614
REGION1,DEMCOMNGS,2029,0.7268
REGION1,DEMCOMNGS,2030,0.6922
REGION1,DEMCOMNGS,2031,0.6576
REGION1,DEMCOMNGS,2032,0.623
REGION1,DEMCOMNGS,2033,0.5884
REGION1,DEMCOMNGS,2034,0.5537
REGION1,DEMCOMNGS,2035,0.5192
REGION1,DEMCOMNGS,2036,0.4845
REGION1,DEMCOMNGS,2037,0.4499
REGION1,DEMCOMNGS,2038,0.4154
REGION1,DEMCOMNGS,2039,0.3807
REGION1,DEMCOMNGS,2040,0.3461
REGION1,DEMCOMNGS,2041,0.3115
REGION1,DEMCOMNGS,2042,0.2769
REGION1,DEMCOMNGS,2043,0.2422
REGION1,DEMCOMNGS,2044,0.2077
REGION1,DEMCOMNGS,2045,0.1903
REGION1,DEMCOMNGS,2046,0.1523
REGION1,DEMCOMNGS,2047,0.1038
REGION1,DEMCOMNGS,2048,0.0692
REGION1,DEMCOMNGS,2049,0.0346
REGION1,DEMINDBIO,2020,1.6166
REGION1,DEMINDBIO,2021,1.6231
REGION1,DEMINDBIO,2022,1.6275
REGION1,DEMINDBIO,2023,1.6346
REGION1,DEMINDBIO,2024,1.6428
REGION1,DEMINDBIO,2025,1.6378
REGION1,DEMINDBIO,2026,1.6356
REGION1,DEMINDBIO,2027,1.6345
REGION1,DEMINDBIO,2028,1.6331
REGION1,DEMINDBIO,2029,1.6271
REGION1,DEMINDBIO,2030,1.6193
REGION1,DEMINDBIO,2031,1.5383
REGION1,DEMINDBIO,2032,1.4574
REGION1,DEMINDBIO,2033,1.3764
REGION1,DEMINDBIO,2034,1.2955
REGION1,DEMINDBIO,2035,1.2144
REGION1,DEMINDBIO,2036,1.1335
REGION1,DEMINDBIO,2037,1.0525
REGION1,DEMINDBIO,2038,0.9814
REGION1,DEMINDBIO,2039,0.9019
REGION1,DEMINDBIO,2040,0.8312
REGION1,DEMINDBIO,2041,0.7508
REGION1,DEMINDBIO,2042,0.6704
REGION1,DEMINDBIO,2043,0.5901
REGION1,DEMINDBIO,2044,0.5078
REGION1,DEMINDBIO,2045,0.4322
REGION1,DEMINDBIO,2046,0.3512
REGION1,DEMINDBIO,2047,0.2672
REGION1,DEMINDBIO,2048,0.1781
REGION1,DEMINDBIO,2049,0.0891
REGION1,DEMINDDSL,2020,1.0956
REGION1,DEMINDDSL,2021,1.0922
REGION1,DEMINDDSL,2022,1.0846
REGION1,DEMINDDSL,2023,1.0803
REGION1,DEMINDDSL,2024,1.0841
REGION1,DEMINDDSL,2025,1.0924
REGION1,DEMINDDSL,2026,1.1056
REGION1,DEMINDDSL,2027,1.1175
REGION1,DEMINDDSL,2028,1.1239
REGION1,DEMINDDSL,2029,1.1241
REGION1,DEMINDDSL,2030,1.1251
REGION1,DEMINDDSL,2031,1.0688
REGION1,DEMINDDSL,2032,1.0125
REGION1,DEMINDDSL,2033,0.9563
REGION1,DEMINDDSL,2034,0.9
REGION1,DEMINDDSL,2035,0.8438
REGION1,DEMINDDSL,2036,0.7876
REGION1,DEMINDDSL,2037,0.7313
REGION1,DEMINDDSL,2038,0.6751
REGION1,DEMINDDSL,2039,0.6188
REGION1,DEMINDDSL,2040,0.5625
REGION1,DEMINDDSL,2041,0.5063
REGION1,DEMINDDSL,2042,0.45
REGION1,DEMINDDSL,2043,0.3937
REGION1,DEMINDDSL,2044,0.3375
REGION1,DEMINDDSL,2045,0.2813
REGION1,DEMINDDSL,2046,0.2251
REGION1,DEMINDDSL,2047,0.1688
REGION1,DEMINDDSL,2048,0.1125
REGION1,DEMINDDSL,2049,0.0563
REGION1,DEMINDELCB02,2020,1.4609
REGION1,DEMINDELCB02,2021,1.4647
REGION1,DEMINDELCB02,2022,1.47
REGION1,DEMINDELCB02,2023,1.4784
REGION1,DEMINDELCB02,2024,1.6594
REGION1,DEMINDELCB02,2025,1.6899
REGION1,DEMINDELCB02,2026,1.7393
REGION1,DEMINDELCB02,2027,1.7387
REGION1,DEMINDELCB02,2028,1.732
REGION1,DEMINDELCB02,2029,1.7232
REGION1,DEMINDELCB02,2030,1.7394
REGION1,DEMINDELCB02,2031,2.2252
REGION1,DEMINDELCB02,2032,2.7109
REGION1,DEMINDELCB02,2033,3.1967
REGION1,DEMINDELCB02,2034,3.6826
REGION1,DEMINDELCB02,2035,4.1684
REGION1,DEMINDELCB02,2036,4.6541
REGION1,DEMINDELCB02,2037,5.1399
REGION1,DEMINDELCB02,2038,5.6257
REGION1,DEMINDELCB02,2039,6.1114
REGION1,DEMINDELCB02,2040,6.5974
REGION1,DEMINDELCB02,2041,7.0831
REGION1,DEMINDELCB02,2042,7.5689
REGION1,DEMINDELCB02,2043,8.0547
REGION1,DEMINDELCB02,2044,8.5404
REGION1,DEMINDELCB02,2045,9.0262
REGION1,DEMINDELCB02,2046,9.5121
REGION1,DEMINDELCB02,2047,9.9979
REGION1,DEMINDELCB02,2048,10.4836
REGION1,DEMINDELCB02,2049,10.9694
REGION1,DEMINDELCB02,2050,11.4552
REGION1,DEMINDNGS,2020,2.2713
REGION1,DEMINDNGS,2021,2.2154
REGION1,DEMINDNGS,2022,2.1608
REGION1,DEMINDNGS,2023,2.1377
REGION1,DEMINDNGS,2024,2.2358
REGION1,DEMINDNGS,2025,2.4528
REGION1,DEMINDNGS,2026,2.7791
REGION1,DEMINDNGS,2027,2.8603
REGION1,DEMINDNGS,2028,2.8748
REGION1,DEMINDNGS,2029,2.8945
REGION1,DEMINDNGS,2030,3.0778
REGION1,DEMINDNGS,2031,2.9239
REGION1,DEMINDNGS,2032,2.77
REGION1,DEMINDNGS,2033,2.6162
REGION1,DEMINDNGS,2034,2.4622
REGION1,DEMINDNGS,2035,2.3084
REGION1,DEMINDNGS,2036,2.1544
REGION1,DEMINDNGS,2037,2.0006
REGION1,DEMINDNGS,2038,1.8467
REGION1,DEMINDNGS,2039,1.6928
REGION1,DEMINDNGS,2040,1.5389
REGION1,DEMINDNGS,2041,1.3851
REGION1,DEMINDNGS,2042,1.2311
REGION1,DEMINDNGS,2043,1.0773
REGION1,DEMINDNGS,2044,0.9233
REGION1,DEMINDNGS,2045,0.7819
REGION1,DEMINDNGS,2046,0.6371
REGION1,DEMINDNGS,2047,0.4617
REGION1,DEMINDNGS,2048,0.3078
REGION1,DEMINDNGS,2049,0.1539
REGION1,DEMPUBSURBC1,2020,0.0086
REGION1,DEMPUBSURBC1,2021,0.0087
REGION1,DEMPUBSURBC1,2022,0.0087
REGION1,DEMPUBSURBC1,2023,0.0088
REGION1,DEMPUBSURBC1,2024,0.0089
REGION1,DEMPUBSURBC1,2025,0.009
REGION1,DEMPUBSURBC1,2026,0.0091
REGION1,DEMPUBSURBC1,2027,0.0092
REGION1,DEMPUBSURBC1,2028,0.0093
REGION1,DEMPUBSURBC1,2029,0.0094
REGION1,DEMPUBSURBC1,2030,0.0095
REGION1,DEMPUBSURBC1,2031,0.0096
REGION1,DEMPUBSURBC1,2032,0.0097
REGION1,DEMPUBSURBC1,2033,0.0099
REGION1,DEMPUBSURBC1,2034,0.01
REGION1,DEMPUBSURBC1,2035,0.0101
REGION1,DEMPUBSURBC1,2036,0.0102
REGION1,DEMPUBSURBC1,2037,0.0103
REGION1,DEMPUBSURBC1,2038,0.0104
REGION1,DEMPUBSURBC1,2039,0.0105
REGION1,DEMPUBSURBC1,2040,0.0106
REGION1,DEMPUBSURBC1,2041,0.0107
REGION1,DEMPUBSURBC1,2042,0.0109
REGION1,DEMPUBSURBC1,2043,0.011
REGION1,DEMPUBSURBC1,2044,0.0111
REGION1,DEMPUBSURBC1,2045,0.0112
REGION1,DEMPUBSURBC1,2046,0.0113
REGION1,DEMPUBSURBC1,2047,0.0115
REGION1,DEMPUBSURBC1,2048,0.0116
REGION1,DEMPUBSURBC1,2049,0.0117
REGION1,DEMPUBSURBC1,2050,0.0118
REGION1,DEMPWRBIO,2020,0.3727
REGION1,DEMPWRBIO,2021,0.3727
REGION1,DEMPWRBIO,2022,0.3727
REGION1,DEMPWRBIO,2023,0.3727
REGION1,DEMPWRBIO,2024,0.3727
REGION1,DEMPWRBIO,2025,0.3727
REGION1,DEMPWRBIO,2026,0.3727
REGION1,DEMPWRBIO,2027,0.3727
REGION1,DEMPWRBIO,2028,0.3727
REGION1,DEMPWRBIO,2029,0.3727
REGION1,DEMPWRBIO,2030,0.3727
REGION1,DEMPWRBIO,2031,0.3727
REGION1,DEMPWRBIO,2032,0.3727
REGION1,DEMPWRBIO,2033,0.3727
REGION1,DEMPWRBIO,2034,0.3727
REGION1,DEMPWRBIO,2035,0.3727
REGION1,DEMPWRBIO,2036,0.3727
REGION1,DEMPWRBIO,2037,0.4608
REGION1,DEMPWRBIO,2038,0.6471
REGION1,DEMPWRBIO,2039,0.6471
REGION1,DEMPWRBIO,2040,0.6471
REGION1,DEMPWRBIO,2041,0.6471
REGION1,DEMPWRBIO,2042,0.6471
REGION1,DEMPWRBIO,2043,0.6471
REGION1,DEMPWRBIO,2044,0.6471
REGION1,DEMPWRBIO,2045,0.6471
REGION1,DEMPWRBIO,2046,0.6471
REGION1,DEMPWRBIO,2047,0.6471
REGION1,DEMPWRBIO,2048,0.6471
REGION1,DEMPWRBIO,2049,0.6471
REGION1,DEMPWRBIO,2050,1.3932
REGION1,DEMPWRGEO,2026,1.0072
REGION1,DEMPWRGEO,2027,1.8717
REGION1,DEMPWRGEO,2028,2.7048
REGION1,DEMPWRGEO,2029,3.526
REGION1,DEMPWRGEO,2030,4.4765
REGION1,DEMPWRGEO,2031,5.49
REGION1,DEMPWRGEO,2032,5.49
REGION1,DEMPWRGEO,2033,5.49
REGION1,DEMPWRGEO,2034,5.49
REGION1,DEMPWRGEO,2035,5.49
REGION1,DEMPWRGEO,2036,5.49
REGION1,DEMPWRGEO,2037,5.49
REGION1,DEMPWRGEO,2038,6.1439
REGION1,DEMPWRGEO,2039,6.3104
REGION1,DEMPWRGEO,2040,6.3104
REGION1,DEMPWRGEO,2041,6.3104
REGION1,DEMPWRGEO,2042,6.3104
REGION1,DEMPWRGEO,2043,6.3104
REGION1,DEMPWRGEO,2044,6.3104
REGION1,DEMPWRGEO,2045,6.3104
REGION1,DEMPWRGEO,2046,6.3104
REGION1,DEMPWRGEO,2047,6.3104
REGION1,DEMPWRGEO,2048,6.3104
REGION1,DEMPWRGEO,2049,6.3104
REGION1,DEMPWRGEO,2050,6.3104
REGION1,DEMPWRHYD,2020,3.4025
REGION1,DEMPWRHYD,2021,3.4297
REGION1,DEMPWRHYD,2022,3.4571
REGION1,DEMPWRHYD,2023,3.491
REGION1,DEMPWRHYD,2024,3.6092
REGION1,DEMPWRHYD,2025,3.8143
REGION1,DEMPWRHYD,2026,3.9093
REGION1,DEMPWRHYD,2027,3.979
REGION1,DEMPWRHYD,2028,4.0461
REGION1,DEMPWRHYD,2029,4.1123
REGION1,DEMPWRHYD,2030,4.1889
REGION1,DEMPWRHYD,2031,4.4641
REGION1,DEMPWRHYD,2032,4.6717
REGION1,DEMPWRHYD,2033,4.9689
REGION1,DEMPWRHYD,2034,5.2748
REGION1,DEMPWRHYD,2035,5.5779
REGION1,DEMPWRHYD,2036,5.8837
REGION1,DEMPWRHYD,2037,6.1318
REGION1,DEMPWRHYD,2038,6.1634
REGION1,DEMPWRHYD,2039,6.1634
REGION1,DEMPWRHYD,2040,6.1634
REGION1,DEMPWRHYD,2041,6.1634
REGION1,DEMPWRHYD,2042,6.1634
REGION1,DEMPWRHYD,2043,6.1634
REGION1,DEMPWRHYD,2044,6.1634
REGION1,DEMPWRHYD,2045,6.1634
REGION1,DEMPWRHYD,2046,6.3507
REGION1,DEMPWRHYD,2047,6.9374
REGION1,DEMPWRHYD,2048,7.9651
REGION1,DEMPWRHYD,2049,8.993
REGION1,DEMPWRHYD,2050,10.4601
REGION1,DEMPWRNGS,2024,0.2157
REGION1,DEMPWRNGS,2039,0.4757
REGION1,DEMPWRNGS,2040,1.0141
REGION1,DEMPWRNGS,2041,1.5525
REGION1,DEMPWRNGS,2042,2.0907
REGION1,DEMPWRNGS,2043,2.6111
REGION1,DEMPWRNGS,2044,3.1493
REGION1,DEMPWRNGS,2045,3.6857
REGION1,DEMPWRNGS,2046,3.9687
REGION1,DEMPWRNGS,2047,3.7065
REGION1,DEMPWRNGS,2048,2.8125
REGION1,DEMPWRNGS,2049,1.9183
REGION1,DEMPWRSOL,2020,0.0004
REGION1,DEMPWRSOL,2021,0.0004
REGION1,DEMPWRSOL,2022,0.0004
REGION1,DEMPWRSOL,2023,0.0004
REGION1,DEMPWRSOL,2024,0.0004
REGION1,DEMPWRSOL,2025,0.0004
REGION1,DEMPWRSOL,2026,0.0004
REGION1,DEMPWRSOL,2027,0.0004
REGION1,DEMPWRSOL,2028,0.0004
REGION1,DEMPWRSOL,2029,0.0004
REGION1,DEMPWRSOL,2030,0.0004
REGION1,DEMPWRSOL,2031,0.0004
REGION1,DEMPWRSOL,2032,0.0004
REGION1,DEMPWRSOL,2033,0.0004
REGION1,DEMPWRSOL,2034,0.0004
REGION1,DEMPWRSOL,2035,0.0004
REGION1,DEMPWRSOL,2036,0.0004
REGION1,DEMPWRSOL,2037,0.0004
REGION1,DEMPWRSOL,2038,0.0004
REGION1,DEMPWRSOL,2039,0.0004
REGION1,DEMPWRSOL,2040,0.0004
REGION1,DEMPWRSOL,2048,1.5086
REGION1,DEMPWRSOL,2049,3.0175
REGION1,DEMPWRSOL,2050,3.0175
REGION1,DEMPWRSURBC1,2020,0.0038
REGION1,DEMPWRSURBC1,2021,0.0038
REGION1,DEMPWRSURBC1,2022,0.0038
REGION1,DEMPWRSURBC1,2023,0.0038
REGION1,DEMPWRSURBC1,2024,0.0056
REGION1,DEMPWRSURBC1,2025,0.0038
REGION1,DEMPWRSURBC1,2026,0.0041
REGION1,DEMPWRSURBC1,2027,0.0044
REGION1,DEMPWRSURBC1,2028,0.0047
REGION1,DEMPWRSURBC1,2029,0.0049
REGION1,DEMPWRSURBC1,2030,0.0052
REGION1,DEMPWRSURBC1,2031,0.019
REGION1,DEMPWRSURBC1,2032,0.0405
REGION1,DEMPWRSURBC1,2033,0.0612
REGION1,DEMPWRSURBC1,2034,0.0818
REGION1,DEMPWRSURBC1,2035,0.1027
REGION1,DEMPWRSURBC1,2036,0.1233
REGION1,DEMPWRSURBC1,2037,0.1454
REGION1,DEMPWRSURBC1,2038,0.1688
REGION1,DEMPWRSURBC1,2039,0.1932
REGION1,DEMPWRSURBC1,2040,0.2176
REGION1,DEMPWRSURBC1,2041,0.242
REGION1,DEMPWRSURBC1,2042,0.2664
REGION1,DEMPWRSURBC1,2043,0.2917
REGION1,DEMPWRSURBC1,2044,0.3161
REGION1,DEMPWRSURBC1,2045,0.3406
REGION1,DEMPWRSURBC1,2046,0.3608
REGION1,DEMPWRSURBC1,2047,0.3719
REGION1,DEMPWRSURBC1,2048,0.3644
REGION1,DEMPWRSURBC1,2049,0.3569
REGION1,DEMPWRSURBC1,2050,0.3484
REGION1,DEMPWRURN,2031,1.0655
REGION1,DEMPWRURN,2032,2.7727
REGION1,DEMPWRURN,2033,4.4168
REGION1,DEMPWRURN,2034,6.053
REGION1,DEMPWRURN,2035,7.7115
REGION1,DEMPWRURN,2036,9.347
REGION1,DEMPWRURN,2037,11.0252
REGION1,DEMPWRURN,2038,12.7162
REGION1,DEMPWRURN,2039,14.3367
REGION1,DEMPWRURN,2040,15.9145
REGION1,DEMPWRURN,2041,17.4921
REGION1,DEMPWRURN,2042,19.0691
REGION1,DEMPWRURN,2043,20.7277
REGION1,DEMPWRURN,2044,22.3047
REGION1,DEMPWRURN,2045,23.8908
REGION1,DEMPWRURN,2046,25.3036
REGION1,DEMPWRURN,2047,26.3617
REGION1,DEMPWRURN,2048,26.3617
REGION1,DEMPWRURN,2049,26.3617
REGION1,DEMPWRURN,2050,26.3617
REGION1,DEMPWRWND,2020,2.0801
REGION1,DEMPWRWND,2021,2.2651
REGION1,DEMPWRWND,2022,2.4444
REGION1,DEMPWRWND,2023,2.6387
REGION1,DEMPWRWND,2024,3.0691
REGION1,DEMPWRWND,2025,3.0691
REGION1,DEMPWRWND,2026,3.1486
REGION1,DEMPWRWND,2027,3.1486
REGION1,DEMPWRWND,2028,3.1486
REGION1,DEMPWRWND,2029,3.1486
REGION1,DEMPWRWND,2030,3.1486
REGION1,DEMPWRWND,2031,3.1486
REGION1,DEMPWRWND,2032,3.1486
REGION1,DEMPWRWND,2033,3.1486
REGION1,DEMPWRWND,2034,3.1486
REGION1,DEMPWRWND,2035,3.1242
REGION1,DEMPWRWND,2036,3.1242
REGION1,DEMPWRWND,2037,3.0785
REGION1,DEMPWRWND,2038,3.0188
REGION1,DEMPWRWND,2039,2.9631
REGION1,DEMPWRWND,2040,2.9631
REGION1,DEMPWRWND,2041,2.9631
REGION1,DEMPWRWND,2042,2.9631
REGION1,DEMPWRWND,2043,2.871
REGION1,DEMPWRWND,2044,2.871
REGION1,DEMPWRWND,2045,2.8614
REGION1,DEMPWRWND,2046,2.8614
REGION1,DEMPWRWND,2047,2.8614
REGION1,DEMPWRWND,2048,2.8614
REGION1,DEMPWRWND,2049,2.8614
REGION1,DEMPWRWND,2050,2.8614
REGION1,DEMRESBIO,2020,0.1311
REGION1,DEMRESBIO,2021,0.1336
REGION1,DEMRESBIO,2022,0.1359
REGION1,DEMRESBIO,2023,0.1386
REGION1,DEMRESBIO,2024,0.1414
REGION1,DEMRESBIO,2025,0.144
REGION1,DEMRESBIO,2026,0.1383
REGION1,DEMRESBIO,2027,0.1325
REGION1,DEMRESBIO,2028,0.1268
REGION1,DEMRESBIO,2029,0.121
REGION1,DEMRESBIO,2030,0.1153
REGION1,DEMRESBIO,2031,0.1095
REGION1,DEMRESBIO,2032,0.1037
REGION1,DEMRESBIO,2033,0.098
REGION1,DEMRESBIO,2034,0.0922
REGION1,DEMRESBIO,2035,0.0865
REGION1,DEMRESBIO,2036,0.0807
REGION1,DEMRESBIO,2037,0.0749
REGION1,DEMRESBIO,2038,0.0761
REGION1,DEMRESBIO,2039,0.0697
REGION1,DEMRESBIO,2040,0.0633
REGION1,DEMRESBIO,2041,0.057
REGION1,DEMRESBIO,2042,0.0507
REGION1,DEMRESBIO,2043,0.0443
REGION1,DEMRESBIO,2044,0.0345
REGION1,DEMRESBIO,2045,0.0288
REGION1,DEMRESBIO,2046,0.023
REGION1,DEMRESBIO,2047,0.0177
REGION1,DEMRESBIO,2048,0.0127
REGION1,DEMRESBIO,2049,0.0063
REGION1,DEMRESELCB02,2020,1.0757
REGION1,DEMRESELCB02,2021,1.0997
REGION1,DEMRESELCB02,2022,1.1225
REGION1,DEMRESELCB02,2023,1.1478
REGION1,DEMRESELCB02,2024,1.171
REGION1,DEMRESELCB02,2025,1.1943
REGION1,DEMRESELCB02,2026,1.2223
REGION1,DEMRESELCB02,2027,1.2505
REGION1,DEMRESELCB02,2028,1.2785
REGION1,DEMRESELCB02,2029,1.3065
REGION1,DEMRESELCB02,2030,1.3345
REGION1,DEMRESELCB02,2031,1.3627
REGION1,DEMRESELCB02,2032,1.3907
REGION1,DEMRESELCB02,2033,1.4187
REGION1,DEMRESELCB02,2034,1.4468
REGION1,DEMRESELCB02,2035,1.4749
REGION1,DEMRESELCB02,2036,1.5029
REGION1,DEMRESELCB02,2037,1.531
REGION1,DEMRESELCB02,2038,1.5591
REGION1,DEMRESELCB02,2039,1.5872
REGION1,DEMRESELCB02,2040,1.6152
REGION1,DEMRESELCB02,2041,1.6432
REGION1,DEMRESELCB02,2042,1.6714
REGION1,DEMRESELCB02,2043,1.6994
REGION1,DEMRESELCB02,2044,1.7274
REGION1,DEMRESELCB02,2045,1.7554
REGION1,DEMRESELCB02,2046,1.7836
REGION1,DEMRESELCB02,2047,1.8116
REGION1,DEMRESELCB02,2048,1.8396
REGION1,DEMRESELCB02,2049,1.8678
REGION1,DEMRESELCB02,2050,1.8958
REGION1,DEMRESKER,2020,0.0085
REGION1,DEMRESKER,2021,0.0086
REGION1,DEMRESKER,2022,0.0087
REGION1,DEMRESKER,2023,0.0088
REGION1,DEMRESKER,2024,0.0088
REGION1,DEMRESKER,2025,0.0088
REGION1,DEMRESKER,2026,0.0089
REGION1,DEMRESKER,2027,0.0089
REGION1,DEMRESKER,2028,0.0089
REGION1,DEMRESKER,2029,0.0089
REGION1,DEMRESKER,2030,0.0089
REGION1,DEMRESKER,2031,0.0089
REGION1,DEMRESKER,2032,0.0089
REGION1,DEMRESKER,2033,0.0089
REGION1,DEMRESKER,2034,0.0089
REGION1,DEMRESKER,2035,0.0089
REGION1,DEMRESKER,2036,0.0089
REGION1,DEMRESKER,2037,0.0088
REGION1,DEMRESKER,2038,0.0088
REGION1,DEMRESKER,2039,0.0088
REGION1,DEMRESKER,2040,0.0087
REGION1,DEMRESNGS,2020,0.8279
REGION1,DEMRESNGS,2021,0.8413
REGION1,DEMRESNGS,2022,0.854
REGION1,DEMRESNGS,2023,0.8694
REGION1,DEMRESNGS,2024,0.8854
REGION1,DEMRESNGS,2025,0.8997
REGION1,DEMRESNGS,2026,0.8637
REGION1,DEMRESNGS,2027,0.8277
REGION1,DEMRESNGS,2028,0.7917
REGION1,DEMRESNGS,2029,0.7558
REGION1,DEMRESNGS,2030,0.7198
REGION1,DEMRESNGS,2031,0.6837
REGION1,DEMRESNGS,2032,0.6478
REGION1,DEMRESNGS,2033,0.6118
REGION1,DEMRESNGS,2034,0.5758
REGION1,DEMRESNGS,2035,0.5398
REGION1,DEMRESNGS,2036,0.5038
REGION1,DEMRESNGS,2037,0.4679
REGION1,DEMRESNGS,2038,0.4318
REGION1,DEMRESNGS,2039,0.3959
REGION1,DEMRESNGS,2040,0.3599
REGION1,DEMRESNGS,2041,0.3239
REGION1,DEMRESNGS,2042,0.2879
REGION1,DEMRESNGS,2043,0.2519
REGION1,DEMRESNGS,2044,0.216
REGION1,DEMRESNGS,2045,0.1799
REGION1,DEMRESNGS,2046,0.1439
REGION1,DEMRESNGS,2047,0.108
REGION1,DEMRESNGS,2048,0.072
REGION1,DEMRESNGS,2049,0.036
REGION1,DEMTRABIO,2020,0.2357
REGION1,DEMTRABIO,2021,0.2323
REGION1,DEMTRABIO,2022,0.229
REGION1,DEMTRABIO,2023,0.2256
REGION1,DEMTRABIO,2024,0.2226
REGION1,DEMTRABIO,2025,0.2204
REGION1,DEMTRABIO,2026,0.2116
REGION1,DEMTRABIO,2027,0.2027
REGION1,DEMTRABIO,2028,0.1939
REGION1,DEMTRABIO,2029,0.1852
REGION1,DEMTRABIO,2030,0.1764
REGION1,DEMTRABIO,2031,0.1675
REGION1,DEMTRABIO,2032,0.1587
REGION1,DEMTRABIO,2033,0.1499
REGION1,DEMTRABIO,2034,0.141
REGION1,DEMTRABIO,2035,0.1322
REGION1,DEMTRABIO,2036,0.1234
REGION1,DEMTRABIO,2037,0.1235
REGION1,DEMTRABIO,2038,0.1163
REGION1,DEMTRABIO,2039,0.1067
REGION1,DEMTRABIO,2040,0.0882
REGION1,DEMTRABIO,2041,0.0794
REGION1,DEMTRABIO,2042,0.0705
REGION1,DEMTRABIO,2043,0.0617
REGION1,DEMTRABIO,2044,0.0582
REGION1,DEMTRABIO,2045,0.044
REGION1,DEMTRABIO,2046,0.0353
REGION1,DEMTRABIO,2047,0.0291
REGION1,DEMTRABIO,2048,0.0194
REGION1,DEMTRABIO,2049,0.0097
REGION1,DEMTRADSL,2020,0.9981
REGION1,DEMTRADSL,2021,0.9857
REGION1,DEMTRADSL,2022,0.9703
REGION1,DEMTRADSL,2023,0.9575
REGION1,DEMTRADSL,2024,0.948
REGION1,DEMTRADSL,2025,0.9435
REGION1,DEMTRADSL,2026,0.9058
REGION1,DEMTRADSL,2027,0.8681
REGION1,DEMTRADSL,2028,0.8303
REGION1,DEMTRADSL,2029,0.7925
REGION1,DEMTRADSL,2030,0.7548
REGION1,DEMTRADSL,2031,0.7171
REGION1,DEMTRADSL,2032,0.6794
REGION1,DEMTRADSL,2033,0.6416
REGION1,DEMTRADSL,2034,0.6038
REGION1,DEMTRADSL,2035,0.5662
REGION1,DEMTRADSL,2036,0.5284
REGION1,DEMTRADSL,2037,0.4906
REGION1,DEMTRADSL,2038,0.4529
REGION1,DEMTRADSL,2039,0.4152
REGION1,DEMTRADSL,2040,0.3774
REGION1,DEMTRADSL,2041,0.3397
REGION1,DEMTRADSL,2042,0.3019
REGION1,DEMTRADSL,2043,0.2641
REGION1,DEMTRADSL,2044,0.2265
REGION1,DEMTRADSL,2045,0.1887
REGION1,DEMTRADSL,2046,0.151
REGION1,DEMTRADSL,2047,0.1132
REGION1,DEMTRADSL,2048,0.0755
REGION1,DEMTRADSL,2049,0.0378
REGION1,DEMTRAELCB02,2020,0.0179
REGION1,DEMTRAELCB02,2021,0.0234
REGION1,DEMTRAELCB02,2022,0.03
REGION1,DEMTRAELCB02,2023,0.0381
REGION1,DEMTRAELCB02,2024,0.0471
REGION1,DEMTRAELCB02,2025,0.0586
REGION1,DEMTRAELCB02,2026,0.1511
REGION1,DEMTRAELCB02,2027,0.2435
REGION1,DEMTRAELCB02,2028,0.3361
REGION1,DEMTRAELCB02,2029,0.4286
REGION1,DEMTRAELCB02,2030,0.521
REGION1,DEMTRAELCB02,2031,0.6135
REGION1,DEMTRAELCB02,2032,0.706
REGION1,DEMTRAELCB02,2033,0.7985
REGION1,DEMTRAELCB02,2034,0.8909
REGION1,DEMTRAELCB02,2035,0.9834
REGION1,DEMTRAELCB02,2036,1.0758
REGION1,DEMTRAELCB02,2037,1.1684
REGION1,DEMTRAELCB02,2038,1.2609
REGION1,DEMTRAELCB02,2039,1.3533
REGION1,DEMTRAELCB02,2040,1.4457
REGION1,DEMTRAELCB02,2041,1.5383
REGION1,DEMTRAELCB02,2042,1.6308
REGION1,DEMTRAELCB02,2043,1.7232
REGION1,DEMTRAELCB02,2044,1.8157
REGION1,DEMTRAELCB02,2045,1.9081
REGION1,DEMTRAELCB02,2046,2.0007
REGION1,DEMTRAELCB02,2047,2.0931
REGION1,DEMTRAELCB02,2048,2.1856
REGION1,DEMTRAELCB02,2049,2.278
REGION1,DEMTRAELCB02,2050,2.3705
REGION1,DEMTRAGSL,2020,1.5513
REGION1,DEMTRAGSL,2021,1.5241
REGION1,DEMTRAGSL,2022,1.497
REGION1,DEMTRAGSL,2023,1.4683
REGION1,DEMTRAGSL,2024,1.4417
REGION1,DEMTRAGSL,2025,1.4168
REGION1,DEMTRAGSL,2026,1.3601
REGION1,DEMTRAGSL,2027,1.3034
REGION1,DEMTRAGSL,2028,1.2468
REGION1,DEMTRAGSL,2029,1.1901
REGION1,DEMTRAGSL,2030,1.1334
REGION1,DEMTRAGSL,2031,1.0768
REGION1,DEMTRAGSL,2032,1.0201
REGION1,DEMTRAGSL,2033,0.9634
REGION1,DEMTRAGSL,2034,0.9068
REGION1,DEMTRAGSL,2035,0.8501
REGION1,DEMTRAGSL,2036,0.7934
REGION1,DEMTRAGSL,2037,0.7368
REGION1,DEMTRAGSL,2038,0.68
REGION1,DEMTRAGSL,2039,0.6233
REGION1,DEMTRAGSL,2040,0.5667
REGION1,DEMTRAGSL,2041,0.51
REGION1,DEMTRAGSL,2042,0.4533
REGION1,DEMTRAGSL,2043,0.3967
REGION1,DEMTRAGSL,2044,0.34
REGION1,DEMTRAGSL,2045,0.2833
REGION1,DEMTRAGSL,2046,0.2267
REGION1,DEMTRAGSL,2047,0.17
REGION1,DEMTRAGSL,2048,0.1133
REGION1,DEMTRAGSL,2049,0.0567
REGION1,DEMTRAHFO,2020,0.108
REGION1,DEMTRAHFO,2021,0.1056
REGION1,DEMTRAHFO,2022,0.103
REGION1,DEMTRAHFO,2023,0.1006
REGION1,DEMTRAHFO,2024,0.0985
REGION1,DEMTRAHFO,2025,0.0969
REGION1,DEMTRAHFO,2026,0.0955
REGION1,DEMTRAHFO,2027,0.0942
REGION1,DEMTRAHFO,2028,0.0929
REGION1,DEMTRAHFO,2029,0.0915
REGION1,DEMTRAHFO,2030,0.0902
REGION1,DEMTRAHFO,2031,0.0857
REGION1,DEMTRAHFO,2032,0.0812
REGION1,DEMTRAHFO,2033,0.0767
REGION1,DEMTRAHFO,2034,0.0721
REGION1,DEMTRAHFO,2035,0.0677
REGION1,DEMTRAHFO,2036,0.0631
REGION1,DEMTRAHFO,2037,0.0586
REGION1,DEMTRAHFO,2038,0.0541
REGION1,DEMTRAHFO,2039,0.0496
REGION1,DEMTRAHFO,2040,0.0452
REGION1,DEMTRAHFO,2041,0.0406
REGION1,DEMTRAHFO,2042,0.0361
REGION1,DEMTRAHFO,2043,0.0316
REGION1,DEMTRAHFO,2044,0.0271
REGION1,DEMTRAHFO,2045,0.0225
REGION1,DEMTRAHFO,2046,0.0181
REGION1,DEMTRAHFO,2047,0.0135
REGION1,DEMTRAHFO,2048,0.009
REGION1,DEMTRAHFO,2049,0.0045
REGION1,DEMTRAJFL,2020,0.3994
REGION1,DEMTRAJFL,2021,0.3928
REGION1,DEMTRAJFL,2022,0.39
REGION1,DEMTRAJFL,2023,0.3892
REGION1,DEMTRAJFL,2024,0.3912
REGION1,DEMTRAJFL,2025,0.3957
REGION1,DEMTRAJFL,2026,0.4008
REGION1,DEMTRAJFL,2027,0.4062
REGION1,DEMTRAJFL,2028,0.4104
REGION1,DEMTRAJFL,2029,0.4137
REGION1,DEMTRAJFL,2030,0.4175
REGION1,DEMTRAJFL,2031,0.3966
REGION1,DEMTRAJFL,2032,0.3758
REGION1,DEMTRAJFL,2033,0.3548
REGION1,DEMTRAJFL,2034,0.3339
REGION1,DEMTRAJFL,2035,0.3131
REGION1,DEMTRAJFL,2036,0.2922
REGION1,DEMTRAJFL,2037,0.2713
REGION1,DEMTRAJFL,2038,0.2505
REGION1,DEMTRAJFL,2039,0.2296
REGION1,DEMTRAJFL,2040,0.2088
REGION1,DEMTRAJFL,2041,0.1879
REGION1,DEMTRAJFL,2042,0.167
REGION1,DEMTRAJFL,2043,0.1462
REGION1,DEMTRAJFL,2044,0.1253
REGION1,DEMTRAJFL,2045,0.1043
REGION1,DEMTRAJFL,2046,0.0835
REGION1,DEMTRAJFL,2047,0.0626
REGION1,DEMTRAJFL,2048,0.0417
REGION1,DEMTRAJFL,2049,0.0209
REGION1,DEMTRALPG,2020,0.0269
REGION1,DEMTRALPG,2021,0.0275
REGION1,DEMTRALPG,2022,0.0282
REGION1,DEMTRALPG,2023,0.0289
REGION1,DEMTRALPG,2024,0.0294
REGION1,DEMTRALPG,2025,0.0299
REGION1,DEMTRALPG,2026,0.0305
REGION1,DEMTRALPG,2027,0.031
REGION1,DEMTRALPG,2028,0.0316
REGION1,DEMTRALPG,2029,0.032
REGION1,DEMTRALPG,2030,0.0323
REGION1,DEMTRALPG,2031,0.0324
REGION1,DEMTRALPG,2032,0.0323
REGION1,DEMTRALPG,2033,0.0319
REGION1,DEMTRALPG,2034,0.0314
REGION1,DEMTRALPG,2035,0.0306
REGION1,DEMTRALPG,2036,0.0296
REGION1,DEMTRALPG,2037,0.0284
REGION1,DEMTRALPG,2038,0.0271
REGION1,DEMTRALPG,2039,0.0255
REGION1,DEMTRALPG,2040,0.0237
REGION1,DEMTRALPG,2041,0.0263
REGION1,DEMTRALPG,2042,0.0258
REGION1,DEMTRALPG,2043,0.0254
REGION1,DEMTRALPG,2044,0.0249
REGION1,DEMTRALPG,2045,0.0244
REGION1,DEMTRALPG,2046,0.024
REGION1,DEMTRALPG,2047,0.0235
REGION1,DEMTRALPG,2048,0.023
REGION1,DEMTRALPG,2049,0.0226
REGION1,DEMTRANGS,2020,0.0182
REGION1,DEMTRANGS,2021,0.0206
REGION1,DEMTRANGS,2022,0.0263
REGION1,DEMTRANGS,2023,0.0289
REGION1,DEMTRANGS,2024,0.032
REGION1,DEMTRANGS,2025,0.0359
REGION1,DEMTRANGS,2026,0.0344
REGION1,DEMTRANGS,2027,0.033
REGION1,DEMTRANGS,2028,0.0315
REGION1,DEMTRANGS,2029,0.0301
REGION1,DEMTRANGS,2030,0.0287
REGION1,DEMTRANGS,2031,0.0273
REGION1,DEMTRANGS,2032,0.0259
REGION1,DEMTRANGS,2033,0.0243
REGION1,DEMTRANGS,2034,0.0229
REGION1,DEMTRANGS,2035,0.0215
REGION1,DEMTRANGS,2036,0.0201
REGION1,DEMTRANGS,2037,0.0187
REGION1,DEMTRANGS,2038,0.0172
REGION1,DEMTRANGS,2039,0.0158
REGION1,DEMTRANGS,2040,0.0143
REGION1,DEMTRANGS,2041,0.0129
REGION1,DEMTRANGS,2042,0.0115
REGION1,DEMTRANGS,2043,0.01
REGION1,DEMTRANGS,2044,0.0086
REGION1,DEMTRANGS,2045,0.0072
REGION1,DEMTRANGS,2046,0.0058
REGION1,DEMTRANGS,2047,0.0043
REGION1,DEMTRANGS,2048,0.0028
REGION1,DEMTRANGS,2049,0.0014
REGION1,IMPDSL,2020,2.2439
REGION1,IMPDSL,2021,2.2356
REGION1,IMPDSL,2022,2.2193
REGION1,IMPDSL,2023,2.206
REGION1,IMPDSL,2024,2.2098
REGION1,IMPDSL,2025,2.2192
REGION1,IMPDSL,2026,2.1872
REGION1,IMPDSL,2027,2.1541
REGION1,IMPDSL,2028,2.1155
REGION1,IMPDSL,2029,2.0706
REGION1,IMPDSL,2030,2.0265
REGION1,IMPDSL,2031,1.9251
REGION1,IMPDSL,2032,1.8238
REGION1,IMPDSL,2033,1.7225
REGION1,IMPDSL,2034,1.6211
REGION1,IMPDSL,2035,1.5199
REGION1,IMPDSL,2036,1.4186
REGION1,IMPDSL,2037,1.3172
REGION1,IMPDSL,2038,1.2159
REGION1,IMPDSL,2039,1.1146
REGION1,IMPDSL,2040,1.0132
REGION1,IMPDSL,2041,0.9119
REGION1,IMPDSL,2042,0.8106
REGION1,IMPDSL,2043,0.7092
REGION1,IMPDSL,2044,0.6079
REGION1,IMPDSL,2045,0.5067
REGION1,IMPDSL,2046,0.4054
REGION1,IMPDSL,2047,0.304
REGION1,IMPDSL,2048,0.2026
REGION1,IMPDSL,2049,0.1014
REGION1,IMPGSL,2020,1.5513
REGION1,IMPGSL,2021,1.5241
REGION1,IMPGSL,2022,1.497
REGION1,IMPGSL,2023,1.4683
REGION1,IMPGSL,2024,1.4417
REGION1,IMPGSL,2025,1.4168
REGION1,IMPGSL,2026,1.3601
REGION1,IMPGSL,2027,1.3034
REGION1,IMPGSL,2028,1.2468
REGION1,IMPGSL,2029,1.1901
REGION1,IMPGSL,2030,1.1334
REGION1,IMPGSL,2031,1.0768
REGION1,IMPGSL,2032,1.0201
REGION1,IMPGSL,2033,0.9634
REGION1,IMPGSL,2034,0.9068
REGION1,IMPGSL,2035,0.8501
REGION1,IMPGSL,2036,0.7934
REGION1,IMPGSL,2037,0.7368
REGION1,IMPGSL,2038,0.68
REGION1,IMPGSL,2039,0.6233
REGION1,IMPGSL,2040,0.5667
REGION1,IMPGSL,2041,0.51
REGION1,IMPGSL,2042,0.4533
REGION1,IMPGSL,2043,0.3967
REGION1,IMPGSL,2044,0.34
REGION1,IMPGSL,2045,0.2833
REGION1,IMPGSL,2046,0.2267
REGION1,IMPGSL,2047,0.17
REGION1,IMPGSL,2048,0.1133
REGION1,IMPGSL,2049,0.0567
REGION1,IMPHFO,2020,0.108
REGION1,IMPHFO,2021,0.1056
REGION1,IMPHFO,2022,0.103
REGION1,IMPHFO,2023,0.1006
REGION1,IMPHFO,2024,0.0985
REGION1,IMPHFO,2025,0.0969
REGION1,IMPHFO,2026,0.0955
REGION1,IMPHFO,2027,0.0942
REGION1,IMPHFO,2028,0.0929
REGION1,IMPHFO,2029,0.0915
REGION1,IMPHFO,2030,0.0902
REGION1,IMPHFO,2031,0.0857
REGION1,IMPHFO,2032,0.0812
REGION1,IMPHFO,2033,0.0767
REGION1,IMPHFO,2034,0.0721
REGION1,IMPHFO,2035,0.0677
REGION1,IMPHFO,2036,0.0631
REGION1,IMPHFO,2037,0.0586
REGION1,IMPHFO,2038,0.0541
REGION1,IMPHFO,2039,0.0496
REGION1,IMPHFO,2040,0.0452
REGION1,IMPHFO,2041,0.0406
REGION1,IMPHFO,2042,0.0361
REGION1,IMPHFO,2043,0.0316
REGION1,IMPHFO,2044,0.0271
REGION1,IMPHFO,2045,0.0225
REGION1,IMPHFO,2046,0.0181
REGION1,IMPHFO,2047,0.0135
REGION1,IMPHFO,2048,0.009
REGION1,IMPHFO,2049,0.0045
REGION1,IMPJFL,2020,0.3994
REGION1,IMPJFL,2021,0.3928
REGION1,IMPJFL,2022,0.39
REGION1,IMPJFL,2023,0.3892
REGION1,IMPJFL,2024,0.3912
REGION1,IMPJFL,2025,0.3957
REGION1,IMPJFL,2026,0.4008
REGION1,IMPJFL,2027,0.4062
REGION1,IMPJFL,2028,0.4104
REGION1,IMPJFL,2029,0.4137
REGION1,IMPJFL,2030,0.4175
REGION1,IMPJFL,2031,0.3966
REGION1,IMPJFL,2032,0.3758
REGION1,IMPJFL,2033,0.3548
REGION1,IMPJFL,2034,0.3339
REGION1,IMPJFL,2035,0.3131
REGION1,IMPJFL,2036,0.2922
REGION1,IMPJFL,2037,0.2713
REGION1,IMPJFL,2038,0.2505
REGION1,IMPJFL,2039,0.2296
REGION1,IMPJFL,2040,0.2088
REGION1,IMPJFL,2041,0.1879
REGION1,IMPJFL,2042,0.167
REGION1,IMPJFL,2043,0.1462
REGION1,IMPJFL,2044,0.1253
REGION1,IMPJFL,2045,0.1043
REGION1,IMPJFL,2046,0.0835
REGION1,IMPJFL,2047,0.0626
REGION1,IMPJFL,2048,0.0417
REGION1,IMPJFL,2049,0.0209
REGION1,IMPKER,2020,0.1153
REGION1,IMPKER,2021,0.1177
REGION1,IMPKER,2022,0.1198
REGION1,IMPKER,2023,0.1216
REGION1,IMPKER,2024,0.1232
REGION1,IMPKER,2025,0.1247
REGION1,IMPKER,2026,0.1202
REGION1,IMPKER,2027,0.1156
REGION1,IMPKER,2028,0.1109
REGION1,IMPKER,2029,0.1063
REGION1,IMPKER,2030,0.1016
REGION1,IMPKER,2031,0.0971
REGION1,IMPKER,2032,0.0924
REGION1,IMPKER,2033,0.0878
REGION1,IMPKER,2034,0.0831
REGION1,IMPKER,2035,0.0785
REGION1,IMPKER,2036,0.0738
REGION1,IMPKER,2037,0.0691
REGION1,IMPKER,2038,0.0644
REGION1,IMPKER,2039,0.0598
REGION1,IMPKER,2040,0.0551
REGION1,IMPKER,2041,0.0417
REGION1,IMPKER,2042,0.0371
REGION1,IMPKER,2043,0.0325
REGION1,IMPKER,2044,0.0279
REGION1,IMPKER,2045,0.0232
REGION1,IMPKER,2046,0.0186
REGION1,IMPKER,2047,0.0139
REGION1,IMPKER,2048,0.0093
REGION1,IMPKER,2049,0.0046
REGION1,IMPLPG,2020,0.0269
REGION1,IMPLPG,2021,0.0275
REGION1,IMPLPG,2022,0.0282
REGION1,IMPLPG,2023,0.0289
REGION1,IMPLPG,2024,0.0294
REGION1,IMPLPG,2025,0.0299
REGION1,IMPLPG,2026,0.0305
REGION1,IMPLPG,2027,0.031
REGION1,IMPLPG,2028,0.0316
REGION1,IMPLPG,2029,0.032
REGION1,IMPLPG,2030,0.0323
REGION1,IMPLPG,2031,0.0324
REGION1,IMPLPG,2032,0.0323
REGION1,IMPLPG,2033,0.0319
REGION1,IMPLPG,2034,0.0314
REGION1,IMPLPG,2035,0.0306
REGION1,IMPLPG,2036,0.0296
REGION1,IMPLPG,2037,0.0284
REGION1,IMPLPG,2038,0.0271
REGION1,IMPLPG,2039,0.0255
REGION1,IMPLPG,2040,0.0237
REGION1,IMPLPG,2041,0.0263
REGION1,IMPLPG,2042,0.0258
REGION1,IMPLPG,2043,0.0254
REGION1,IMPLPG,2044,0.0249
REGION1,IMPLPG,2045,0.0244
REGION1,IMPLPG,2046,0.024
REGION1,IMPLPG,2047,0.0235
REGION1,IMPLPG,2048,0.023
REGION1,IMPLPG,2049,0.0226
REGION1,LNDAGRBC1C01,2020,2.8043
REGION1,LNDAGRBC1C01,2023,0.0
REGION1,LNDAGRBC1C01,2024,0.0
REGION1,LNDAGRBC1C01,2025,0.0
REGION1,LNDAGRBC1C01,2026,0.0
REGION1,LNDAGRBC1C01,2027,0.0002
REGION1,LNDAGRBC1C01,2030,0.0001
REGION1,LNDAGRBC1C01,2031,0.0001
REGION1,LNDAGRBC1C01,2032,0.0001
REGION1,LNDAGRBC1C01,2033,0.0001
REGION1,LNDAGRBC1C01,2034,0.0001
REGION1,LNDAGRBC1C01,2035,2.8043
REGION1,LNDAGRBC1C01,2036,0.0001
REGION1,LNDAGRBC1C01,2037,0.0001
REGION1,LNDAGRBC1C01,2038,0.0001
REGION1,LNDAGRBC1C01,2039,0.0001
REGION1,LNDAGRBC1C01,2040,0.0001
REGION1,LNDAGRBC1C01,2041,0.0001
REGION1,LNDAGRBC1C01,2042,0.0003
REGION1,LNDAGRBC1C01,2045,0.0001
REGION1,LNDAGRBC1C01,2046,0.0001
REGION1,LNDAGRBC1C01,2047,0.0001
REGION1,LNDAGRBC1C01,2048,0.0001
REGION1,LNDAGRBC1C01,2049,0.0001
REGION1,LNDAGRBC1C01,2050,2.8044
REGION1,LNDAGRBC1C02,2020,0.2715
REGION1,LNDAGRBC1C02,2024,0.0
REGION1,LNDAGRBC1C02,2025,0.0
REGION1,LNDAGRBC1C02,2026,0.0
REGION1,LNDAGRBC1C02,2027,0.0001
REGION1,LNDAGRBC1C02,2031,0.0
REGION1,LNDAGRBC1C02,2032,0.0
REGION1,LNDAGRBC1C02,2033,0.0
REGION1,LNDAGRBC1C02,2034,0.0
REGION1,LNDAGRBC1C02,2035,0.2716
REGION1,LNDAGRBC1C02,2036,0.0
REGION1,LNDAGRBC1C02,2037,0.0
REGION1,LNDAGRBC1C02,2038,0.0
REGION1,LNDAGRBC1C02,2039,0.0001
REGION1,LNDAGRBC1C02,2040,0.0001
REGION1,LNDAGRBC1C02,2041,0.0001
REGION1,LNDAGRBC1C02,2042,0.0003
REGION1,LNDAGRBC1C02,2046,0.0001
REGION1,LNDAGRBC1C02,2047,0.0001
REGION1,LNDAGRBC1C02,2048,0.0001
REGION1,LNDAGRBC1C02,2049,0.0001
REGION1,LNDAGRBC1C02,2050,0.2716
REGION1,LNDAGRBC1C03,2020,0.4985
REGION1,LNDAGRBC1C03,2021,0.0529
REGION1,LNDAGRBC1C03,2023,0.01
REGION1,LNDAGRBC1C03,2024,0.0066
REGION1,LNDAGRBC1C03,2025,0.0002
REGION1,LNDAGRBC1C03,2026,0.0022
REGION1,LNDAGRBC1C03,2035,0.2615
REGION1,LNDAGRBC1C03,2036,0.0447
REGION1,LNDAGRBC1C03,2038,0.0065
REGION1,LNDAGRBC1C03,2039,0.0035
REGION1,LNDAGRBC1C03,2040,0.0018
REGION1,LNDAGRBC1C03,2041,0.0047
REGION1,LNDAGRBC1C03,2042,0.0022
REGION1,LNDAGRBC1C03,2043,0.0024
REGION1,LNDAGRBC1C03,2044,0.0021
REGION1,LNDAGRBC1C03,2045,0.0022
REGION1,LNDAGRBC1C03,2046,0.0021
REGION1,LNDAGRBC1C03,2047,0.0021
REGION1,LNDAGRBC1C03,2048,0.0022
REGION1,LNDAGRBC1C03,2049,0.0021
REGION1,LNDAGRBC1C03,2050,0.2637
REGION1,LNDAGRBC1C04,2020,0.1086
REGION1,LNDAGRBC1C04,2021,0.0001
REGION1,LNDAGRBC1C04,2022,0.0001
REGION1,LNDAGRBC1C04,2023,0.0001
REGION1,LNDAGRBC1C04,2024,0.0001
REGION1,LNDAGRBC1C04,2025,0.0001
REGION1,LNDAGRBC1C04,2026,0.0001
REGION1,LNDAGRBC1C04,2027,0.0001
REGION1,LNDAGRBC1C04,2028,0.0001
REGION1,LNDAGRBC1C04,2029,0.0001
REGION1,LNDAGRBC1C04,2030,0.0001
REGION1,LNDAGRBC1C04,2031,0.0001
REGION1,LNDAGRBC1C04,2032,0.0001
REGION1,LNDAGRBC1C04,2033,0.0001
REGION1,LNDAGRBC1C04,2034,0.0001
REGION1,LNDAGRBC1C04,2035,0.1087
REGION1,LNDAGRBC1C04,2036,0.0002
REGION1,LNDAGRBC1C04,2037,0.0002
REGION1,LNDAGRBC1C04,2038,0.0002
REGION1,LNDAGRBC1C04,2039,0.0002
REGION1,LNDAGRBC1C04,2040,0.0002
REGION1,LNDAGRBC1C04,2041,0.0002
REGION1,LNDAGRBC1C04,2042,0.0002
REGION1,LNDAGRBC1C04,2043,0.0002
REGION1,LNDAGRBC1C04,2044,0.0002
REGION1,LNDAGRBC1C04,2045,0.0002
REGION1,LNDAGRBC1C04,2046,0.0002
REGION1,LNDAGRBC1C04,2047,0.0002
REGION1,LNDAGRBC1C04,2048,0.0002
REGION1,LNDAGRBC1C04,2049,0.0002
REGION1,LNDAGRBC1C04,2050,0.1088
REGION1,LNDAGRBC1C05,2020,5.4941
REGION1,LNDAGRBC1C05,2027,0.0486
REGION1,LNDAGRBC1C05,2035,5.6076
REGION1,LNDAGRBC1C05,2036,0.008
REGION1,LNDAGRBC1C05,2037,0.0011
REGION1,LNDAGRBC1C05,2038,0.002
REGION1,LNDAGRBC1C05,2039,0.0028
REGION1,LNDAGRBC1C05,2042,0.0415
REGION1,LNDAGRBC1C05,2050,5.5886
REGION1,LNDAGRBC1C06,2020,0.0345
REGION1,LNDAGRBC1C06,2021,0.0
REGION1,LNDAGRBC1C06,2022,0.0
REGION1,LNDAGRBC1C06,2023,0.0
REGION1,LNDAGRBC1C06,2024,0.0
REGION1,LNDAGRBC1C06,2025,0.0
REGION1,LNDAGRBC1C06,2026,0.0
REGION1,LNDAGRBC1C06,2027,0.0
REGION1,LNDAGRBC1C06,2028,0.0
REGION1,LNDAGRBC1C06,2029,0.0
REGION1,LNDAGRBC1C06,2030,0.0
REGION1,LNDAGRBC1C06,2031,0.0
REGION1,LNDAGRBC1C06,2032,0.0
REGION1,LNDAGRBC1C06,2033,0.0
REGION1,LNDAGRBC1C06,2034,0.0
REGION1,LNDAGRBC1C06,2035,0.0345
REGION1,LNDAGRBC1C06,2036,0.0
REGION1,LNDAGRBC1C06,2037,0.0
REGION1,LNDAGRBC1C06,2038,0.0
REGION1,LNDAGRBC1C06,2039,0.0
REGION1,LNDAGRBC1C06,2040,0.0
REGION1,LNDAGRBC1C06,2041,0.0
REGION1,LNDAGRBC1C06,2042,0.0
REGION1,LNDAGRBC1C06,2043,0.0
REGION1,LNDAGRBC1C06,2044,0.0
REGION1,LNDAGRBC1C06,2045,0.0
REGION1,LNDAGRBC1C06,2046,0.0
REGION1,LNDAGRBC1C06,2047,0.0
REGION1,LNDAGRBC1C06,2048,0.0
REGION1,LNDAGRBC1C06,2049,0.0
REGION1,LNDAGRBC1C06,2050,0.0345
REGION1,LNDAGRBC1C07,2020,0.1319
REGION1,LNDAGRBC1C07,2021,0.0
REGION1,LNDAGRBC1C07,2022,0.0
REGION1,LNDAGRBC1C07,2023,0.0
REGION1,LNDAGRBC1C07,2024,0.0
REGION1,LNDAGRBC1C07,2025,0.0
REGION1,LNDAGRBC1C07,2026,0.0
REGION1,LNDAGRBC1C07,2027,0.0
REGION1,LNDAGRBC1C07,2028,0.0
REGION1,LNDAGRBC1C07,2029,0.0
REGION1,LNDAGRBC1C07,2030,0.0
REGION1,LNDAGRBC1C07,2031,0.0
REGION1,LNDAGRBC1C07,2032,0.0
REGION1,LNDAGRBC1C07,2033,0.0
REGION1,LNDAGRBC1C07,2034,0.0
REGION1,LNDAGRBC1C07,2035,0.1319
REGION1,LNDAGRBC1C07,2036,0.0
REGION1,LNDAGRBC1C07,2037,0.0
REGION1,LNDAGRBC1C07,2038,0.0
REGION1,LNDAGRBC1C07,2039,0.0
REGION1,LNDAGRBC1C07,2040,0.0
REGION1,LNDAGRBC1C07,2041,0.0
REGION1,LNDAGRBC1C07,2042,0.0
REGION1,LNDAGRBC1C07,2043,0.0
REGION1,LNDAGRBC1C07,2044,0.0001
REGION1,LNDAGRBC1C07,2045,0.0001
REGION1,LNDAGRBC1C07,2046,0.0001
REGION1,LNDAGRBC1C07,2047,0.0001
REGION1,LNDAGRBC1C07,2048,0.0001
REGION1,LNDAGRBC1C07,2049,0.0001
REGION1,LNDAGRBC1C07,2050,0.1319
REGION1,LNDALFHIBC1,2025,28.0074
REGION1,LNDALFHIBC1,2026,28.9429
REGION1,LNDALFHIBC1,2027,28.9418
REGION1,LNDALFHIBC1,2028,28.9398
REGION1,LNDALFHIBC1,2029,28.0094
REGION1,LNDALFHIBC1,2030,28.9418
REGION1,LNDALFHIBC1,2031,28.9398
REGION1,LNDALFHIBC1,2032,28.0094
REGION1,LNDALFHIBC1,2033,28.9418
REGION1,LNDALFHIBC1,2034,28.9398
REGION1,LNDALFHIBC1,2035,908.5768
REGION1,LNDALFHIBC1,2036,80.2238
REGION1,LNDALFHIBC1,2037,29.8722
REGION1,LNDALFHIBC1,2038,30.8066
REGION1,LNDALFHIBC1,2039,29.8742
REGION1,LNDALFHIBC1,2040,29.8722
REGION1,LNDALFHIBC1,2041,30.8077
REGION1,LNDALFHIBC1,2042,30.8066
REGION1,LNDALFHIBC1,2043,29.8722
REGION1,LNDALFHIBC1,2044,29.8742
REGION1,LNDALFHIBC1,2045,30.8066
REGION1,LNDALFHIBC1,2046,29.8722
REGION1,LNDALFHIBC1,2047,29.8742
REGION1,LNDALFHIBC1,2048,30.8066
REGION1,LNDALFHIBC1,2049,30.8046
REGION1,LNDALFHIBC1,2050,909.5092
REGION1,LNDALFLRBC1,2020,202.7528
REGION1,LNDALFLRBC1,2021,18.2764
REGION1,LNDALFLRBC1,2022,6.4556
REGION1,LNDALFLRBC1,2023,6.671
REGION1,LNDALFLRBC1,2024,6.671
REGION1,LNDBARBC1,2020,1.4984
REGION1,LNDBARBC1,2021,1.4984
REGION1,LNDBARBC1,2022,1.4984
REGION1,LNDBARBC1,2023,1.4984
REGION1,LNDBARBC1,2024,1.4984
REGION1,LNDBARBC1,2025,1.4984
REGION1,LNDBARBC1,2026,1.4984
REGION1,LNDBARBC1,2027,1.4984
REGION1,LNDBARBC1,2028,1.4984
REGION1,LNDBARBC1,2029,1.4984
REGION1,LNDBARBC1,2030,1.4984
REGION1,LNDBARBC1,2031,1.4984
REGION1,LNDBARBC1,2032,1.4984
REGION1,LNDBARBC1,2033,1.4991
REGION1,LNDBARBC1,2034,1.4984
REGION1,LNDBARBC1,2035,1.4984
REGION1,LNDBARBC1,2036,1.4984
REGION1,LNDBARBC1,2037,1.5013
REGION1,LNDBARBC1,2038,1.4984
REGION1,LNDBARBC1,2039,1.4984
REGION1,LNDBARBC1,2040,1.4984
REGION1,LNDBARBC1,2041,1.4984
REGION1,LNDBARBC1,2042,1.4984
REGION1,LNDBARBC1,2043,1.4984
REGION1,LNDBARBC1,2044,1.4984
REGION1,LNDBARBC1,2045,1.4984
REGION1,LNDBARBC1,2046,1.4984
REGION1,LNDBARBC1,2047,1.4984
REGION1,LNDBARBC1,2048,1.4984
REGION1,LNDBARBC1,2049,1.5057
REGION1,LNDBARBC1,2050,1.5107
REGION1,LNDBLTBC1,2020,0.1203
REGION1,LNDBLTBC1,2021,0.1207
REGION1,LNDBLTBC1,2022,0.1212
REGION1,LNDBLTBC1,2023,0.1216
REGION1,LNDBLTBC1,2024,0.1221
REGION1,LNDBLTBC1,2025,0.1255
REGION1,LNDBLTBC1,2026,0.1261
REGION1,LNDBLTBC1,2027,0.1266
REGION1,LNDBLTBC1,2028,0.1271
REGION1,LNDBLTBC1,2029,0.1276
REGION1,LNDBLTBC1,2030,0.1281
REGION1,LNDBLTBC1,2031,0.1291
REGION1,LNDBLTBC1,2032,0.1325
REGION1,LNDBLTBC1,2033,0.1364
REGION1,LNDBLTBC1,2034,0.1404
REGION1,LNDBLTBC1,2035,0.1443
REGION1,LNDBLTBC1,2036,0.1483
REGION1,LNDBLTBC1,2037,0.1606
REGION1,LNDBLTBC1,2038,0.1801
REGION1,LNDBLTBC1,2039,0.1802
REGION1,LNDBLTBC1,2040,0.1804
REGION1,LNDBLTBC1,2041,0.1805
REGION1,LNDBLTBC1,2042,0.1806
REGION1,LNDBLTBC1,2043,0.1808
REGION1,LNDBLTBC1,2044,0.1809
REGION1,LNDBLTBC1,2045,0.181
REGION1,LNDBLTBC1,2046,0.1844
REGION1,LNDBLTBC1,2047,0.1947
REGION1,LNDBLTBC1,2048,0.2136
REGION1,LNDBLTBC1,2049,0.2325
REGION1,LNDBLTBC1,2050,0.3346
REGION1,LNDBRLHRBC1,2029,1.5795
REGION1,LNDBRLHRBC1,2030,2.0226
REGION1,LNDBRLHRBC1,2031,1.8823
REGION1,LNDBRLHRBC1,2032,1.8805
REGION1,LNDBRLHRBC1,2033,1.8823
REGION1,LNDBRLHRBC1,2034,1.8816
REGION1,LNDBRLHRBC1,2035,1.8812
REGION1,LNDBRLHRBC1,2036,0.2828
REGION1,LNDBRLHRBC1,2037,0.2828
REGION1,LNDBRLHRBC1,2038,0.2828
REGION1,LNDBRLHRBC1,2039,0.4242
REGION1,LNDBRLHRBC1,2040,0.2828
REGION1,LNDBRLHRBC1,2041,0.2828
REGION1,LNDBRLHRBC1,2042,0.2828
REGION1,LNDBRLHRBC1,2043,0.2828
REGION1,LNDBRLHRBC1,2044,1.8623
REGION1,LNDBRLHRBC1,2045,2.3055
REGION1,LNDBRLHRBC1,2046,2.1652
REGION1,LNDBRLHRBC1,2047,2.1633
REGION1,LNDBRLHRBC1,2048,2.1652
REGION1,LNDBRLHRBC1,2049,2.1645
REGION1,LNDBRLHRBC1,2050,2.3055
REGION1,LNDFORBC1,2020,5.2368
REGION1,LNDFORBC1,2021,5.1837
REGION1,LNDFORBC1,2022,5.1838
REGION1,LNDFORBC1,2023,5.1732
REGION1,LNDFORBC1,2024,5.1664
REGION1,LNDFORBC1,2025,5.1629
REGION1,LNDFORBC1,2026,5.1604
REGION1,LNDFORBC1,2027,5.2821
REGION1,LNDFORBC1,2028,5.2782
REGION1,LNDFORBC1,2029,5.2759
REGION1,LNDFORBC1,2030,5.2741
REGION1,LNDFORBC1,2031,5.2705
REGION1,LNDFORBC1,2032,5.2709
REGION1,LNDFORBC1,2033,5.2687
REGION1,LNDFORBC1,2034,5.2685
REGION1,LNDFORBC1,2035,5.3962
REGION1,LNDFORBC1,2036,5.4028
REGION1,LNDFORBC1,2037,5.4039
REGION1,LNDFORBC1,2038,5.4058
REGION1,LNDFORBC1,2039,5.4133
REGION1,LNDFORBC1,2040,5.4115
REGION1,LNDFORBC1,2041,5.4087
REGION1,LNDFORBC1,2042,5.4015
REGION1,LNDFORBC1,2043,5.3989
REGION1,LNDFORBC1,2044,5.3965
REGION1,LNDFORBC1,2045,5.3986
REGION1,LNDFORBC1,2046,5.3903
REGION1,LNDFORBC1,2047,5.3838
REGION1,LNDFORBC1,2048,5.3732
REGION1,LNDFORBC1,2049,5.3626
REGION1,LNDFORBC1,2050,5.3211
REGION1,LNDGRSBC1,2020,1.6051
REGION1,LNDGRSBC1,2021,1.6051
REGION1,LNDGRSBC1,2022,1.6051
REGION1,LNDGRSBC1,2023,1.6051
REGION1,LNDGRSBC1,2024,1.6051
REGION1,LNDGRSBC1,2025,1.6051
REGION1,LNDGRSBC1,2026,1.6051
REGION1,LNDGRSBC1,2027,1.6051
REGION1,LNDGRSBC1,2028,1.6051
REGION1,LNDGRSBC1,2029,1.6051
REGION1,LNDGRSBC1,2030,1.6051
REGION1,LNDGRSBC1,2031,1.6051
REGION1,LNDGRSBC1,2032,1.6054
REGION1,LNDGRSBC1,2033,1.6051
REGION1,LNDGRSBC1,2034,1.6051
REGION1,LNDGRSBC1,2035,1.6051
REGION1,LNDGRSBC1,2036,1.6051
REGION1,LNDGRSBC1,2037,1.6051
REGION1,LNDGRSBC1,2038,1.6051
REGION1,LNDGRSBC1,2039,1.6051
REGION1,LNDGRSBC1,2040,1.6051
REGION1,LNDGRSBC1,2041,1.6051
REGION1,LNDGRSBC1,2042,1.6097
REGION1,LNDGRSBC1,2043,1.6051
REGION1,LNDGRSBC1,2044,1.6051
REGION1,LNDGRSBC1,2045,1.6051
REGION1,LNDGRSBC1,2046,1.6051
REGION1,LNDGRSBC1,2047,1.6051
REGION1,LNDGRSBC1,2048,1.6113
REGION1,LNDGRSBC1,2049,1.6051
REGION1,LNDGRSBC1,2050,1.6051
REGION1,LNDMAIHIBC1,2021,379.155
REGION1,LNDMAIHIBC1,2023,7.1157
REGION1,LNDMAIHIBC1,2024,15.5186
REGION1,LNDMAIHIBC1,2025,1.166
REGION1,LNDMAIHIBC1,2026,20.3033
REGION1,LNDMAIHIBC1,2027,565.8253
REGION1,LNDMAIHIBC1,2028,31.4679
REGION1,LNDMAIHIBC1,2029,20.3052
REGION1,LNDMAIHIBC1,2030,5.9485
REGION1,LNDMAIHIBC1,2031,21.4693
REGION1,LNDMAIHIBC1,2033,15.519
REGION1,LNDMAIHIBC1,2034,4.3554
REGION1,LNDMAIHIBC1,2035,13.9242
REGION1,LNDMAIHIBC1,2036,406.2682
REGION1,LNDMAIHIBC1,2037,20.7337
REGION1,LNDMAIHIBC1,2038,19.8749
REGION1,LNDMAIHIBC1,2039,17.1135
REGION1,LNDMAIHIBC1,2040,7.5456
REGION1,LNDMAIHIBC1,2041,36.2523
REGION1,LNDMAIHIBC1,2042,580.1794
REGION1,LNDMAIHIBC1,2043,45.8219
REGION1,LNDMAIHIBC1,2044,33.0644
REGION1,LNDMAIHIBC1,2045,18.7076
REGION1,LNDMAIHIBC1,2046,34.2285
REGION1,LNDMAIHIBC1,2047,12.7592
REGION1,LNDMAIHIBC1,2048,28.2782
REGION1,LNDMAIHIBC1,2049,15.5197
REGION1,LNDMAIHIBC1,2050,26.6833
REGION1,LNDMAILRBC1,2020,169.8134
REGION1,LNDOATHIBC1,2025,0.8451
REGION1,LNDOATHIBC1,2026,2.1751
REGION1,LNDOATHIBC1,2027,2.1736
REGION1,LNDOATHIBC1,2028,2.1744
REGION1,LNDOATHIBC1,2029,2.4503
REGION1,LNDOATHIBC1,2030,2.1747
REGION1,LNDOATHIBC1,2031,2.1744
REGION1,LNDOATHIBC1,2032,2.4491
REGION1,LNDOATHIBC1,2033,2.1759
REGION1,LNDOATHIBC1,2034,2.1721
REGION1,LNDOATHIBC1,2035,2.1759
REGION1,LNDOATHIBC1,2036,0.551
REGION1,LNDOATHIBC1,2037,0.2755
REGION1,LNDOATHIBC1,2038,0.2755
REGION1,LNDOATHIBC1,2039,0.551
REGION1,LNDOATHIBC1,2040,1.1205
REGION1,LNDOATHIBC1,2041,2.4506
REGION1,LNDOATHIBC1,2042,2.4491
REGION1,LNDOATHIBC1,2043,2.7254
REGION1,LNDOATHIBC1,2044,2.7257
REGION1,LNDOATHIBC1,2045,2.4502
REGION1,LNDOATHIBC1,2046,2.4499
REGION1,LNDOATHIBC1,2047,3.0
REGION1,LNDOATHIBC1,2048,2.4514
REGION1,LNDOATHIBC1,2049,2.4476
REGION1,LNDOATHIBC1,2050,2.7269
REGION1,LNDOTHIIBC1,2020,163.7328
REGION1,LNDOTHIIBC1,2021,30.5435
REGION1,LNDOTHIIBC1,2022,4.9759
REGION1,LNDOTHIIBC1,2023,4.9759
REGION1,LNDOTHIIBC1,2024,6.4798
REGION1,LNDOTHIIBC1,2025,2.72
REGION1,LNDOTHIIBC1,2026,5.7278
REGION1,LNDOTHIIBC1,2027,6.4798
REGION1,LNDOTHIIBC1,2028,7.9837
REGION1,LNDOTHIIBC1,2029,4.9759
REGION1,LNDOTHIIBC1,2030,8.7357
REGION1,LNDOTHIIBC1,2031,7.2327
REGION1,LNDOTHIIBC1,2032,2.72
REGION1,LNDOTHIIBC1,2033,6.4798
REGION1,LNDOTHIIBC1,2034,6.4798
REGION1,LNDOTHIIBC1,2035,170.2126
REGION1,LNDOTHIIBC1,2036,35.0553
REGION1,LNDOTHIIBC1,2037,8.7357
REGION1,LNDOTHIIBC1,2038,7.9837
REGION1,LNDOTHIIBC1,2039,10.2396
REGION1,LNDOTHIIBC1,2040,5.7278
REGION1,LNDOTHIIBC1,2041,9.4877
REGION1,LNDOTHIIBC1,2042,9.4877
REGION1,LNDOTHIIBC1,2043,12.4955
REGION1,LNDOTHIIBC1,2044,7.9837
REGION1,LNDOTHIIBC1,2045,12.4955
REGION1,LNDOTHIIBC1,2046,10.9925
REGION1,LNDOTHIIBC1,2047,5.7278
REGION1,LNDOTHIIBC1,2048,10.2396
REGION1,LNDOTHIIBC1,2049,10.2396
REGION1,LNDOTHIIBC1,2050,173.9724
REGION1,LNDPEAHIBC1,2025,1.5711
REGION1,LNDPEAHIBC1,2026,1.7421
REGION1,LNDPEAHIBC1,2027,2.1446
REGION1,LNDPEAHIBC1,2028,1.7431
REGION1,LNDPEAHIBC1,2029,2.1461
REGION1,LNDPEAHIBC1,2030,1.7413
REGION1,LNDPEAHIBC1,2031,1.7431
REGION1,LNDPEAHIBC1,2032,2.1449
REGION1,LNDPEAHIBC1,2033,1.7413
REGION1,LNDPEAHIBC1,2034,2.1464
REGION1,LNDPEAHIBC1,2035,1.7421
REGION1,LNDPEAHIBC1,2036,0.404
REGION1,LNDPEAHIBC1,2037,0.8081
REGION1,LNDPEAHIBC1,2038,0.404
REGION1,LNDPEAHIBC1,2039,0.8081
REGION1,LNDPEAHIBC1,2040,1.9751
REGION1,LNDPEAHIBC1,2041,2.1461
REGION1,LNDPEAHIBC1,2042,2.9526
REGION1,LNDPEAHIBC1,2043,2.1472
REGION1,LNDPEAHIBC1,2044,2.9542
REGION1,LNDPEAHIBC1,2045,2.1453
REGION1,LNDPEAHIBC1,2046,2.1472
REGION1,LNDPEAHIBC1,2047,2.953
REGION1,LNDPEAHIBC1,2048,2.1454
REGION1,LNDPEAHIBC1,2049,2.9544
REGION1,LNDPEAHIBC1,2050,2.1461
REGION1,LNDPTWHIBC1,2035,0.0191
REGION1,LNDPTWHIBC1,2037,0.0013
REGION1,LNDPTWHIBC1,2040,0.0013
REGION1,LNDPTWHIBC1,2044,0.0013
REGION1,LNDPTWHIBC1,2047,0.0013
REGION1,LNDPTWHIBC1,2050,0.0204
REGION1,LNDRAPHIBC1,2025,2.3273
REGION1,LNDRAPHIBC1,2026,3.3376
REGION1,LNDRAPHIBC1,2027,3.3384
REGION1,LNDRAPHIBC1,2028,3.01
REGION1,LNDRAPHIBC1,2029,3.3384
REGION1,LNDRAPHIBC1,2030,3.3376
REGION1,LNDRAPHIBC1,2031,3.0112
REGION1,LNDRAPHIBC1,2032,3.3379
REGION1,LNDRAPHIBC1,2033,3.3388
REGION1,LNDRAPHIBC1,2034,3.0096
REGION1,LNDRAPHIBC1,2035,3.3388
REGION1,LNDRAPHIBC1,2036,0.6552
REGION1,LNDRAPHIBC1,2037,0.3276
REGION1,LNDRAPHIBC1,2038,0.6552
REGION1,LNDRAPHIBC1,2039,0.3276
REGION1,LNDRAPHIBC1,2040,2.9825
REGION1,LNDRAPHIBC1,2041,3.9928
REGION1,LNDRAPHIBC1,2042,3.666
REGION1,LNDRAPHIBC1,2043,3.6652
REGION1,LNDRAPHIBC1,2044,3.9936
REGION1,LNDRAPHIBC1,2045,3.6652
REGION1,LNDRAPHIBC1,2046,3.6664
REGION1,LNDRAPHIBC1,2047,3.9931
REGION1,LNDRAPHIBC1,2048,3.6664
REGION1,LNDRAPHIBC1,2049,3.6648
REGION1,LNDRAPHIBC1,2050,3.994
REGION1,LNDRYEHRBC1,2031,0.0147
REGION1,LNDRYEHRBC1,2032,0.1318
REGION1,LNDRYEHRBC1,2033,0.1325
REGION1,LNDRYEHRBC1,2034,0.1314
REGION1,LNDRYEHRBC1,2035,0.1082
REGION1,LNDRYEHRBC1,2047,0.1229
REGION1,LNDRYEHRBC1,2048,0.1325
REGION1,LNDRYEHRBC1,2049,0.1314
REGION1,LNDRYEHRBC1,2050,0.1082
REGION1,LNDRYELRBC1,2035,0.0072
REGION1,LNDWATBC1,2020,0.4348
REGION1,LNDWATBC1,2021,0.4348
REGION1,LNDWATBC1,2022,0.4348
REGION1,LNDWATBC1,2023,0.4348
REGION1,LNDWATBC1,2024,0.4348
REGION1,LNDWATBC1,2025,0.4348
REGION1,LNDWATBC1,2026,0.4348
REGION1,LNDWATBC1,2027,0.4348
REGION1,LNDWATBC1,2028,0.4348
REGION1,LNDWATBC1,2029,0.4348
REGION1,LNDWATBC1,2030,0.4348
REGION1,LNDWATBC1,2031,0.4348
REGION1,LNDWATBC1,2032,0.4348
REGION1,LNDWATBC1,2033,0.4348
REGION1,LNDWATBC1,2034,0.4348
REGION1,LNDWATBC1,2035,0.4348
REGION1,LNDWATBC1,2036,0.4365
REGION1,LNDWATBC1,2037,0.4348
REGION1,LNDWATBC1,2038,0.4396
REGION1,LNDWATBC1,2039,0.4348
REGION1,LNDWATBC1,2040,0.4348
REGION1,LNDWATBC1,2041,0.4348
REGION1,LNDWATBC1,2042,0.4348
REGION1,LNDWATBC1,2043,0.4394
REGION1,LNDWATBC1,2044,0.4393
REGION1,LNDWATBC1,2045,0.4348
REGION1,LNDWATBC1,2046,0.4394
REGION1,LNDWATBC1,2047,0.44
REGION1,LNDWATBC1,2048,0.4348
REGION1,LNDWATBC1,2049,0.4348
REGION1,LNDWATBC1,2050,0.4348
REGION1,LNDWHEHRBC1,2031,0.3309
REGION1,LNDWHEHRBC1,2032,3.1355
REGION1,LNDWHEHRBC1,2033,3.1336
REGION1,LNDWHEHRBC1,2034,2.9929
REGION1,LNDWHEHRBC1,2035,3.1343
REGION1,LNDWHEHRBC1,2036,0.1414
REGION1,LNDWHEHRBC1,2037,0.1414
REGION1,LNDWHEHRBC1,2038,0.1414
REGION1,LNDWHEHRBC1,2039,0.1414
REGION1,LNDWHEHRBC1,2040,0.1414
REGION1,LNDWHEHRBC1,2041,0.1414
REGION1,LNDWHEHRBC1,2042,0.1414
REGION1,LNDWHEHRBC1,2044,0.1414
REGION1,LNDWHEHRBC1,2045,0.1414
REGION1,LNDWHEHRBC1,2046,0.4723
REGION1,LNDWHEHRBC1,2047,3.2769
REGION1,LNDWHEHRBC1,2048,3.275
REGION1,LNDWHEHRBC1,2049,3.1343
REGION1,LNDWHEHRBC1,2050,3.2757
REGION1,MINLNDBC1,2020,9.3434
REGION1,MINLNDBC1,2021,9.3434
REGION1,MINLNDBC1,2022,9.3434
REGION1,MINLNDBC1,2023,9.3434
REGION1,MINLNDBC1,2024,9.3434
REGION1,MINLNDBC1,2025,9.3434
REGION1,MINLNDBC1,2026,9.3434
REGION1,MINLNDBC1,2027,9.3434
REGION1,MINLNDBC1,2028,9.3434
REGION1,MINLNDBC1,2029,9.3434
REGION1,MINLNDBC1,2030,9.3434
REGION1,MINLNDBC1,2031,9.3434
REGION1,MINLNDBC1,2032,9.3434
REGION1,MINLNDBC1,2033,9.3434
REGION1,MINLNDBC1,2034,9.3434
REGION1,MINLNDBC1,2035,9.3434
REGION1,MINLNDBC1,2036,9.3434
REGION1,MINLNDBC1,2037,9.3434
REGION1,MINLNDBC1,2038,9.3434
REGION1,MINLNDBC1,2039,9.3434
REGION1,MINLNDBC1,2040,9.3434
REGION1,MINLNDBC1,2041,9.3434
REGION1,MINLNDBC1,2042,9.3434
REGION1,MINLNDBC1,2043,9.3434
REGION1,MINLNDBC1,2044,9.3434
REGION1,MINLNDBC1,2045,9.3434
REGION1,MINLNDBC1,2046,9.3434
REGION1,MINLNDBC1,2047,9.3434
REGION1,MINLNDBC1,2048,9.3434
REGION1,MINLNDBC1,2049,9.3434
REGION1,MINLNDBC1,2050,9.3434
REGION1,MINNGS,2020,3.9664
REGION1,MINNGS,2024,0.2573
REGION1,MINNGS,2025,0.0299
REGION1,MINNGS,2026,0.2542
REGION1,MINNGS,2027,0.0092
REGION1,MINNGS,2030,0.0014
REGION1,MINPRCBC1,2020,7.0341
REGION1,MINPRCBC1,2021,7.112
REGION1,MINPRCBC1,2022,7.1116
REGION1,MINPRCBC1,2023,7.1269
REGION1,MINPRCBC1,2024,7.1366
REGION1,MINPRCBC1,2025,7.1371
REGION1,MINPRCBC1,2026,7.1405
REGION1,MINPRCBC1,2027,6.9613
REGION1,MINPRCBC1,2028,6.9666
REGION1,MINPRCBC1,2029,6.9697
REGION1,MINPRCBC1,2030,6.972
REGION1,MINPRCBC1,2031,6.9769
REGION1,MINPRCBC1,2032,6.9761
REGION1,MINPRCBC1,2033,6.9791
REGION1,MINPRCBC1,2034,6.9806
REGION1,MINPRCBC1,2035,6.7931
REGION1,MINPRCBC1,2036,6.7811
REGION1,MINPRCBC1,2037,6.7793
REGION1,MINPRCBC1,2038,6.7762
REGION1,MINPRCBC1,2039,6.7719
REGION1,MINPRCBC1,2040,6.7742
REGION1,MINPRCBC1,2041,6.778
REGION1,MINPRCBC1,2042,6.7814
REGION1,MINPRCBC1,2043,6.7849
REGION1,MINPRCBC1,2044,6.7882
REGION1,MINPRCBC1,2045,6.7915
REGION1,MINPRCBC1,2046,6.7947
REGION1,MINPRCBC1,2047,6.798
REGION1,MINPRCBC1,2048,6.8014
REGION1,MINPRCBC1,2049,6.8046
REGION1,MINPRCBC1,2050,6.8079
REGION1,MINURN,2031,1.0655
REGION1,MINURN,2032,1.7072
REGION1,MINURN,2033,1.644
REGION1,MINURN,2034,1.6362
REGION1,MINURN,2035,1.6585
REGION1,MINURN,2036,1.6355
REGION1,MINURN,2037,1.6782
REGION1,MINURN,2038,1.691
REGION1,MINURN,2039,1.6205
REGION1,MINURN,2040,1.5778
REGION1,MINURN,2041,1.5776
REGION1,MINURN,2042,1.5771
REGION1,MINURN,2043,1.6586
REGION1,MINURN,2044,1.5771
REGION1,MINURN,2045,1.586
REGION1,MINURN,2046,1.4128
REGION1,MINURN,2047,1.0581
REGION1,PWRBIOB06,2050,3400.9793
REGION1,PWRGEOB01,2026,1008.4
REGION1,PWRGEOB02,2026,758.2163
REGION1,PWRGEOB02,2027,2381.8949
REGION1,PWRGEOB02,2028,2295.3555
REGION1,PWRGEOB02,2029,2262.3881
REGION1,PWRGEOB02,2030,2618.8481
REGION1,PWRGEOB02,2031,2792.497
REGION1,PWRHYDB13,2025,5847.6
REGION1,PWRHYDB13,2046,2526.8566
REGION1,PWRHYDB13,2047,7910.9563
REGION1,PWRHYDB13,2048,13859.444
REGION1,PWRHYDB13,2049,13862.509
REGION1,PWRHYDB13,2050,19784.635
REGION1,PWRNGSB01,2032,774.9274
REGION1,PWRNGSB01,2033,1084.7596
REGION1,PWRNGSB01,2034,1085.4794
REGION1,PWRNGSB01,2035,1721.073
REGION1,PWRNGSB01,2036,1084.9995
REGION1,PWRNGSB01,2037,1029.4189
REGION1,PWRNGSB01,2038,1013.5274
REGION1,PWRNGSB01,2039,1104.5365
REGION1,PWRNGSB01,2040,1161.6368
REGION1,PWRNGSB01,2041,1109.5151
REGION1,PWRNGSB01,2042,1158.2908
REGION1,PWRNGSB01,2043,1052.173
REGION1,PWRNGSB01,2044,1158.2908
REGION1,PWRNGSB01,2045,1146.6397
REGION1,PWRNGSB01,2046,789.4249
REGION1,PWRSOLB01,2048,4919.3925
REGION1,PWRSOLB01,2049,4920.4804
REGION1,PWRTRNB01,2020,0.1071
REGION1,PWRTRNB01,2021,0.1088
REGION1,PWRTRNB01,2022,0.1103
REGION1,PWRTRNB01,2023,0.1121
REGION1,PWRTRNB01,2024,0.1192
REGION1,PWRTRNB01,2025,0.1216
REGION1,PWRTRNB01,2026,0.1284
REGION1,PWRTRNB01,2027,0.1337
REGION1,PWRTRNB01,2028,0.1388
REGION1,PWRTRNB01,2029,0.1439
REGION1,PWRTRNB01,2030,0.1497
REGION1,PWRTRNB01,2031,0.1704
REGION1,PWRTRNB01,2032,0.1911
REGION1,PWRTRNB01,2033,0.2118
REGION1,PWRTRNB01,2034,0.2326
REGION1,PWRTRNB01,2035,0.2533
REGION1,PWRTRNB01,2036,0.274
REGION1,PWRTRNB01,2037,0.2947
REGION1,PWRTRNB01,2038,0.3154
REGION1,PWRTRNB01,2039,0.3361
REGION1,PWRTRNB01,2040,0.3568
REGION1,PWRTRNB01,2041,0.3776
REGION1,PWRTRNB01,2042,0.3983
REGION1,PWRTRNB01,2043,0.419
REGION1,PWRTRNB01,2044,0.4397
REGION1,PWRTRNB01,2045,0.4604
REGION1,PWRTRNB01,2046,0.4811
REGION1,PWRTRNB01,2047,0.5019
REGION1,PWRTRNB01,2048,0.5226
REGION1,PWRTRNB01,2049,0.5433
REGION1,PWRTRNB01,2050,0.564
REGION1,PWRURNB01,2031,7315.6734
REGION1,PWRURNB01,2032,10445.606
REGION1,PWRURNB01,2033,10440.987
REGION1,PWRURNB01,2034,10447.916
REGION1,PWRURNB01,2035,10589.995
REGION1,PWRURNB01,2036,10443.297
REGION1,PWRURNB01,2037,10715.831
REGION1,PWRURNB01,2038,10797.24
REGION1,PWRURNB01,2039,10347.499
REGION1,PWRURNB01,2040,10074.485
REGION1,PWRURNB01,2041,10073.397
REGION1,PWRURNB01,2042,10070.031
REGION1,PWRURNB01,2043,10590.37
REGION1,PWRURNB01,2044,10070.031
REGION1,PWRURNB01,2045,10127.161
REGION1,PWRURNB01,2046,9021.1919
REGION1,PWRURNB01,2047,6756.2637
REGION1,PWRWNDB09,2020,5464.3032
REGION1,PWRWNDB09,2021,563.7155
REGION1,PWRWNDB09,2022,546.4429
REGION1,PWRWNDB09,2023,591.9798
REGION1,PWRWNDB09,2024,1311.8164
REGION1,PWRWNDB09,2026,242.1421
REGION1,PWRWNDB09,2045,5464.3032
REGION1,PWRWNDB09,2046,563.7155
REGION1,PWRWNDB09,2047,546.4429
REGION1,PWRWNDB09,2048,591.9798
REGION1,PWRWNDB09,2049,1311.8164
REGION1,RNWBIO,2020,2.3573
REGION1,RNWBIO,2021,2.3635
REGION1,RNWBIO,2022,2.3673
REGION1,RNWBIO,2023,2.3741
REGION1,RNWBIO,2024,2.3827
REGION1,RNWBIO,2025,2.3785
REGION1,RNWBIO,2026,2.3616
REGION1,RNWBIO,2027,2.3458
REGION1,RNWBIO,2028,2.3297
REGION1,RNWBIO,2029,2.3089
REGION1,RNWBIO,2030,2.2865
REGION1,RNWBIO,2031,2.1907
REGION1,RNWBIO,2032,2.095
REGION1,RNWBIO,2033,1.9994
REGION1,RNWBIO,2034,1.9036
REGION1,RNWBIO,2035,1.808
REGION1,RNWBIO,2036,1.7124
REGION1,RNWBIO,2037,1.6167
REGION1,RNWBIO,2038,1.521
REGION1,RNWBIO,2039,1.4251
REGION1,RNWBIO,2040,1.3296
REGION1,RNWBIO,2041,1.2339
REGION1,RNWBIO,2042,1.1381
REGION1,RNWBIO,2043,1.0425
REGION1,RNWBIO,2044,0.9468
REGION1,RNWBIO,2045,0.8511
REGION1,RNWBIO,2046,0.7554
REGION1,RNWBIO,2047,0.6598
REGION1,RNWBIO,2048,0.6471
REGION1,RNWBIO,2049,0.6471
REGION1,RNWBIO,2050,1.3932
REGION1,RNWGEO,2026,1.0072
REGION1,RNWGEO,2027,1.8717
REGION1,RNWGEO,2028,2.7048
REGION1,RNWGEO,2029,3.526
REGION1,RNWGEO,2030,4.4765
REGION1,RNWGEO,2031,5.49
REGION1,RNWGEO,2032,5.49
REGION1,RNWGEO,2033,5.49
REGION1,RNWGEO,2034,5.49
REGION1,RNWGEO,2035,5.49
REGION1,RNWGEO,2036,5.49
REGION1,RNWGEO,2037,5.49
REGION1,RNWGEO,2038,6.1439
REGION1,RNWGEO,2039,6.3104
REGION1,RNWGEO,2040,6.3104
REGION1,RNWGEO,2041,6.3104
REGION1,RNWGEO,2042,6.3104
REGION1,RNWGEO,2043,6.3104
REGION1,RNWGEO,2044,6.3104
REGION1,RNWGEO,2045,6.3104
REGION1,RNWGEO,2046,6.3104
REGION1,RNWGEO,2047,6.3104
REGION1,RNWGEO,2048,6.3104
REGION1,RNWGEO,2049,6.3104
REGION1,RNWGEO,2050,6.3104
REGION1,RNWHYD,2020,3.4025
REGION1,RNWHYD,2021,3.4297
REGION1,RNWHYD,2022,3.4571
REGION1,RNWHYD,2023,3.491
REGION1,RNWHYD,2024,3.6092
REGION1,RNWHYD,2025,3.8143
REGION1,RNWHYD,2026,3.9093
REGION1,RNWHYD,2027,3.979
REGION1,RNWHYD,2028,4.0461
REGION1,RNWHYD,2029,4.1123
REGION1,RNWHYD,2030,4.1889
REGION1,RNWHYD,2031,4.4641
REGION1,RNWHYD,2032,4.6717
REGION1,RNWHYD,2033,4.9689
REGION1,RNWHYD,2034,5.2748
REGION1,RNWHYD,2035,5.5779
REGION1,RNWHYD,2036,5.8837
REGION1,RNWHYD,2037,6.1318
REGION1,RNWHYD,2038,6.1634
REGION1,RNWHYD,2039,6.1634
REGION1,RNWHYD,2040,6.1634
REGION1,RNWHYD,2041,6.1634
REGION1,RNWHYD,2042,6.1634
REGION1,RNWHYD,2043,6.1634
REGION1,RNWHYD,2044,6.1634
REGION1,RNWHYD,2045,6.1634
REGION1,RNWHYD,2046,6.3507
REGION1,RNWHYD,2047,6.9374
REGION1,RNWHYD,2048,7.9651
REGION1,RNWHYD,2049,8.993
REGION1,RNWHYD,2050,10.4601
REGION1,RNWSOL,2020,0.0004
REGION1,RNWSOL,2021,0.0004
REGION1,RNWSOL,2022,0.0004
REGION1,RNWSOL,2023,0.0004
REGION1,RNWSOL,2024,0.0004
REGION1,RNWSOL,2025,0.0004
REGION1,RNWSOL,2026,0.0004
REGION1,RNWSOL,2027,0.0004
REGION1,RNWSOL,2028,0.0004
REGION1,RNWSOL,2029,0.0004
REGION1,RNWSOL,2030,0.0004
REGION1,RNWSOL,2031,0.0004
REGION1,RNWSOL,2032,0.0004
REGION1,RNWSOL,2033,0.0004
REGION1,RNWSOL,2034,0.0004
REGION1,RNWSOL,2035,0.0004
REGION1,RNWSOL,2036,0.0004
REGION1,RNWSOL,2037,0.0004
REGION1,RNWSOL,2038,0.0004
REGION1,RNWSOL,2039,0.0004
REGION1,RNWSOL,2040,0.0004
REGION1,RNWSOL,2048,1.5086
REGION1,RNWSOL,2049,3.0175
REGION1,RNWSOL,2050,3.0175
REGION1,RNWWND,2020,2.0801
REGION1,RNWWND,2021,2.2651
REGION1,RNWWND,2022,2.4444
REGION1,RNWWND,2023,2.6387
REGION1,RNWWND,2024,3.0691
REGION1,RNWWND,2025,3.0691
REGION1,RNWWND,2026,3.1486
REGION1,RNWWND,2027,3.1486
REGION1,RNWWND,2028,3.1486
REGION1,RNWWND,2029,3.1486
REGION1,RNWWND,2030,3.1486
REGION1,RNWWND,2031,3.1486
REGION1,RNWWND,2032,3.1486
REGION1,RNWWND,2033,3.1486
REGION1,RNWWND,2034,3.1486
REGION1,RNWWND,2035,3.1242
REGION1,RNWWND,2036,3.1242
REGION1,RNWWND,2037,3.0785
REGION1,RNWWND,2038,3.0188
REGION1,RNWWND,2039,2.9631
REGION1,RNWWND,2040,2.9631
REGION1,RNWWND,2041,2.9631
REGION1,RNWWND,2042,2.9631
REGION1,RNWWND,2043,2.871
REGION1,RNWWND,2044,2.871
REGION1,RNWWND,2045,2.8614
REGION1,RNWWND,2046,2.8614
REGION1,RNWWND,2047,2.8614
REGION1,RNWWND,2048,2.8614
REGION1,RNWWND,2049,2.8614
REGION1,RNWWND,2050,2.8614
